/out6 (G=1) X,/out6 (G=1) Y,/out6 (G=3) X,/out6 (G=3) Y,/out6 (G=5) X,/out6 (G=5) Y,/out6 (G=7) X,/out6 (G=7) Y,/out6 (G=9) X,/out6 (G=9) Y
0,0.0004606369574378108,0,0.0004606369574378108,0,0.0004606369574378108,0,0.0004606369574378108,0,0.0004606369574378108
5e-11,0.0004673906814043464,5e-11,0.0004808981293374178,5e-11,0.0004944055772704893,5e-11,0.0005079130252035606,5e-11,0.0005214204731366321
1.5e-10,0.0004808981293449214,1.5e-10,0.0005214204731985929,1.5e-10,0.0005619428170924857,1.5e-10,0.0006024651610117448,1.5e-10,0.0006429875049415152
3.5e-10,0.0005079130252421665,3.5e-10,0.0006024651610117448,3.5e-10,0.0006970172968385511,3.5e-10,0.0007915694325338715,3.476688263063032e-10,0.0008832876292639853
5e-10,0.0005281741971785164,5e-10,0.0006632486769056999,5e-10,0.0007983231565020912,5e-10,0.0009333976354175044,5e-10,0.001068472113101754
8.000000000000001e-10,0.0004867674120379719,8.000000000000001e-10,0.0005388137322668185,8.000000000000001e-10,0.0005905741155309938,8.000000000000001e-10,0.0006420484804526105,8.046623473873937e-10,0.0006863368596578999
1.4e-09,0.0003969222342042311,1.4e-09,0.00026776851983677,1.4e-09,0.0001333163624500336,1.355664234514225e-09,3.943257896694974e-05,1.319355380935609e-09,-4.101475819535743e-05
1.75e-09,0.0003501088287333737,1.75e-09,0.0001238778300625434,1.75e-09,-0.0001097673975883771,1.996930545709297e-09,-0.0005771114539443107,1.905575897238306e-09,-0.0007915078743981454
1.925e-09,0.0003272259457096672,1.925e-09,5.340523434042916e-05,1.925e-09,-0.0002289897998961711,2.033307729522345e-09,-9.420765590405743e-06,2.002787948619153e-09,-0.0008375117945982942
2.0125e-09,0.0003494361491853785,2.0125e-09,0.0001188276190010976,2.0125e-09,-0.0001212422770283535,2.106062097148442e-09,0.001350880035406643,2.038231853415073e-09,-5.909160101255629e-05
2.057401315789474e-09,0.0004596067032706068,2.057401315789474e-09,0.0004487192425182206,2.057401315789474e-09,0.0004279151234636547,2.154790141159043e-09,0.003106640726775513,2.086294053075947e-09,0.000996450827664598
2.128700657894737e-09,0.0007120823777049339,2.128700657894737e-09,0.001205161400497247,2.128700657894737e-09,0.001687599852542661,2.177395070579522e-09,0.003921134999252216,2.125000677593088e-09,0.002454372613109074
2.2e-09,0.001079637930327328,2.2e-09,0.002306842498275246,2.2e-09,0.003522680421303376,2.2e-09,0.004735629384194346,2.162500338796544e-09,0.004189673186959391
2.20325e-09,0.001184190418558151,2.20325e-09,0.00262045464990959,2.20325e-09,0.004045317923884578,2.20325e-09,0.005467315559971309,2.181250169398272e-09,0.005057320978829692
2.20975e-09,0.001393295382850213,2.20975e-09,0.003247678601163703,2.20975e-09,0.005090591276216869,2.20975e-09,0.006930683888976887,2.2e-09,0.005924966711349769
2.22275e-09,0.001811505272377654,2.22275e-09,0.004502125369731781,2.22275e-09,0.007181132655105583,2.22275e-09,0.009857404941653027,2.20325e-09,0.006865534282351183
2.24757537991807e-09,0.002610137313229228,2.239720676338011e-09,0.006139722839398972,2.236868645966545e-09,0.009451552907935964,2.23518539648257e-09,0.0126569900130561,2.20975e-09,0.008746659563378214
2.283423101909489e-09,0.003763732484787682,2.26257607633343e-09,0.008345601860539193,2.255303134816089e-09,0.0124162328791027,2.250915557462371e-09,0.01619828377559712,2.221215122139049e-09,0.01206468312783083
2.298537283984836e-09,0.00425012454173961,2.30670164015829e-09,0.01282226859691107,2.289560282993159e-09,0.0179266174094369,2.27945274941514e-09,0.02262263900187262,2.232408755189788e-09,0.01530409547575441
2.307532854777073e-09,0.004621011950564708,2.318167405914038e-09,0.01430072949483219,2.302755142485472e-09,0.02019787306550493,2.300430321964175e-09,0.02737754651764087,2.245503073982402e-09,0.01909349889885486
2.318020563269597e-09,0.005071847823726835,2.333650118801914e-09,0.0162971457645023,2.315923469953392e-09,0.02302741559599687,2.308837375248248e-09,0.02990589855698134,2.269348625731089e-09,0.02599401880905243
2.338995980254644e-09,0.005973518860218705,2.364615544577666e-09,0.02028992860926972,2.32849089054417e-09,0.0257277944437009,2.318501888686635e-09,0.0328123572561806,2.302965623905082e-09,0.03601000501612572
2.373876307003587e-09,0.007472918218084473,2.39682227089195e-09,0.02444268536046371,2.352610153368212e-09,0.03091019686780941,2.337830915563409e-09,0.038625060921569,2.312635615563881e-09,0.03974824424709607
2.391316470378059e-09,0.008222616518316945,2.401540373846572e-09,0.02490123739876552,2.376351242196643e-09,0.03601114405917689,2.352569022777147e-09,0.04305694563770839,2.325932269967607e-09,0.04488824152593805
2.400036552065294e-09,0.008596280336474941,2.406479262725876e-09,0.02505776444408352,2.396368949842917e-09,0.04031191766367805,2.382045237204623e-09,0.0519200681915534,2.34148728973507e-09,0.05090085899781123
2.402762021973308e-09,0.008625086444677509,2.410410554428407e-09,0.0251823575624651,2.400619208059855e-09,0.04112471201143752,2.39893667287518e-09,0.0569986675835315,2.356384322725902e-09,0.05665870589179616
2.406569176105332e-09,0.008665325076887479,2.418273137833469e-09,0.02543154384612842,2.40399079305942e-09,0.04130269146092906,2.40315953179282e-09,0.05755159957133241,2.386178388707568e-09,0.06817296236901477
2.41418348436938e-09,0.008745802376770227,2.427808220244348e-09,0.02572900160415851,2.407362378058986e-09,0.04148067021835769,2.411605249628098e-09,0.05817505571077783,2.400145654967068e-09,0.073527565902905
2.425975194266259e-09,0.008869898066759897,2.446878385066104e-09,0.02630123583233418,2.414105548058116e-09,0.0418366263778339,2.419056421351919e-09,0.05872510301474519,2.40289408459531e-09,0.07378821547246442
2.449093333371084e-09,0.009101593005704752,2.480599210742435e-09,0.02731308297398586,2.420504682645596e-09,0.04217442167681313,2.427441911024089e-09,0.05934409995074505,2.408390943851794e-09,0.0743066982235545
2.493767213082106e-09,0.009549323768715043,2.506365401701498e-09,0.02798306703462727,2.433302951820554e-09,0.04282638264303849,2.441452078041176e-09,0.06037830731046444,2.415845280892949e-09,0.07500620669999818
2.512956195066963e-09,0.009670261285486838,2.543986315493194e-09,0.02821466428239005,2.454477641437214e-09,0.04388387804823232,2.463439094224407e-09,0.0620012977098204,2.422385315061279e-09,0.07561990863146954
2.551334159036677e-09,0.009731701341096643,2.564831106673071e-09,0.02822679047703456,2.485748430795297e-09,0.04544555976001524,2.497336424932337e-09,0.06449338660351897,2.434425485133568e-09,0.07674971438479548
2.575667079518339e-09,0.009704464997990806,2.6e-09,0.02798783763854013,2.509038464525142e-09,0.04636455251053439,2.515766757731447e-09,0.06480315853790539,2.45263005112848e-09,0.07845791314448894
2.6e-09,0.009655242443031474,2.608125e-09,0.02766926710252733,2.555618531984832e-09,0.04675888527314991,2.537165130459423e-09,0.06499229101261507,2.478207889992074e-09,0.08085787353067543
2.608125e-09,0.0095510092155087,2.624375e-09,0.02703212516129698,2.576016851309138e-09,0.04654191830195487,2.579961875915373e-09,0.0648827735256463,2.514426985507594e-09,0.08324867476085614
2.61894430682722e-09,0.0094122114921467,2.656875000000001e-09,0.02546249304431723,2.588008425654569e-09,0.04639375933564098,2.6e-09,0.06483147337800657,2.560307523853544e-09,0.08352759118118713
2.64058292048166e-09,0.009095994650093269,2.698539265614347e-09,0.02339212856537808,2.6e-09,0.04624560209107296,2.608125e-09,0.06412468615724272,2.580153761926772e-09,0.08337377481523119
2.68386014779054e-09,0.008400137984961557,2.7e-09,0.02331954216686533,2.608125e-09,0.04570636049180737,2.617512708028209e-09,0.06306436776609835,2.6e-09,0.08295199484296084
2.7e-09,0.008140624511713624,2.702921468771306e-09,0.02294889868900231,2.61625e-09,0.04516711739990171,2.636288124084626e-09,0.06094373820918545,2.608125e-09,0.08194080107491172
2.705416666666667e-09,0.007896769466661407,2.705629802104639e-09,0.02252655529154686,2.632500000000001e-09,0.04401635978485953,2.66391183879915e-09,0.05762308387368721,2.617448746024409e-09,0.08078039777282978
2.712602172958709e-09,0.00747252018638051,2.711046468771305e-09,0.02157590478768185,2.661743274446965e-09,0.04151924349792208,2.697830491067811e-09,0.05310655665048893,2.635887243241546e-09,0.07807289197553398
2.726973185542794e-09,0.006394598893291419,2.721879802104638e-09,0.01913927756999208,2.69763383573374e-09,0.03845450935434318,2.7e-09,0.05282022280357335,2.669629103077439e-09,0.07252356960274052
2.755715210710964e-09,0.00390197912483526,2.736139515220812e-09,0.01535094948575873,2.7e-09,0.03825245915473689,2.704339017864379e-09,0.0513979921271629,2.7e-09,0.06721653553803467
2.80335985857972e-09,-0.0005728389644738338,2.762313563219661e-09,0.007750318696881625,2.704732328532521e-09,0.03713376666471513,2.708678035728758e-09,0.04968171234290358,2.705416666666667e-09,0.06476139230387942
2.815902826797319e-09,-0.001841563814174511,2.804355910526927e-09,-0.006096541729406434,2.709464657065043e-09,0.03582260905485866,2.715815773712563e-09,0.04575948932801756,2.71625e-09,0.05750807373979989
2.834545458107393e-09,-0.003941460038002343,2.817807420962412e-09,-0.01079118405899921,2.717925083353761e-09,0.0325193074356957,2.730091249680172e-09,0.03663891655642983,2.735087010627826e-09,0.04062857477207987
2.871830720727542e-09,-0.008408440009015672,2.83442686890569e-09,-0.01755863061090044,2.734845935931198e-09,0.02489401225459883,2.744814903356704e-09,0.02570382831961053,2.752865177277434e-09,0.02165516309759527
2.928900396018842e-09,-0.01437504297426504,2.867665764792246e-09,-0.03240017801795994,2.752244437273624e-09,0.01595064791848389,2.772835792366382e-09,0.002307341069565002,2.777936442353395e-09,-0.008220692167586072
3.005162489791029e-09,-0.01829072204664045,2.902782894020154e-09,-0.04928346147150154,2.78624902881657e-09,-0.003503981374628164,2.812711312080049e-09,-0.03574367139707797,2.803738445492374e-09,-0.0416685128291245
3.023622200857923e-09,-0.01890863771654826,2.942733968404711e-09,-0.06033863850365357,2.811786786675426e-09,-0.01977951060343768,2.856621520220864e-09,-0.09191036329986356,2.819036752883022e-09,-0.06492390958445234
3.053434722997467e-09,-0.01978788737547637,2.979197679252683e-09,-0.06762626145340624,2.854316517345615e-09,-0.05414754721627999,2.877826647501876e-09,-0.1221040855755449,2.831025981472079e-09,-0.08535102699941535
3.1e-09,-0.02096489147623269,3.012360928039551e-09,-0.07311078721905739,2.878523649518223e-09,-0.07622297599722995,2.917136023373071e-09,-0.1736552113387647,2.855004438650192e-09,-0.1291915077694663
3.193130554005065e-09,-0.02092371840129303,3.056180464019776e-09,-0.07818941733803639,2.920166908615167e-09,-0.1108851375306238,2.951453526976198e-09,-0.1960737218343789,2.878483697756912e-09,-0.1744162094525541
3.217799340124748e-09,-0.0203436718217937,3.080412777380959e-09,-0.08052600033344205,2.959548478748673e-09,-0.1276172201987349,2.979112967351932e-09,-0.2110597945801214,2.912212494478038e-09,-0.233703125433888
3.267136912364114e-09,-0.01792722341719677,3.1e-09,-0.08241800556679278,2.994717987917051e-09,-0.1403261030545954,3.007305053169192e-09,-0.2244566366397173,2.941697335828614e-09,-0.2578174976085128
3.316474484603479e-09,-0.01537485974026625,3.139174445238083e-09,-0.08288950024558145,3.013834742690995e-09,-0.1459011028551148,3.052321359378317e-09,-0.2377919458505958,2.964264317490906e-09,-0.2716334758345686
3.396372335036859e-09,-0.01239174536564122,3.183028287954097e-09,-0.08168874789227401,3.052068252238882e-09,-0.1544630940059097,3.079032215298607e-09,-0.244489455079833,2.987421156203789e-09,-0.2835302767115212
3.519202466281505e-09,-0.008216791205055952,3.215267615564006e-09,-0.07925268502021401,3.076034126119441e-09,-0.1588505136556668,3.1e-09,-0.2491708373058374,3.011014679585638e-09,-0.2933480622692138
3.589372496784661e-09,-0.006654312523234452,3.279746270783822e-09,-0.06585174600690741,3.1e-09,-0.1631109405204771,3.12507560628434e-09,-0.2500792539773551,3.046716707327687e-09,-0.3022540951415738
3.625119903255564e-09,-0.005872701003887921,3.310063921079312e-09,-0.05932841690175757,3.130469830704158e-09,-0.1640982765905238,3.157066815450523e-09,-0.2476857531346349,3.072631850645694e-09,-0.3074964861986498
3.696614716197368e-09,-0.004299310305396932,3.364305217413836e-09,-0.05050960619828458,3.166905068639001e-09,-0.1621280907543357,3.194839871140302e-09,-0.2434319448298518,3.1e-09,-0.3119807681154069
3.768109529139174e-09,-0.003208621920286754,3.433864764090566e-09,-0.04043368576735561,3.21179255998203e-09,-0.1568651523060523,3.219151342532419e-09,-0.2354101330968358,3.126043391272196e-09,-0.3117341146409566
3.911099155022784e-09,-0.00161094198619207,3.507673169299273e-09,-0.03059581856645262,3.279020356188743e-09,-0.1289747000543764,3.257531814385081e-09,-0.2125688597644142,3.158518570639586e-09,-0.3087669381091562
4.120700127154235e-09,0.0003851057658234387,3.588659090056328e-09,-0.02324132744769606,3.306981075094823e-09,-0.1169448325420155,3.293954091943086e-09,-0.1892904601714718,3.19693798206413e-09,-0.3044407274168567
4.480698213703592e-09,0.001264052807910009,3.626482277936228e-09,-0.02011160045471686,3.352409204016869e-09,-0.1011145664257176,3.329301663174693e-09,-0.1686451150801926,3.220077383786288e-09,-0.2962661335691303
4.942136755424967e-09,0.001991939319857967,3.702128653696027e-09,-0.01410261150763848,3.408237530188295e-09,-0.0845184455416705,3.379746796912081e-09,-0.1438164550411949,3.253814439514439e-09,-0.276495547435087
5.061405594596732e-09,0.002222968214404569,3.777775029455825e-09,-0.01006524823360101,3.474016831739484e-09,-0.06585232399332884,3.465685985230578e-09,-0.1047545625248427,3.304441202810716e-09,-0.2405379641667411
5.299943272940263e-09,0.002801227865140441,3.902518122035459e-09,-0.005232647800398489,3.561465097141965e-09,-0.04680923247440681,3.535572192726642e-09,-0.07827922477252867,3.340807016419737e-09,-0.2179847955972049
5.415944804005975e-09,0.003082438575663297,4.048376208786112e-09,-0.000223200566777841,3.611899608489167e-09,-0.03860526357609436,3.619193752564506e-09,-0.05576701623025051,3.383176451988746e-09,-0.1931656034694929
5.6479478661374e-09,0.003283169296816902,4.261131471020659e-09,0.003296395034691848,3.671947642325014e-09,-0.02892338331217915,3.682950102752144e-09,-0.03966312305631159,3.437843009481939e-09,-0.1607519172880035
6.111953990400249e-09,0.003099238407340257,4.508148528599524e-09,0.004888845137384988,3.719143359202827e-09,-0.02245051235115591,3.721502961178488e-09,-0.03144343123663805,3.51230093748837e-09,-0.1180654616151971
6.786159731176498e-09,0.002803204474954295,4.802947357171107e-09,0.006374078722728293,3.802828637018889e-09,-0.01480857308008973,3.798608678031174e-09,-0.02083929745330371,3.586017203976261e-09,-0.08902451795371386
7.772071287558844e-09,0.002429692459800036,4.996467158038797e-09,0.007223001601402816,3.92733898533901e-09,-0.00586430513887981,3.900298099108153e-09,-0.009275134948404724,3.624329988152234e-09,-0.07513750954981996
8.772071287558845e-09,0.002107136500186545,5.074348186727414e-09,0.007784525121204662,4.036808116634564e-09,0.001072632371769001,3.986915340783126e-09,-0.0004404236299527455,3.696562221290732e-09,-0.04990747138171663
9.772071287558846e-09,0.001837617630409199,5.170988052979996e-09,0.008487711643970646,4.242750214140017e-09,0.007886688969217048,4.160149824133072e-09,0.01243965771812824,3.747198909923697e-09,-0.0377335322000906
1.077207128755885e-08,0.001612830157961001,5.36426778548516e-09,0.009863829675084923,4.441729042517394e-09,0.01034779898108224,4.362344569893197e-09,0.01693038423143249,3.816688767785266e-09,-0.02519691144902135
1.177207128755885e-08,0.001425942988062609,5.650587941208703e-09,0.01076566707537611,4.684532359523565e-09,0.01262892094209265,4.616099967368285e-09,0.0207424231745967,3.902670390554211e-09,-0.01172067808126901
1.277207128755885e-08,0.001270624417654702,6.083448111984215e-09,0.01009693322402654,4.964898923602657e-09,0.01482394864511906,4.811642212285649e-09,0.02311631004609275,4.00052568889894e-09,0.001995401439603912
1.377207128755885e-08,0.001141884236156853,6.819689581458689e-09,0.008951543609474122,5.065001508380292e-09,0.01584991907767897,5.007184457203013e-09,0.02516502973780239,4.186566430463826e-09,0.01916519287696295
1.477207128755885e-08,0.001035590173860097,7.472950745314737e-09,0.008007396971130391,5.265206677935561e-09,0.01823286914913415,5.087378161422157e-09,0.02659443085253104,4.357376035706106e-09,0.02407859675057887
1.577207128755885e-08,0.0009483209660326742,8.472950745314737e-09,0.006804878362434657,5.449269559851068e-09,0.02031637678624612,5.176660822433857e-09,0.02808743460320239,4.52677866889646e-09,0.027754802812034
1.677207128755885e-08,0.0008768223841945003,9.472950745314738e-09,0.005773166290569023,5.754918828577753e-09,0.02048760490064448,5.355226144457256e-09,0.03089155949755879,4.700950134360178e-09,0.03090404181675002
1.777207128755885e-08,0.0008187001517369227,1.047295074531474e-08,0.004911253606222014,6.087759389240468e-09,0.01942067710162473,5.558133535830053e-09,0.03312311645534447,5.049293065287613e-09,0.03636492743676911
1.877207128755885e-08,0.0007717189066797644,1.147295074531474e-08,0.004190957385251826,6.465122366696895e-09,0.01822061277404968,5.855828553427575e-09,0.03190614713090931,5.1566206743855e-09,0.03872154659498279
1.977207128755884e-08,0.000734205131818277,1.247295074531474e-08,0.003591303423081614,7.088978021375077e-09,0.01638924955060289,6.219591780352785e-09,0.03000931731483536,5.280317877459522e-09,0.04096863024698932
2.077207128755884e-08,0.0007045581386753159,1.347295074531474e-08,0.00309192358935008,8.088978021375077e-09,0.01386528759890143,6.549218214838042e-09,0.02838218350048134,5.514451830801286e-09,0.04472679483121794
2.177207128755884e-08,0.0006816133266353944,1.447295074531474e-08,0.002678284143148963,9.088978021375077e-09,0.01170344826363334,7.208471083808555e-09,0.02539870102294535,5.775427297022659e-09,0.04423061817254469
2.277207128755884e-08,0.0006642221749394823,1.547295074531474e-08,0.002335669317732811,1.008897802137508e-08,0.009889755475422429,7.982016903267524e-09,0.02226234396238135,6.059867671456614e-09,0.0423931223264819
2.377207128755884e-08,0.0006515769985623134,1.647295074531474e-08,0.00205398112749067,1.108897802137508e-08,0.008371127491927375,8.982016903267525e-09,0.01881347967495683,6.37171441750189e-09,0.04017725154650578
2.477207128755884e-08,0.0006428511105640251,1.747295074531474e-08,0.001822293416181484,1.208897802137508e-08,0.007101247756366526,9.982016903267526e-09,0.01587091456170248,6.94249182250446e-09,0.03647197756186847
2.577207128755884e-08,0.0006374875685447017,1.847295074531474e-08,0.001633804457948159,1.308897802137508e-08,0.00604176406131978,1.098201690326753e-08,0.01340221448939347,7.816838178876555e-09,0.03154609723945722
2.677207128755884e-08,0.0006348884433325258,1.947295074531474e-08,0.001480547026141355,1.408897802137508e-08,0.005157980864400182,1.198201690326753e-08,0.01133168281197248,8.816838178876555e-09,0.02662964813877118
2.693603564377942e-08,0.0006346680170214729,2.047295074531474e-08,0.001356873209133211,1.508897802137508e-08,0.004423209552787188,1.298201690326753e-08,0.009601329266864089,9.816838178876556e-09,0.02246539112800396
2.701801782188971e-08,0.0006830100286838836,2.147295074531474e-08,0.00125766914515871,1.608897802137508e-08,0.00381506045362912,1.398201690326753e-08,0.008153080687710354,1.081683817887656e-08,0.01895813774547124
2.70695377368808e-08,0.0008214893206801942,2.247295074531474e-08,0.001181369435155677,1.708897802137508e-08,0.003313390516300605,1.498201690326753e-08,0.006949354660620433,1.181683817887656e-08,0.01601350707674692
2.71347688684404e-08,0.001090748191393684,2.347295074531473e-08,0.00112263284753322,1.808897802137508e-08,0.002900896529991139,1.598201690326753e-08,0.0059467346052811,1.281683817887656e-08,0.01354321441815306
2.72e-08,0.001442302510575362,2.447295074531473e-08,0.00107953187766467,1.908897802137508e-08,0.002563317472463944,1.698201690326753e-08,0.005117471630734984,1.381683817887656e-08,0.01147588416266322
2.720325e-08,0.001547615802027594,2.547295074531473e-08,0.001048786369628993,2.008897802137508e-08,0.002288233834789671,1.798201690326752e-08,0.004432252693089441,1.481683817887656e-08,0.009750010365126989
2.720975e-08,0.001758243363129973,2.647295074531473e-08,0.001029174023460817,2.108897802137508e-08,0.002066943744550153,1.898201690326752e-08,0.003869225927048159,1.581683817887656e-08,0.008313987257965042
2.722275e-08,0.002179498449895605,2.678647537265737e-08,0.001020194708251615,2.208897802137507e-08,0.001890379805788658,1.998201690326752e-08,0.003407327178472962,1.681683817887656e-08,0.007118465256349739
2.724739321488641e-08,0.00297804283573714,2.694323768632869e-08,0.001015715676882126,2.308897802137507e-08,0.001751860454956623,2.098201690326752e-08,0.003033465940274046,1.781683817887656e-08,0.006130553891085055
2.728276193207673e-08,0.004124161650566211,2.702161884316435e-08,0.001190811794572975,2.408897802137507e-08,0.001644221339140748,2.198201690326752e-08,0.002731234254309436,1.881683817887656e-08,0.00531423214295318
2.729861193407824e-08,0.004637802881746454,2.708204468770003e-08,0.001680225085225422,2.508897802137507e-08,0.00156303707703054,2.298201690326752e-08,0.002491030066871584,1.981683817887656e-08,0.004645621838267638
2.730751677680138e-08,0.005007602319090402,2.72e-08,0.003446017751177531,2.608897802137507e-08,0.001504269475175112,2.398201690326752e-08,0.002301804325015903,2.081683817887656e-08,0.00409880662561539
2.731827738990719e-08,0.00547259301734631,2.720320126985059e-08,0.003757339451001835,2.658897802137507e-08,0.001478197626785653,2.498201690326752e-08,0.002156203495536604,2.181683817887655e-08,0.003656765379012722
2.733979861611883e-08,0.006402573685880111,2.720960380955176e-08,0.004379975428153131,2.684448901068754e-08,0.001471207043868039,2.598201690326752e-08,0.002045475008214521,2.281683817887655e-08,0.003299514668853713
2.737503871830602e-08,0.007925375327313584,2.722240888895411e-08,0.005625246397072824,2.697224450534377e-08,0.001468024061035433,2.698201690326752e-08,0.001967133496912451,2.381683817887655e-08,0.003017376898891375
2.739265876939961e-08,0.008686774764658348,2.723918023558245e-08,0.007256226766889308,2.703612225267189e-08,0.001951821801029564,2.702898233840826e-08,0.002508767820217999,2.481683817887655e-08,0.002795404502263413
2.740146879494641e-08,0.009019859260193908,2.726139792910642e-08,0.009416847180989743,2.712405168588775e-08,0.003456295439991847,2.708889813050936e-08,0.003631679760680228,2.581683817887655e-08,0.002627397798017456
2.740521924424776e-08,0.009060343244023451,2.730467545456382e-08,0.01377502126691989,2.716202584294388e-08,0.004477986128849061,2.715436485735578e-08,0.005886683056247255,2.681683817887655e-08,0.002501940646474061
2.740884761720075e-08,0.009099509453116087,2.731493128645722e-08,0.01510369877311671,2.72e-08,0.005500092217056786,2.717718242867789e-08,0.006745805059486872,2.695841908943828e-08,0.002493267040960775
2.741610436310674e-08,0.009177841904563272,2.733078049277724e-08,0.01715700478951633,2.720325e-08,0.006026437273086763,2.72e-08,0.007604926432182332,2.702920954471914e-08,0.003196080154310704
2.742894270503573e-08,0.009316424454322731,2.736247890541729e-08,0.0212635673279174,2.720975000000001e-08,0.007079334084492767,2.720325e-08,0.008341879204078731,2.71e-08,0.004905008807263906
2.745461938889372e-08,0.009577249064739776,2.73933785003263e-08,0.02526656609070049,2.722275000000002e-08,0.009185122790826653,2.720975e-08,0.009815780829392683,2.715942388897665e-08,0.00778456726106361
2.750519008064501e-08,0.01005062238614773,2.740089227874739e-08,0.02615318166853411,2.723664383513186e-08,0.01143568799045593,2.722275e-08,0.01276356999390563,2.717971194448833e-08,0.008767506288327592
2.752635005519314e-08,0.01011941933106104,2.740413660381009e-08,0.02625797415547258,2.725441140708134e-08,0.01431371405246281,2.723521014928449e-08,0.01558892299923537,2.72e-08,0.0097507043761507
2.754681216396895e-08,0.01014622556816363,2.740753359357165e-08,0.02636769729088967,2.728781876527062e-08,0.01972502749610588,2.72509493130231e-08,0.01915775633161764,2.720325e-08,0.01069829642174959
2.758773638152057e-08,0.01012738028614234,2.741432757309476e-08,0.0265871439359617,2.730307039334699e-08,0.02236132482730594,2.727948721367144e-08,0.02562853907757004,2.720975e-08,0.01259360224161757
2.76e-08,0.01009461862393568,2.74224305103136e-08,0.02684886947474013,2.731640354012868e-08,0.02524130025707957,2.730050601421664e-08,0.0304325373650506,2.722168362207169e-08,0.01607324743684469
2.7608125e-08,0.009985115729593097,2.743716750076015e-08,0.02732487480799842,2.732952899907385e-08,0.02807636896526788,2.730896418654656e-08,0.03298998575491504,2.723314074862001e-08,0.01941391357917802
2.761492120615981e-08,0.009893521334331879,2.746453455081575e-08,0.02814238076869396,2.73548043047472e-08,0.03353604509198672,2.731863563987014e-08,0.03591422475136072,2.724693230045073e-08,0.02343518630539029
2.762851361847944e-08,0.009710332576832344,2.750643578652884e-08,0.02926073614261776,2.737924496658602e-08,0.03881580354256092,2.733797854651731e-08,0.04176249571423456,2.727190429027577e-08,0.03071617051745753
2.765569844311868e-08,0.009284285091368793,2.753296202804934e-08,0.02948540490334137,2.739999049225133e-08,0.04329713715272268,2.735282820293177e-08,0.04625203079133201,2.730719551829464e-08,0.04170491417098518
2.77e-08,0.008560917388005802,2.755948826956985e-08,0.0295502103392662,2.740270379965865e-08,0.04344507398610421,2.738252751576068e-08,0.05523046099940421,2.732066005882076e-08,0.0469381962255954
2.770541666666667e-08,0.008318401856614538,2.76e-08,0.02934422543351875,2.740813041447329e-08,0.04373786054596715,2.739963141068639e-08,0.06040071724832655,2.733297871537439e-08,0.05172315296359579
2.771625e-08,0.007636708873588588,2.7608125e-08,0.02896271283484509,2.741633038693285e-08,0.04418028289970122,2.740259522508266e-08,0.06070792441214436,2.735761602848165e-08,0.0612922520805011
2.773791666666667e-08,0.005892688573304837,2.7624375e-08,0.02819968664305891,2.742342393187207e-08,0.04456300479059539,2.74085228538752e-08,0.06115510966743999,2.737558832049796e-08,0.06827189040803254
2.777583323492785e-08,0.002468090357766821,2.7656875e-08,0.02667363442666697,2.743526490211851e-08,0.04520186764269234,2.741630571709366e-08,0.06174226079439413,2.739356061251428e-08,0.07525078920890976
2.780600961130903e-08,-0.0004014953773656047,2.769971626211557e-08,0.02466200334134706,2.745383445755421e-08,0.04620374988817328,2.742313852795707e-08,0.06225772637012238,2.740244638203312e-08,0.07798769851252348
2.782336131095422e-08,-0.002253060554814519,2.77e-08,0.02464868029929789,2.748058430481619e-08,0.04755657749419355,2.743521892429676e-08,0.06316907249547668,2.740743857039856e-08,0.07847049192361394
2.784071301059941e-08,-0.004235337244408173,2.770056747576886e-08,0.02457705129644624,2.751003495768432e-08,0.04855525910508748,2.745517545315139e-08,0.06467455676417869,2.741243075876399e-08,0.07895328476051368
2.787541640988979e-08,-0.008433287119809499,2.770170242730657e-08,0.02443379329759723,2.756482862378592e-08,0.04877405331415353,2.74842778728714e-08,0.0668278676388836,2.742140948721783e-08,0.07982159538977665
2.79442583487244e-08,-0.01484428307190863,2.770397233038199e-08,0.02412209591288367,2.758241431189296e-08,0.04865070572636467,2.751019971981402e-08,0.06791529751827786,2.74296118398136e-08,0.08061482441604303
2.801582373832898e-08,-0.0182586814303408,2.770851213653284e-08,0.02340080290665774,2.759120715594648e-08,0.04858903083676226,2.756203122097238e-08,0.06838836537706415,2.74439892227579e-08,0.08200518224163093
2.804246994169038e-08,-0.01907243209941637,2.771659608729275e-08,0.02165964600227147,2.76e-08,0.04852735342158904,2.758101561048619e-08,0.06845484652456565,2.746478311411938e-08,0.08392532937886885
2.806810195605063e-08,-0.01974883853767616,2.772867013963233e-08,0.01867876045456386,2.7608125e-08,0.04803150374870958,2.75905078052431e-08,0.06842880671854769,2.749698058298751e-08,0.08658000607205728
2.81e-08,-0.02056612217413168,2.774916699362992e-08,0.01293325358853753,2.761429362305511e-08,0.04765504437919676,2.76e-08,0.0681124569586052,2.751454610652333e-08,0.08732149554559487
2.816379608789875e-08,-0.02069140685775835,2.778879105079714e-08,0.0003418309858869659,2.762663086916532e-08,0.046847941394072,2.7608125e-08,0.06722745483089694,2.753759481580645e-08,0.0878209085609576
2.820135302174452e-08,-0.02045611069348322,2.780541781613033e-08,-0.005025202808186836,2.765130536138575e-08,0.04482370127236364,2.761585136359825e-08,0.06638586526222441,2.757890978051956e-08,0.08783524746152579
2.822446968265725e-08,-0.0196637362006224,2.783867134679671e-08,-0.01817625493042764,2.768109993030548e-08,0.04218254137450739,2.763096101421996e-08,0.06474006285018608,2.76e-08,0.08784248911460196
2.82441340554347e-08,-0.01872798958919015,2.78530540045158e-08,-0.02450878608065885,2.77e-08,0.04043693485338629,2.766118031546339e-08,0.06129510984758317,2.7608125e-08,0.08663877122999375
2.828346280098962e-08,-0.01667819103058188,2.788181931995398e-08,-0.03790246014560624,2.770541666666667e-08,0.03916479261868162,2.769300002506949e-08,0.05709838509684163,2.761786340649349e-08,0.08519600887163715
2.835951426679212e-08,-0.01334565648942749,2.793017823797614e-08,-0.05627745257330338,2.771352224545373e-08,0.03650936512231489,2.77e-08,0.05617184155081322,2.763684461374497e-08,0.08238392171410405
2.846892354518806e-08,-0.009507879965359529,2.797238835560155e-08,-0.06498790637806376,2.772973340302785e-08,0.02958529747839841,2.770541666666667e-08,0.05432514494039086,2.766749254826988e-08,0.07757051749353858
2.858455866640588e-08,-0.006392006660411688,2.800184176050254e-08,-0.07032923531799543,2.774926978481524e-08,0.01977546135526521,2.771083333333333e-08,0.05198992050751214,2.77e-08,0.07179120813838122
2.862594506302534e-08,-0.005486181942829385,2.802008039609211e-08,-0.07286506651828267,2.777507887337062e-08,0.005228288573126319,2.772128136726352e-08,0.04597260066871688,2.770541666666667e-08,0.06934700620630639
2.870871785626426e-08,-0.003684825468748152,2.803831903168168e-08,-0.07508221016832858,2.779967324937082e-08,-0.009607871161527214,2.77416900584415e-08,0.03148008132799986,2.771625e-08,0.06210413792347586
2.876969319348845e-08,-0.002832055282836605,2.807479630286082e-08,-0.07872564387081447,2.781065244775806e-08,-0.01678653919504016,2.776090769540121e-08,0.01589169144419346,2.773519772941789e-08,0.04523342847959207
2.889164386793682e-08,-0.00146438201992265,2.81e-08,-0.08118590924914293,2.782312485302466e-08,-0.02593191753771631,2.779477898479245e-08,-0.0143480687940375,2.77528940053367e-08,0.02643314371237675
2.908135890297898e-08,0.0004313740010644116,2.815040739427837e-08,-0.08145670498890936,2.784806966355785e-08,-0.04659837919126845,2.780857798398001e-08,-0.02767415195836364,2.77783427895611e-08,-0.003873386408198436
2.945561562283858e-08,0.001542918922719525,2.820220649558964e-08,-0.07977837252770278,2.786968187331482e-08,-0.06588967221655229,2.783617598235511e-08,-0.06091616556029919,2.780308978807967e-08,-0.0367516651478246
2.989036294255243e-08,0.002214669049965752,2.822566398114753e-08,-0.07617552644300396,2.790741009103321e-08,-0.101123558984887,2.785642659967579e-08,-0.08815789336103422,2.781749513703756e-08,-0.05757760002685437
3e-08,0.002365152257516951,2.824986530952964e-08,-0.07118701763076946,2.79357619730337e-08,-0.1158634427444938,2.788412195029014e-08,-0.1277351505688779,2.783153411511093e-08,-0.08110002769730312
3.007583333333334e-08,0.002545691210587725,2.829826796629385e-08,-0.06051378923464341,2.796285948498544e-08,-0.1266402583780319,2.791206306375739e-08,-0.165754494796718,2.785824924401849e-08,-0.1301934546905305
3.015166666666667e-08,0.002726229937909682,2.835341915257237e-08,-0.05094264988959946,2.799294594433568e-08,-0.1373988108214542,2.794560080991504e-08,-0.189241308678372,2.788249358792203e-08,-0.1771219040720405
3.030333333333335e-08,0.003087307392905424,2.842106578994412e-08,-0.04107599933237963,2.801223311385731e-08,-0.1433129367207322,2.797015835463374e-08,-0.2030092330870947,2.791840891755135e-08,-0.2351012174239198
3.060666666666669e-08,0.003555230940515398,2.851130209765384e-08,-0.02892617853527979,2.805080745290057e-08,-0.1518019585044148,2.799551499321894e-08,-0.215785014161068,2.794504662313789e-08,-0.2556815736723229
3.121333333333337e-08,0.003294695607492691,2.860738543011311e-08,-0.0205926875086361,2.807685683259802e-08,-0.1569306942468436,2.801902137842504e-08,-0.2248203291649154,2.797071297390043e-08,-0.2709580513194734
3.221333333333337e-08,0.002850931722437198,2.864271747658707e-08,-0.01766165412635926,2.81e-08,-0.1609722517498346,2.804042987725698e-08,-0.2311536854737227,2.799472752501847e-08,-0.2835034994156106
3.321333333333338e-08,0.002470532019987185,2.868345653524423e-08,-0.01438978401057414,2.813048647242574e-08,-0.161924365729362,2.807021493862849e-08,-0.2393598375032535,2.801346452861965e-08,-0.290718038633566
3.421333333333338e-08,0.002150577852507371,2.876493465255855e-08,-0.009634331202873703,2.816888677301336e-08,-0.1598282329297541,2.81e-08,-0.2460282108141018,2.804417707630165e-08,-0.2980602799266091
3.521333333333338e-08,0.001881425897341673,2.887429301595795e-08,-0.005220541502990778,2.821376213184688e-08,-0.1541941860587689,2.812764964966132e-08,-0.2469137897823123,2.807208853815083e-08,-0.3036215773023417
3.621333333333338e-08,0.001655090116886855,2.901554780900838e-08,-0.0002564729410975092,2.828643600989966e-08,-0.1235323605228083,2.81649529504293e-08,-0.2438571147430708,2.81e-08,-0.3083705107837989
3.721333333333339e-08,0.001464850439060309,2.920712097158173e-08,0.003818696211066827,2.831559084450864e-08,-0.1111820545027741,2.820864953596171e-08,-0.2371175794360982,2.812636578211391e-08,-0.3081716177280569
3.821333333333339e-08,0.001304794770197141,2.947675787024498e-08,0.005664761065116729,2.836156144958004e-08,-0.09639133285766915,2.824760538566318e-08,-0.2159342612720563,2.815880326519928e-08,-0.3052519627549495
3.921333333333339e-08,0.001170235742592192,2.98829425195666e-08,0.007613316252674697,2.841695616750668e-08,-0.07993107853916043,2.827683744048689e-08,-0.196922578486597,2.819729842999652e-08,-0.3009360801987693
4.021333333333339e-08,0.001057018098684342,3e-08,0.008107167631531291,2.847394647302833e-08,-0.06385341667923393,2.831530294130321e-08,-0.1725130650961306,2.822024682061734e-08,-0.2927079918304488
4.12133333333334e-08,0.0009618414794322725,3.007583333333334e-08,0.008639527472014559,2.858792708407163e-08,-0.04056309217897618,2.836073413939781e-08,-0.1497965617112153,2.825371807559534e-08,-0.273048546072787
4.22133333333334e-08,0.000881750058521657,3.014013027125558e-08,0.009090897847747286,2.862805542600756e-08,-0.03400524944422263,2.841143846881097e-08,-0.1261834430759866,2.83035752107471e-08,-0.2375043550016059
4.32133333333334e-08,0.0008144287502360198,3.026872414710007e-08,0.009993638544666752,2.870831210987941e-08,-0.02183691772377527,2.846660924256617e-08,-0.1014610385004367,2.834009969267181e-08,-0.2147754961006491
4.42133333333334e-08,0.0007577685634335751,3.05e-08,0.01156913812145061,2.8767913714976e-08,-0.01585264333208997,2.857377188347635e-08,-0.06480948366552283,2.838209908718282e-08,-0.1901860019840223
4.52133333333334e-08,0.0007101505402740594,3.093490077039578e-08,0.01108836674061552,2.886790521171751e-08,-0.008107850186783179,2.861729100335181e-08,-0.05357471316911337,2.843645301306455e-08,-0.1579886732086749
4.621333333333341e-08,0.000670065320339356,3.136313218484546e-08,0.01037257157244236,2.898004031115926e-08,-0.0006213707442247452,2.870432924310275e-08,-0.03231056497733156,2.850941949074418e-08,-0.1158541036718359
4.721333333333341e-08,0.0006363849876040892,3.183952729771047e-08,0.009597881384513179,2.914629577258077e-08,0.007921920998100655,2.875287299083372e-08,-0.02407558475878617,2.858050044115175e-08,-0.08754332342959781
4.821333333333341e-08,0.0006080253101178158,3.279231752344051e-08,0.008237825812824772,2.943217219254538e-08,0.01189027352944847,2.884007763172968e-08,-0.0133784404722893,2.862375737659992e-08,-0.07195339525793121
4.921333333333341e-08,0.000584204424573144,3.379231752344051e-08,0.007007363445862677,2.971811396499431e-08,0.01446085700214422,2.894869814875582e-08,-0.001742374000435834,2.869591938206413e-08,-0.0468287851022274
5e-08,0.0005678380283188934,3.479231752344051e-08,0.005968567720842786,2.995791749228875e-08,0.01625915971896463,2.906178997455007e-08,0.008930765024887604,2.874882954357738e-08,-0.03416086824677633
  ,  ,3.579231752344051e-08,0.005094004414546984,3e-08,0.01652092062848309,2.928797362613855e-08,0.01782936894948369,2.88198387379968e-08,-0.02151686647583824
  ,  ,3.679231752344051e-08,0.004357859744979607,3.008416501542252e-08,0.01753205530425669,2.945766751133314e-08,0.02071811381547987,2.890696069972696e-08,-0.008017536218820221
  ,  ,3.779231752344052e-08,0.003738352805483148,3.01415917932301e-08,0.01822191142122993,2.964479565368748e-08,0.02322630263547439,2.900542486686851e-08,0.00565029119003649
  ,  ,3.879231752344052e-08,0.003217076899775219,3.025644534884526e-08,0.01955779618735906,2.991579773623414e-08,0.02626635840052582,2.919532139052695e-08,0.02239378734069637
  ,  ,3.979231752344052e-08,0.002778438956956096,3.037822267442263e-08,0.02088144531324469,3e-08,0.02706828758134767,2.93631247082727e-08,0.02691907861302963
  ,  ,4.079231752344052e-08,0.002409496172192629,3.05e-08,0.02218488183783506,3.007583333333334e-08,0.02834486987136147,2.953607988499365e-08,0.03053215068587874
  ,  ,4.179231752344053e-08,0.002099113789691985,3.074355465115474e-08,0.02178147143800237,3.015166666666667e-08,0.02961058142943733,2.971223480654003e-08,0.03358052498490512
  ,  ,4.279231752344053e-08,0.001838054338150689,3.09990195608632e-08,0.02094907927163292,3.029111373125881e-08,0.03173980133833115,3e-08,0.03756559329568197
  ,  ,4.379231752344053e-08,0.001618449635537904,3.127923305112186e-08,0.02002365246413452,3.05e-08,0.03481224823339593,3.007583333333334e-08,0.03923948907099642
  ,  ,4.479231752344053e-08,0.001433713299118096,3.183966003163917e-08,0.01825030508933953,3.072437096032496e-08,0.03419291453071396,3.019703284226444e-08,0.04181347922493165
  ,  ,4.579231752344054e-08,0.001278296790693698,3.283966003163917e-08,0.01549867861881685,3.098081736925708e-08,0.03289315715968129,3.034851642113222e-08,0.04465758926862373
  ,  ,4.679231752344054e-08,0.001147663154607824,3.383966003163918e-08,0.01312607307673822,3.125730137840289e-08,0.03145051042835723,3.05e-08,0.04746009215175753
  ,  ,4.779231752344054e-08,0.001037939440415678,3.483966003163918e-08,0.01112467220656064,3.181026939669451e-08,0.02869687327708431,3.068156654791545e-08,0.04687257232723913
  ,  ,4.879231752344054e-08,0.0009456899377023035,3.583966003163918e-08,0.009437279587521191,3.281026939669451e-08,0.02436047806583208,3.088635408054034e-08,0.04546013340808021
  ,  ,4.939615876172027e-08,0.000895898362954074,3.683966003163918e-08,0.008015231127871227,3.381026939669451e-08,0.0206128310285836,3.110424196481681e-08,0.04392347506939497
  ,  ,5e-08,0.0008525154286884928,3.783966003163919e-08,0.006817290523607467,3.481026939669452e-08,0.01744486859174035,3.154001773336975e-08,0.04088852793997743
  ,  ,  ,  ,3.883966003163919e-08,0.00580852978471224,3.581026939669452e-08,0.0147693421278226,3.241156927047564e-08,0.03546300378192775
  ,  ,  ,  ,3.983966003163919e-08,0.004959201945796641,3.681026939669452e-08,0.01251133466859832,3.341156927047565e-08,0.03004752058884157
  ,  ,  ,  ,4.083966003163919e-08,0.004244286847474196,3.781026939669452e-08,0.01060677377006537,3.441156927047565e-08,0.02542938297567552
  ,  ,  ,  ,4.18396600316392e-08,0.003642640421034219,3.881026939669452e-08,0.009001220454107336,3.541156927047565e-08,0.02152015186350486
  ,  ,  ,  ,4.28396600316392e-08,0.003136463436055423,3.981026939669453e-08,0.007648256499840917,3.641156927047565e-08,0.01821450764325855
  ,  ,  ,  ,4.38396600316392e-08,0.002710630063199208,4.081026939669453e-08,0.006508571632515453,3.741156927047566e-08,0.01542182566186292
  ,  ,  ,  ,4.48396600316392e-08,0.002352411932464597,4.181026939669453e-08,0.005548925707055376,3.841156927047566e-08,0.01306423825107998
  ,  ,  ,  ,4.58396600316392e-08,0.002051075776537104,4.281026939669453e-08,0.004740987960631287,3.941156927047566e-08,0.01107528216175538
  ,  ,  ,  ,4.683966003163921e-08,0.001797612601435591,4.381026939669454e-08,0.004060918372730385,4.041156927047566e-08,0.00939818293316964
  ,  ,  ,  ,4.783966003163921e-08,0.001584417360505455,4.481026939669454e-08,0.003488564407711539,4.141156927047566e-08,0.007984675050152969
  ,  ,  ,  ,4.883966003163921e-08,0.001405062922881022,4.581026939669454e-08,0.003006960509794609,4.241156927047567e-08,0.006793758987559877
  ,  ,  ,  ,4.94198300158196e-08,0.001311736473620293,4.681026939669454e-08,0.002601741460620242,4.341156927047567e-08,0.005790709357510024
  ,  ,  ,  ,5e-08,0.001229990004374329,4.781026939669455e-08,0.002260853600771735,4.441156927047567e-08,0.004946132500173014
  ,  ,  ,  ,  ,  ,4.881026939669455e-08,0.001974055724691622,4.541156927047567e-08,0.00423514599587641
  ,  ,  ,  ,  ,  ,4.940513469834727e-08,0.001821465204533,4.641156927047568e-08,0.003636671343041832
  ,  ,  ,  ,  ,  ,5e-08,0.001687937161545904,4.741156927047568e-08,0.003133025067429195
  ,  ,  ,  ,  ,  ,  ,  ,4.841156927047568e-08,0.002709194063184275
  ,  ,  ,  ,  ,  ,  ,  ,4.920578463523784e-08,0.002418107976142521
  ,  ,  ,  ,  ,  ,  ,  ,5e-08,0.002167397321978646
