/hit (dt=0) X,/hit (dt=0) Y,/hit (dt=1e-10) X,/hit (dt=1e-10) Y,/hit (dt=2e-10) X,/hit (dt=2e-10) Y,/hit (dt=3e-10) X,/hit (dt=3e-10) Y,/hit (dt=4e-10) X,/hit (dt=4e-10) Y,/net8 (dt=0) X,/net8 (dt=0) Y,/net8 (dt=1e-10) X,/net8 (dt=1e-10) Y,/net8 (dt=2e-10) X,/net8 (dt=2e-10) Y,/net8 (dt=3e-10) X,/net8 (dt=3e-10) Y,/net8 (dt=4e-10) X,/net8 (dt=4e-10) Y
0,1.033394228609571e-06,0,1.033394228609571e-06,0,1.033394228609571e-06,0,1.033394228609571e-06,0,1.033394228609571e-06,0,0.12,0,0.12,0,0.12,0,0.12,0,0.12
3.5e-11,1.033394250290918e-06,3.5e-11,1.033394250290918e-06,3.5e-11,1.033394250290918e-06,3.5e-11,1.033394250290918e-06,3.5e-11,1.033394250290918e-06,3.5e-11,0.12,3.5e-11,0.12,3.5e-11,0.12,3.5e-11,0.12,3.5e-11,0.12
1.05e-10,1.033394222500927e-06,1.05e-10,1.033394222500927e-06,1.05e-10,1.033394222500927e-06,1.05e-10,1.033394222500927e-06,1.05e-10,1.033394222500927e-06,1.05e-10,0.12,1.05e-10,0.12,1.05e-10,0.12,1.05e-10,0.12,1.05e-10,0.12
2.45e-10,1.033394226285805e-06,2.45e-10,1.033394226285805e-06,2.45e-10,1.033394226285805e-06,2.45e-10,1.033394226285805e-06,2.45e-10,1.033394226285805e-06,2.45e-10,0.12,2.45e-10,0.12,2.45e-10,0.12,2.45e-10,0.12,2.45e-10,0.12
5.249999999999999e-10,1.033394227465605e-06,5.249999999999999e-10,1.033394227465605e-06,5.249999999999999e-10,1.033394227465605e-06,5.249999999999999e-10,1.033394227465605e-06,5.249999999999999e-10,1.033394227465605e-06,5.249999999999999e-10,0.12,5.249999999999999e-10,0.12,5.249999999999999e-10,0.12,5.249999999999999e-10,0.12,5.249999999999999e-10,0.12
1e-09,1.033394228621027e-06,8.125e-10,1.033394228201491e-06,8.625e-10,1.033394228336056e-06,9.125e-10,1.033394228448859e-06,9.624999999999999e-10,1.033394228552094e-06,1e-09,0.12,8.125e-10,0.12,8.625e-10,0.12,9.125e-10,0.12,9.624999999999999e-10,0.12
1.03125e-09,1.069390910818185e-06,1.1e-09,1.033394229094959e-06,1.2e-09,1.033394229119765e-06,1.3e-09,1.033394229142388e-06,1.4e-09,1.033394229148175e-06,1.03125e-09,0.1537500000000001,1.1e-09,0.12,1.2e-09,0.12,1.3e-09,0.12,1.4e-09,0.12
1.089299401481471e-09,1.061488355295273e-06,1.125e-09,1.087881173372495e-06,1.225373994232941e-09,1.108266336232261e-06,1.325e-09,1.159423909804563e-06,1.4125e-09,1.424985870508569e-06,1.089299401481471e-09,0.2164433535999885,1.125e-09,0.15375,1.225373994232941e-09,0.1656731896192941,1.325e-09,0.1875,1.4125e-09,0.1875000000000006
1.110054714258986e-09,1.146676797740638e-06,1.171439521185177e-09,1.069814920519152e-06,1.267986856517882e-09,1.17078098997203e-06,1.361859072391124e-09,1.625468618460404e-06,1.430929536195563e-09,2.232055841628699e-06,1.110054714258986e-09,0.2388590913997045,1.171439521185177e-09,0.2164433535999884,1.267986856517882e-09,0.2423763417321877,1.361859072391124e-09,0.2870194954560359,1.430929536195563e-09,0.2870194954560376
1.151565339814015e-09,1.294853852492853e-06,1.185548367510644e-09,1.156977389323003e-06,1.282019269812337e-09,1.370197666330065e-06,1.372095779587986e-09,2.043864477446259e-06,1.439287866692869e-09,3.322665391780142e-06,1.151565339814015e-09,0.2836905669991363,1.185548367510644e-09,0.2354902961393699,1.282019269812337e-09,0.2676346856622064,1.372095779587986e-09,0.314658604887563,1.439287866692869e-09,0.3321544801414928
1.184970879661587e-09,1.629075725321949e-06,1.21376606016158e-09,1.329047899565389e-06,1.310084096401246e-09,1.843134763415986e-06,1.39256919398171e-09,3.791910660781569e-06,1.44215133785342e-09,3.921935241570738e-06,1.184970879661587e-09,0.3197685500345135,1.21376606016158e-09,0.2735841812181329,1.310084096401246e-09,0.3181513735222437,1.39256919398171e-09,0.3699368237506173,1.44215133785342e-09,0.347617224408465
1.199795805293725e-09,2.256283193346688e-06,1.241892574130055e-09,1.578614796729487e-06,1.33113431081903e-09,2.933824379752802e-06,1.40448542190069e-09,7.638323988377454e-06,1.44787828017452e-09,5.384592760210984e-06,1.199795805293725e-09,0.3357794697172229,1.241892574130055e-09,0.3115549750755745,1.33113431081903e-09,0.3560417594742545,1.40448542190069e-09,0.4021106391318619,1.44787828017452e-09,0.3785427129424093
1.228523590985644e-09,2.134368955680245e-06,1.272405129350466e-09,2.592084308810308e-06,1.337749214688434e-09,4.22693320253648e-06,1.417020643831436e-09,9.512730161600373e-06,1.456992895390512e-09,1.030382841820864e-05,1.228523590985644e-09,0.3668054782644953,1.272405129350466e-09,0.3527469246231291,1.337749214688434e-09,0.3679485864391818,1.417020643831436e-09,0.435955738344878,1.456992895390512e-09,0.4277616351087635
1.250244006586483e-09,9.642643726732179e-07,1.279019224425489e-09,3.338360979875596e-06,1.350979022427242e-09,4.873416351020025e-06,1.428524292671754e-09,3.8671012380631e-06,1.464217878837942e-09,2.353363993600716e-05,1.250244006586483e-09,0.3902635271134018,1.279019224425489e-09,0.3616759529744098,1.350979022427242e-09,0.3917622403690363,1.428524292671754e-09,0.4670155902137353,1.464217878837942e-09,0.4667765457248857
1.279854531510643e-09,5.912672605543098e-07,1.292247414575534e-09,2.847094860031109e-06,1.364626320596255e-09,2.869533227036199e-06,1.447000526748373e-09,1.639976197710275e-06,1.470911159126865e-09,3.23634440500371e-05,1.279854531510643e-09,0.4222428940314943,1.292247414575534e-09,0.3795340096769714,1.364626320596255e-09,0.4163273770732597,1.447000526748373e-09,0.516901422220607,1.470911159126865e-09,0.5029202592850691
1.309893677074038e-09,5.653650505097991e-07,1.309578226509561e-09,1.398168633065322e-06,1.38952472213131e-09,5.265910792429385e-07,1.461697137312512e-09,1.460777164939891e-06,1.477986497373834e-09,2.510330912599986e-05,1.309893677074038e-09,0.4546851712399609,1.309578226509561e-09,0.4029306057879072,1.38952472213131e-09,0.4611444998363572,1.461697137312512e-09,0.5565822707437829,1.477986497373834e-09,0.5411270858187018
1.341153750491823e-09,6.078110672062271e-07,1.336522210593862e-09,4.958588003482326e-07,1.409923757359143e-09,1.253361501723299e-07,1.477692919090235e-09,7.91542173579879e-06,1.488223239004909e-09,2.143019907547669e-05,1.341153750491823e-09,0.488446050531169,1.336522210593862e-09,0.4393049843017139,1.409923757359143e-09,0.4978627632464575,1.477692919090235e-09,0.5997708815436342,1.488223239004909e-09,0.5964054906265088
1.384069145653859e-09,5.888885487608543e-07,1.359371233367841e-09,3.893898962134807e-07,1.430545107565054e-09,1.351273466729442e-06,1.497896516584011e-09,2.74837692928688e-05,1.497143068235661e-09,3.868339676609599e-05,1.384069145653859e-09,0.5347946773061671,1.359371233367841e-09,0.4701511650465851,1.430545107565054e-09,0.5349811936170976,1.497896516584011e-09,0.65432059477683,1.497143068235661e-09,0.6445725684725679
1.457638401818858e-09,1.359331071676451e-06,1.385207462736684e-09,7.166691248808954e-07,1.454901867403271e-09,2.159493065602905e-06,1.515848595387667e-09,0.0001120108525809038,1.506559791953905e-09,0.0001238639002122121,1.457638401818858e-09,0.6142494739643669,1.385207462736684e-09,0.5050300746945233,1.454901867403271e-09,0.5788233613258887,1.515848595387667e-09,0.7027912075467019,1.506559791953905e-09,0.6954228765510883
1.512398978208935e-09,1.538960781489796e-05,1.417664086631438e-09,8.077756930585079e-07,1.491123701038623e-09,1.228947454238841e-05,1.531944034942496e-09,0.0001300365237758335,1.515904636893565e-09,0.0003078287229461098,1.512398978208935e-09,0.6733908964656494,1.417664086631438e-09,0.5488465169524408,1.491123701038623e-09,0.644022661869521,1.531944034942496e-09,0.7462488943447393,1.515904636893565e-09,0.7458850392252485
1.552559472474173e-09,-6.766199553151889e-05,1.472185412397182e-09,3.421676186578686e-06,1.518313385378932e-09,6.330406472483782e-05,1.54351583861688e-09,-1.96910296297168e-05,1.527121327274076e-09,0.000272957153074468,1.552559472474173e-09,0.7167642302721067,1.472185412397182e-09,0.6224503067361952,1.518313385378932e-09,0.6929640936820785,1.54351583861688e-09,0.7774927642655756,1.527121327274076e-09,0.8064551672800122
1.58923637760101e-09,-0.0001828992345692925,1.513309224028274e-09,2.826295077714704e-05,1.541945517875149e-09,7.402500616348684e-06,1.551918578047608e-09,-7.083966100798007e-05,1.533467713087483e-09,9.610704585076162e-05,1.58923637760101e-09,0.7563752878090908,1.513309224028274e-09,0.6779674524381701,1.541945517875149e-09,0.7355019321752674,1.551918578047608e-09,0.8001801607285417,1.533467713087483e-09,0.8407256506724056
1.59838426482684e-09,-0.0001645254213114288,1.545197619393434e-09,-2.112288262123669e-05,1.560324730549497e-09,-0.0001178465531241014,1.560765369833497e-09,-0.0001311453679302388,1.54012498248953e-09,-4.892208079062562e-05,1.59838426482684e-09,0.7662550060129873,1.545197619393434e-09,0.7210167861811362,1.560324730549497e-09,0.768584514989095,1.560765369833497e-09,0.8240664985504418,1.54012498248953e-09,0.8766749054434636
1.6166800392785e-09,-0.0001985878754158149,1.57625231768241e-09,-0.0001696808594321767,1.565639627377343e-09,-0.0001176684226665802,1.569469231609093e-09,-0.0001877174798090993,1.545449053798792e-09,-0.0001385359265854946,1.6166800392785e-09,0.7860144424207802,1.57625231768241e-09,0.7629406288712535,1.565639627377343e-09,0.7781513292792178,1.569469231609093e-09,0.8475669253445514,1.545449053798792e-09,0.9054248905134772
1.63258747199227e-09,-0.0002257438159276353,1.583197371813619e-09,-0.0001520167166075988,1.576269421033035e-09,-0.0001483319629035942,1.579055839896476e-09,-0.0002276936199356034,1.55435505284059e-09,-0.0002279468565745812,1.63258747199227e-09,0.8031944697516515,1.583197371813619e-09,0.7723164519483858,1.576269421033035e-09,0.7972849578594636,1.579055839896476e-09,0.8734507677204841,1.55435505284059e-09,0.953517285339183
1.654583298377884e-09,-0.0002341816046569811,1.597087480076038e-09,-0.0001800239665054209,1.587092520907459e-09,-0.0001932509938732102,1.589049440461768e-09,-0.0002477922292557326,1.560766641089485e-09,-0.0002554033759819816,1.654583298377884e-09,0.8269499622481147,1.597087480076038e-09,0.7910680981026507,1.587092520907459e-09,0.8167665376334261,1.589049440461768e-09,0.9004334892467745,1.560766641089485e-09,0.9881398618832197
1.672814163003637e-09,-0.000217096745259025,1.610420924411675e-09,-0.0002156281670173859,1.599896451745293e-09,-0.0002293403818933608,1.600018141910349e-09,-0.0002560694885546384,1.568743039052033e-09,-0.0002681535994552356,1.672814163003637e-09,0.8466392960439283,1.610420924411675e-09,0.8090682479557615,1.599896451745293e-09,0.8398136131415274,1.600018141910349e-09,0.9300489831579427,1.568743039052033e-09,1.031212410880976
1.694850649281213e-09,-0.0001501657772882117,1.631156630693549e-09,-0.000242504936878,1.613224836004699e-09,-0.0002464382133853517,1.613587374286977e-09,-0.0002580138948780374,1.578026405117029e-09,-0.0002705257638386692,1.694850649281213e-09,0.8704387012237101,1.631156630693549e-09,0.8370614514362916,1.613224836004699e-09,0.8638047048084587,1.613587374286977e-09,0.966685910574838,1.578026405117029e-09,1.081342587631958
1.722093754266645e-09,8.8343768766395e-05,1.646991201201098e-09,-0.0002441213140852128,1.626835733582916e-09,-0.0002515981335525961,1.631932803897498e-09,-0.0002548332609097232,1.589013202558515e-09,-0.0002686412635302444,1.722093754266645e-09,0.8998612546079766,1.646991201201098e-09,0.8584381216214818,1.626835733582916e-09,0.8883043204492481,1.631932803897498e-09,1.016218570523245,1.589013202558515e-09,1.140671293815979
1.767320321799973e-09,0.00171850411508682,1.66532694239176e-09,-0.0002302677327446947,1.643305127540281e-09,-0.0002489827317642156,1.659112919357435e-09,-0.0002373933906015804,1.6e-09,-0.0002657695934632214,1.767320321799973e-09,0.9487059475439709,1.66532694239176e-09,0.8831913722288763,1.643305127540281e-09,0.9179492295725067,1.659112919357435e-09,1.089604882265075,1.6e-09,1.2
1.842922053909693e-09,0.01733918069312829,1.687167807074246e-09,-0.0001813297477502279,1.66550457791489e-09,-0.0002300229611868614,1.7e-09,-0.0001053184821574353,1.603493797685162e-09,-0.0002682510186944203,1.842922053909693e-09,1.030355818222468,1.687167807074246e-09,0.9126765395502323,1.66550457791489e-09,0.9579082402468021,1.7e-09,1.2,1.603493797685162e-09,1.2
1.9117584173245e-09,0.07052526806754371,1.723561822625643e-09,0.0001201888750958099,1.698555929742681e-09,-0.0001227333668920668,1.71214233755584e-09,-6.466721072969366e-07,1.609311758168761e-09,-0.0002681167222547005,1.9117584173245e-09,1.10469909071046,1.723561822625643e-09,0.9618084605446175,1.698555929742681e-09,1.017400673536825,1.71214233755584e-09,1.2,1.609311758168761e-09,1.2
1.95587920866225e-09,0.1545259595700936,1.781885539344655e-09,0.003048425810753975,1.755524520868901e-09,0.001127431158163749,1.728704031408749e-09,0.0002320475939395387,1.614706007107507e-09,-0.00026433430776101,1.95587920866225e-09,1.15234954535523,1.781885539344655e-09,1.040545478115285,1.755524520868901e-09,1.119944137564021,1.728704031408749e-09,1.2,1.614706007107507e-09,1.2
1.977939604331125e-09,0.2234749700981914,1.840942769672328e-09,0.01634439704525073,1.8e-09,0.005526457821837772,1.744500039494922e-09,0.0006503780440008024,1.625494504984999e-09,-0.0002577226386904229,1.977939604331125e-09,1.176174772677615,1.840942769672328e-09,1.120272739057642,1.8e-09,1.2,1.744500039494922e-09,1.2,1.625494504984999e-09,1.2
2e-09,0.3123621305754172,1.9e-09,0.05670862942392581,1.811873680751219e-09,0.007931639046591986,1.776092055667267e-09,0.00253670415906642,1.640405771957216e-09,-0.0002480501590388383,2e-09,1.2,1.9e-09,1.2,1.811873680751219e-09,1.2,1.776092055667267e-09,1.2,1.640405771957216e-09,1.2
2.015346411915382e-09,0.3851172618869487,1.9169300127384e-09,0.07846102982963021,1.833581491072417e-09,0.01383571527545808,1.832534029063729e-09,0.01364762564642728,1.667628213543597e-09,-0.0002173272742232022,2.015346411915382e-09,1.2,1.9169300127384e-09,1.2,1.833581491072417e-09,1.2,1.832534029063729e-09,1.2,1.667628213543597e-09,1.2
2.033456192587062e-09,0.4741612764241067,1.944915935693264e-09,0.1271383452494261,1.852752895665216e-09,0.02170986121326074,1.898821703267133e-09,0.05569061004104443,1.714333392267086e-09,4.24570514440545e-05,2.033456192587062e-09,1.2,1.944915935693264e-09,1.2,1.852752895665216e-09,1.2,1.898821703267133e-09,1.2,1.714333392267086e-09,1.2
2.051155717483409e-09,0.5652761852122133,1.97056596024596e-09,0.1977550341104312,1.891095704850816e-09,0.04791421366750577,1.955790938654352e-09,0.1551685512121532,1.794938797800487e-09,0.005086051597867344,2.051155717483409e-09,1.2,1.97056596024596e-09,1.2,1.891095704850816e-09,1.2,1.955790938654352e-09,1.2,1.794938797800487e-09,1.2
2.086554767276104e-09,0.7409815300785941,1.99739606112527e-09,0.3004700284407661,1.943181895188752e-09,0.1247755815077854,1.998724700258798e-09,0.303481640332666,1.860300352264667e-09,0.02592903469366717,2.086554767276104e-09,1.2,1.99739606112527e-09,1.2,1.943181895188752e-09,1.2,1.998724700258798e-09,1.2,1.860300352264667e-09,1.2
2.112393120789488e-09,0.8299717570343341,2.027440780633168e-09,0.4407623814947703,1.983499219454139e-09,0.2436912005467183,2.035427823304776e-09,0.4776607242568691,1.931039206949892e-09,0.10189180773964,2.112393120789488e-09,1.2,2.027440780633168e-09,1.2,1.983499219454139e-09,1.2,2.035427823304776e-09,1.2,1.931039206949892e-09,1.2
2.133108617776186e-09,0.863101697706649,2.060087306567006e-09,0.6081667599379813,2.018724919035224e-09,0.3969319524623604,2.053381423263039e-09,0.5706775849532658,1.982638524987948e-09,0.2422309866985153,2.133108617776186e-09,1.2,2.060087306567006e-09,1.2,2.018724919035224e-09,1.2,2.053381423263039e-09,1.2,1.982638524987948e-09,1.2
2.156798247461386e-09,0.8802695950222729,2.090730121705954e-09,0.7564562029909359,2.048151354298283e-09,0.5451667189970107,2.083904381773239e-09,0.7251360221474623,2.021135563736046e-09,0.4101967329302474,2.156798247461386e-09,1.2,2.090730121705954e-09,1.2,2.048151354298283e-09,1.2,2.083904381773239e-09,1.2,2.021135563736046e-09,1.2
2.177182327131963e-09,0.8876605040354933,2.117366788784686e-09,0.8395937490955543,2.079860159011194e-09,0.7074236783770522,2.110860422930263e-09,0.8235657045427829,2.064363689561732e-09,0.6308216199512801,2.177182327131963e-09,1.2,2.117366788784686e-09,1.2,2.079860159011194e-09,1.2,2.110860422930263e-09,1.2,2.064363689561732e-09,1.2
2.201031370999439e-09,0.892779930679407,2.137772347429693e-09,0.8671214479087265,2.109034122089722e-09,0.8187082860597499,2.131051396631011e-09,0.8595647861336251,2.097048935061518e-09,0.7807280860914554,2.201031370999439e-09,1.2,2.137772347429693e-09,1.2,2.109034122089722e-09,1.2,2.131051396631011e-09,1.2,2.097048935061518e-09,1.2
2.233270026260052e-09,0.8964526332652876,2.157819904577461e-09,0.880306763743228,2.130259794826702e-09,0.8588511612205942,2.154163243488572e-09,0.8784328626459265,2.122921060652808e-09,0.8498899935957743,2.233270026260052e-09,1.2,2.157819904577461e-09,1.2,2.130259794826702e-09,1.2,2.154163243488572e-09,1.2,2.122921060652808e-09,1.2
2.282418476324008e-09,0.8986485988225686,2.177680888035486e-09,0.8875971888557652,2.1530071492975e-09,0.8778891242207636,2.1755294413334e-09,0.8869241243897227,2.144071376909893e-09,0.872615252279116,2.282418476324008e-09,1.2,2.177680888035486e-09,1.2,2.1530071492975e-09,1.2,2.1755294413334e-09,1.2,2.144071376909893e-09,1.2
2.342139734435691e-09,0.8993812775642448,2.202222310422861e-09,0.8928683053301232,2.17614940994226e-09,0.8871768143511761,2.198453888536123e-09,0.8921984488317377,2.154646535038436e-09,0.8788888218144756,2.342139734435691e-09,1.2,2.202222310422861e-09,1.2,2.17614940994226e-09,1.2,2.198453888536123e-09,1.2,2.154646535038436e-09,1.2
2.408424494649812e-09,0.8996079487138942,2.236480396892752e-09,0.8966484824756684,2.198481030178717e-09,0.8922259358899041,2.229076331241352e-09,0.8960472693147582,2.17409041452713e-09,0.886697895165618,2.408424494649812e-09,1.2,2.236480396892752e-09,1.2,2.198481030178717e-09,1.2,2.229076331241352e-09,1.2,2.17409041452713e-09,1.2
2.477707923530601e-09,0.8996431149860517,2.285015731507116e-09,0.8986878203301989,2.229231459910181e-09,0.896073458558494,2.275251319563889e-09,0.8984453931678725,2.198190876096802e-09,0.8923108039229783,2.477707923530601e-09,1.2,2.285015731507116e-09,1.2,2.229231459910181e-09,1.2,2.275251319563889e-09,1.2,2.198190876096802e-09,1.2
2.546858762282965e-09,0.8996538136740747,2.34468485754905e-09,0.8993963213216091,2.274681930755292e-09,0.8984302131672183,2.336280604333263e-09,0.899344016157422,2.235481324845444e-09,0.8966326833702695,2.546858762282965e-09,1.2,2.34468485754905e-09,1.2,2.274681930755292e-09,1.2,2.336280604333263e-09,1.2,2.235481324845444e-09,1.2
2.626451689094312e-09,0.8996539505128442,2.411548270173337e-09,0.899609893784905,2.335804469822427e-09,0.8993431137669339,2.399513668039485e-09,0.8995889351881875,2.281690402642723e-09,0.8986218353967662,2.626451689094312e-09,1.2,2.411548270173337e-09,1.2,2.335804469822427e-09,1.2,2.399513668039485e-09,1.2,2.281690402642723e-09,1.2
2.767285364593905e-09,0.8996553668631135,2.505837625464193e-09,0.8996560001253482,2.398821168768273e-09,0.899586667181867,2.428612026130795e-09,0.8996235872122582,2.342406654442483e-09,0.8993938803050312,2.767285364593905e-09,1.2,2.505837625464193e-09,1.2,2.398821168768273e-09,1.2,2.428612026130795e-09,1.2,2.342406654442483e-09,1.2
3.048952715593091e-09,0.8996540835545588,2.575261837036335e-09,0.8996534620371048,2.427966967409213e-09,0.8996233561464418,2.486808742313414e-09,0.8996520301234429,2.407686262483232e-09,0.8996019118114714,3.048952715593091e-09,1.2,2.575261837036335e-09,1.2,2.427966967409213e-09,1.2,2.486808742313414e-09,1.2,2.407686262483232e-09,1.2
3.500669033663534e-09,0.899655126003044,2.664557528534771e-09,0.8996558861034384,2.486258564691095e-09,0.8996515974435424,2.552781626443434e-09,0.8996544286528959,2.504484456259804e-09,0.8996594927586045,3.500669033663534e-09,1.2,2.664557528534771e-09,1.2,2.486258564691095e-09,1.2,2.552781626443434e-09,1.2,2.504484456259804e-09,1.2
4.200669033663534e-09,0.8996539531186034,2.80315151727981e-09,0.899654478785555,2.55215522938224e-09,0.899654686310604,2.672496821967187e-09,0.899654205283119,2.573662066686698e-09,0.8996518384888768,4.200669033663534e-09,1.2,2.80315151727981e-09,1.2,2.55215522938224e-09,1.2,2.672496821967187e-09,1.2,2.573662066686698e-09,1.2
4.900669033663534e-09,0.8996551604636649,3.070881203514033e-09,0.8996548906656239,2.671269743017015e-09,0.8996539870479054,2.810996730845266e-09,0.8996546696831672,2.662750165688964e-09,0.899657406579907,4.900669033663534e-09,1.2,3.070881203514033e-09,1.2,2.671269743017015e-09,1.2,2.810996730845266e-09,1.2,2.662750165688964e-09,1.2
5.600669033663533e-09,0.8996539110298203,3.509312219447078e-09,0.8996544560060494,2.808975691280233e-09,0.8996548346449292,3.087996548601423e-09,0.8996544306707164,2.797325317174498e-09,0.8996535422002327,5.600669033663533e-09,1.2,3.509312219447078e-09,1.2,2.808975691280233e-09,1.2,3.087996548601423e-09,1.2,2.797325317174498e-09,1.2
6.300669033663533e-09,0.8996551770548432,4.209312219447078e-09,0.899654610791788,3.084387587806669e-09,0.8996542769105912,3.641996184113737e-09,0.8996545887831979,3.047657047267562e-09,0.8996557721654513,6.300669033663533e-09,1.2,4.209312219447078e-09,1.2,3.084387587806669e-09,1.2,3.641996184113737e-09,1.2,3.047657047267562e-09,1.2
7.000669033663532e-09,0.8996539066506068,4.909312219447077e-09,0.8996545134178634,3.635211380859541e-09,0.8996547323060901,4.341996184113737e-09,0.8996544525285404,3.459461071208293e-09,0.8996536607398121,7.000669033663532e-09,1.2,4.909312219447077e-09,1.2,3.635211380859541e-09,1.2,4.341996184113737e-09,1.2,3.459461071208293e-09,1.2
7.700669033663532e-09,0.8996551706440752,5.609312219447077e-09,0.8996545407777714,4.335211380859541e-09,0.8996543129308854,5.041996184113737e-09,0.8996545556524425,4.159461071208293e-09,0.8996553788471936,7.700669033663532e-09,1.2,5.609312219447077e-09,1.2,4.335211380859541e-09,1.2,5.041996184113737e-09,1.2,4.159461071208293e-09,1.2
8.400669033663532e-09,0.8996539215163178,6.309312219447076e-09,0.8996545654564431,5.035211380859542e-09,0.8996546874144334,5.741996184113736e-09,0.8996544777283516,4.859461071208293e-09,0.8996537742544789,8.400669033663532e-09,1.2,6.309312219447076e-09,1.2,5.035211380859542e-09,1.2,5.741996184113736e-09,1.2,4.859461071208293e-09,1.2
9.100669033663531e-09,0.8996551485190154,7.009312219447076e-09,0.8996545006431009,5.735211380859541e-09,0.8996543493721491,6.441996184113736e-09,0.8996545358370384,5.559461071208293e-09,0.8996552512352838,9.100669033663531e-09,1.2,7.009312219447076e-09,1.2,5.735211380859541e-09,1.2,6.441996184113736e-09,1.2,5.559461071208293e-09,1.2
9.800669033663531e-09,0.8996539478690943,7.709312219447076e-09,0.8996545949868106,6.435211380859541e-09,0.89965465688211,7.141996184113736e-09,0.899654493575103,6.259461071208293e-09,0.899653882228442,9.800669033663531e-09,1.2,7.709312219447076e-09,1.2,6.435211380859541e-09,1.2,7.141996184113736e-09,1.2,6.259461071208293e-09,1.2
1.050066903366353e-08,0.899655118806109,8.409312219447075e-09,0.8996544774461306,7.13521138085954e-09,0.8996543754508545,7.841996184113735e-09,0.8996545231711924,6.959461071208292e-09,0.8996551566368493,1.050066903366353e-08,1.2,8.409312219447075e-09,1.2,7.13521138085954e-09,1.2,7.841996184113735e-09,1.2,6.959461071208292e-09,1.2
1.120066903366353e-08,0.8996539799512836,9.109312219447075e-09,0.8996546117669516,7.83521138085954e-09,0.8996546344511221,8.541996184113735e-09,0.8996545036887145,7.659461071208292e-09,0.8996539650707956,1.120066903366353e-08,1.2,9.109312219447075e-09,1.2,7.83521138085954e-09,1.2,8.541996184113735e-09,1.2,7.659461071208292e-09,1.2
1.160033451683177e-08,0.8996550720722657,9.809312219447075e-09,0.8996544653662268,8.53521138085954e-09,0.8996543948831947,9.241996184113735e-09,0.8996545151074482,8.359461071208292e-09,0.8996550825024748,1.160033451683177e-08,1.2,9.809312219447075e-09,1.2,8.53521138085954e-09,1.2,9.241996184113735e-09,1.2,8.359461071208292e-09,1.2
1.2e-08,0.8996540410074083,1.050931221944707e-08,0.8996546200917925,9.235211380859539e-09,0.8996546174937043,9.941996184113734e-09,0.8996545101045518,9.059461071208291e-09,0.8996540316120841,1.2e-08,1.2,1.050931221944707e-08,1.2,9.235211380859539e-09,1.2,9.941996184113734e-09,1.2,9.059461071208291e-09,1.2
1.210241018368245e-08,0.8996546221164344,1.120931221944707e-08,0.8996544600348612,9.935211380859539e-09,0.899654409788787,1.064199618411373e-08,0.8996545100174753,9.759461071208291e-09,0.8996550223789835,1.210241018368245e-08,1.163132333874319,1.120931221944707e-08,1.2,9.935211380859539e-09,1.2,1.064199618411373e-08,1.2,9.759461071208291e-09,1.2
1.225445829314309e-08,0.8996546396876333,1.19e-08,0.8996546230508979,1.063521138085954e-08,0.8996546042974009,1.117099809205687e-08,0.8996545146205904,1.045946107120829e-08,0.8996540862752501,1.225445829314309e-08,1.10839501446849,1.19e-08,1.2,1.063521138085954e-08,1.2,1.117099809205687e-08,1.2,1.045946107120829e-08,1.2
1.238890030187122e-08,0.8996543196513556,1.201516689756831e-08,0.899654646518385,1.121760569042977e-08,0.8996544226097165,1.17e-08,0.8996545061157951,1.102973053560415e-08,0.8996549672113433,1.238890030187122e-08,1.059995891326361,1.201516689756831e-08,1.158539916875407,1.121760569042977e-08,1.2,1.17e-08,1.2,1.102973053560415e-08,1.2
1.26577843193275e-08,0.8996546213755348,1.222609691358339e-08,0.8996545491939105,1.18e-08,0.8996545918475014,1.18082652609308e-08,0.8996546154918146,1.16e-08,0.8996541417209114,1.26577843193275e-08,0.963197645042102,1.222609691358339e-08,1.08260511110998,1.18e-08,1.2,1.18082652609308e-08,1.161024506064912,1.16e-08,1.2
1.300364394768853e-08,0.8996544464934754,1.240701506651345e-08,0.8996543568799683,1.191059198150443e-08,0.8996546185859601,1.198752183167203e-08,0.8996545529318688,1.171006792457313e-08,0.8996546190185999,1.300364394768853e-08,0.8386881788321299,1.240701506651345e-08,1.017474576055158,1.191059198150443e-08,1.160186886658404,1.198752183167203e-08,1.09649214059807,1.171006792457313e-08,1.160375547153675
1.309440236523249e-08,0.8996544377706794,1.276885137237357e-08,0.8996546470114272,1.210046011337885e-08,0.8996545369538214,1.21436904661739e-08,0.8996543166943546,1.189755406122292e-08,0.8996545959791621,1.309440236523249e-08,0.8060151485163037,1.276885137237357e-08,0.8872135059455146,1.210046011337885e-08,1.091834359183613,1.21436904661739e-08,1.040271432177397,1.189755406122292e-08,1.092880537959747
1.327591920032041e-08,0.8996542641252501,1.312490105352545e-08,0.899654288113894,1.226505610203723e-08,0.8996543219949202,1.245602773517763e-08,0.8996546001392881,1.206026063663325e-08,0.8996543263387276,1.327591920032041e-08,0.7406690878846517,1.312490105352545e-08,0.7590356207308383,1.226505610203723e-08,1.032579803266596,1.245602773517763e-08,0.9278300153360526,1.206026063663325e-08,1.03430617081203
1.352386573344256e-08,0.8996547974872752,1.343537163867009e-08,0.8996547193984946,1.259424807935399e-08,0.8996546036718793,1.281001770753043e-08,0.8996543781009588,1.23856737874539e-08,0.8996546545430989,1.352386573344256e-08,0.6514083359606792,1.343537163867009e-08,0.6472662100787684,1.259424807935399e-08,0.9140706914325627,1.281001770753043e-08,0.8003936252890453,1.23856737874539e-08,0.9171574365165965
1.372543575878289e-08,0.8996558073320758,1.37003983885486e-08,0.8996566765005845,1.294999732607219e-08,0.8996543484510751,1.314118834780049e-08,0.8996543560481937,1.274110749362046e-08,0.8996543640825491,1.372543575878289e-08,0.5788431268381616,1.37003983885486e-08,0.5518565801225039,1.294999732607219e-08,0.7860009626140128,1.314118834780049e-08,0.6811721947918219,1.274110749362046e-08,0.7892013022966342
1.399546083769805e-08,0.8996613590416342,1.396096138375056e-08,0.8996637256579763,1.327140227324719e-08,0.8996544297885499,1.347965231631689e-08,0.8996562675500845,1.306449316105184e-08,0.8996544533793862,1.399546083769805e-08,0.4816340984287012,1.396096138375056e-08,0.4580539018497972,1.327140227324719e-08,0.6702951816310097,1.347965231631689e-08,0.5593251661259182,1.306449316105184e-08,0.672782462021339
1.419942211196496e-08,0.8996707742953103,1.416303236626105e-08,0.8996740108968507,1.362889710525989e-08,0.8996569578835366,1.375419048045372e-08,0.8996631793796885,1.341729746320008e-08,0.8996568879545761,1.419942211196496e-08,0.4082080396926148,1.416303236626105e-08,0.3853083481460211,1.362889710525989e-08,0.5415970421064388,1.375419048045372e-08,0.4604914270366609,1.341729746320008e-08,0.5457729132479727
1.437529293889694e-08,0.8996767594740823,1.433815185119043e-08,0.8996641752776745,1.38993629861145e-08,0.8996650765426528,1.397766107156023e-08,0.8996740661829065,1.368852798767916e-08,0.8996646319436182,1.437529293889694e-08,0.3448945419971017,1.433815185119043e-08,0.3222653335714456,1.38993629861145e-08,0.4442293249987815,1.397766107156023e-08,0.3800420142383187,1.368852798767916e-08,0.4481299244355031
1.442698362290933e-08,0.8996764610360504,1.440927127484881e-08,0.8996046595350323,1.411277469704275e-08,0.8996757272604019,1.415458045954101e-08,0.8996582197060358,1.390408307335124e-08,0.899675330025382,1.442698362290933e-08,0.3262858957526399,1.440927127484881e-08,0.2966623410544268,1.411277469704275e-08,0.3674011090646088,1.415458045954101e-08,0.3163510345652376,1.390408307335124e-08,0.3705300935935546
1.449746448389673e-08,0.8996297733069405,1.443706381690613e-08,0.8995014971306872,1.429069560214635e-08,0.8996025272297929,1.422255793633389e-08,0.8995826480334068,1.408151266803729e-08,0.8996241734614816,1.449746448389673e-08,0.3009127857971786,1.443706381690613e-08,0.2866570259137921,1.429069560214635e-08,0.3033495832273159,1.422255793633389e-08,0.2918791429197981,1.408151266803729e-08,0.3066554395065767
1.45330160773258e-08,0.8995092933520433,1.445096008793479e-08,0.8993416680432444,1.433951980475003e-08,0.8994680079060111,1.424903371395454e-08,0.8994470035591868,1.413464156130235e-08,0.8995153698706805,1.45330160773258e-08,0.2881142121627143,1.445096008793479e-08,0.2816543683434743,1.433951980475003e-08,0.2857728702899877,1.424903371395454e-08,0.2823478629763656,1.413464156130235e-08,0.2875290379311541
1.454620284594605e-08,0.8993748614552088,1.447875262999211e-08,0.8978827149118331,1.436131084694201e-08,0.8992014468984294,1.426227085964284e-08,0.8992362470327563,1.415759496461251e-08,0.8993022889047605,1.454620284594605e-08,0.2833669754594219,1.447875262999211e-08,0.2716490532028392,1.436131084694201e-08,0.2779280951008761,1.426227085964284e-08,0.277582490528576,1.415759496461251e-08,0.2792658127394978
1.457257638318656e-08,0.8982520200326827,1.450708983315853e-08,0.8874991178116558,1.437192666904939e-08,0.8988321871863145,1.428874515101945e-08,0.8974075494329165,1.416884724064834e-08,0.8989971906182146,1.457257638318656e-08,0.2738725020528372,1.450708983315853e-08,0.2614476600629293,1.437192666904939e-08,0.2741063991422203,1.428874515101945e-08,0.2680517456329965,1.416884724064834e-08,0.2752149933665959
1.460097989173543e-08,0.890055693035088,1.452341203235117e-08,0.8655547213208369,1.439315831326415e-08,0.8964026722797591,1.431678710427993e-08,0.8843486553025056,1.419135179272002e-08,0.8968468487700513,1.460097989173543e-08,0.2636472389752458,1.452341203235117e-08,0.2555716683535776,1.439315831326415e-08,0.2664630072249076,1.431678710427993e-08,0.2579566424592263,1.419135179272002e-08,0.2671133546207936
1.461864391675177e-08,0.8698413907558104,1.453646774472613e-08,0.8234875556954728,1.442199296818855e-08,0.8754963568818765,1.433300371868911e-08,0.8574526977796546,1.421955634774323e-08,0.8798678170594916,1.461864391675177e-08,0.2572881899693616,1.453646774472613e-08,0.2508716118985936,1.442199296818855e-08,0.2560825314521216,1.433300371868911e-08,0.2521186612719187,1.421955634774323e-08,0.2569597148124391
1.463216821347635e-08,0.8306058062473026,1.45513580571391e-08,0.720607329065309,1.44382574268151e-08,0.8353286777233786,1.434574351903853e-08,0.8086343461467258,1.423588605480637e-08,0.8456488621010655,1.463216821347635e-08,0.2524194431485158,1.45513580571391e-08,0.2455110994299231,1.44382574268151e-08,0.2502273263465631,1.434574351903853e-08,0.2475323331461279,1.423588605480637e-08,0.2510810202697079
1.464776494058271e-08,0.7288738259731833,1.456296607713854e-08,0.5862225287518561,1.445046596020355e-08,0.7690576269673707,1.435991763367544e-08,0.6988985262606747,1.424835430790725e-08,0.7870139689053686,1.464776494058271e-08,0.2468046213902244,1.456296607713854e-08,0.2413322122301241,1.445046596020355e-08,0.2458322543267225,1.435991763367544e-08,0.2424296518768422,1.424835430790725e-08,0.24659244915339
1.465958813215557e-08,0.5959080803775659,1.457587284148076e-08,0.3846886100548826,1.446329543039203e-08,0.6451585526353095,1.437130389316227e-08,0.5580153341505607,1.42617495510178e-08,0.6686214205090419,1.465958813215557e-08,0.2425482724239938,1.457587284148076e-08,0.2366857770669258,1.446329543039203e-08,0.2412136450588689,1.437130389316227e-08,0.238330598461583,1.42617495510178e-08,0.2417701616335917
1.46723000933743e-08,0.400559774218029,1.458196928028604e-08,0.2765009217365501,1.447481132833422e-08,0.4833996088172386,1.438499051415139e-08,0.3360644824570967,1.427309885289063e-08,0.5169677575735204,1.46723000933743e-08,0.237971966385253,1.458196928028604e-08,0.2344910590970273,1.447481132833422e-08,0.2370679217996807,1.438499051415139e-08,0.2334034149054982,1.427309885289063e-08,0.2376844129593731
1.467771852746834e-08,0.3050102491584761,1.458780037119905e-08,0.1774535812667062,1.448285851741031e-08,0.3474589007948238,1.439185920423678e-08,0.2152332526107948,1.428884153956415e-08,0.2540182725642089,1.467771852746834e-08,0.2360213301113983,1.458780037119905e-08,0.2323918663683437,1.448285851741031e-08,0.2341709337322888,1.439185920423678e-08,0.2309306864747599,1.428884153956415e-08,0.2320170457569075
1.468396739546217e-08,0.1966573926658888,1.459477554534236e-08,0.08713318187433786,1.448958643316107e-08,0.2286391404275141,1.439771792981639e-08,0.1263823014277729,1.429603035833184e-08,0.1390262276383891,1.468396739546217e-08,0.2337717376336185,1.459477554534236e-08,0.2298808036767515,1.448958643316107e-08,0.2317488840620145,1.439771792981639e-08,0.2288215452661,1.429603035833184e-08,0.2294290710005376
1.469127289685398e-08,0.09647812112242436,1.460042814663165e-08,0.04317729639293254,1.449551002381145e-08,0.1361321517292685,1.440398828036998e-08,0.06162740901059439,1.43041460238277e-08,0.05470618009804846,1.469127289685398e-08,0.2311417571325687,1.460042814663165e-08,0.2278458672126046,1.449551002381145e-08,0.2296163914278779,1.440398828036998e-08,0.2265642190668076,1.43041460238277e-08,0.2265074314220269
1.469700333014374e-08,0.04799756590703201,1.460820379405882e-08,0.01420375962775534,1.450166330344383e-08,0.06851347589839125,1.441001778841508e-08,0.02776682096582629,1.431020493783002e-08,0.02422697908385352,1.469700333014374e-08,0.2290788011482526,1.460820379405882e-08,0.2250466341388244,1.450166330344383e-08,0.2274012107602225,1.441001778841508e-08,0.2243935961705698,1.431020493783002e-08,0.2243262223811945
1.470399921618432e-08,0.01818855233365262,1.461588942569794e-08,0.004592781812216784,1.450754939754774e-08,0.03190715866808631,1.441615560915474e-08,0.01163258927311013,1.431633713152338e-08,0.0100955629069655,1.470399921618432e-08,0.2265602821736464,1.461588942569794e-08,0.222279806748741,1.450754939754774e-08,0.2252822168828144,1.441615560915474e-08,0.2221839807042955,1.431633713152338e-08,0.2221186326515852
1.4712704816899e-08,0.00492581330751893,1.462299439135864e-08,0.001875743444750326,1.451382249878658e-08,0.013162745733278,1.442301113073727e-08,0.004392709590482591,1.432314782981461e-08,0.003872402970412699,1.4712704816899e-08,0.2234262659163593,1.462299439135864e-08,0.2197220191108913,1.451382249878658e-08,0.2230239004368303,1.442301113073727e-08,0.2197159929345821,1.432314782981461e-08,0.2196667812667416
1.471962215068419e-08,0.002043778950450903,1.463111100996657e-08,0.0007923018648316729,1.452078385131323e-08,0.004851098573613332,1.443017266225844e-08,0.001779703055906341,1.433047372976746e-08,0.001558643378851021,1.471962215068419e-08,0.2209360257536912,1.463111100996657e-08,0.2168000364120333,1.452078385131323e-08,0.2205178135272382,1.443017266225844e-08,0.2171378415869598,1.433047372976746e-08,0.2170294572837125
1.472769057528493e-08,0.0008575260097002527,1.464202591095205e-08,0.0002859368707018353,1.452785149854994e-08,0.001964564610171096,1.443894650651524e-08,0.0006875027521598305,1.433954980572114e-08,0.0005907022797152408,1.472769057528493e-08,0.2180313928974267,1.464202591095205e-08,0.2128706720572628,1.452785149854994e-08,0.217973460522021,1.443894650651524e-08,0.213979257654514,1.433954980572114e-08,0.213762069940391
1.47379418092131e-08,0.0003299565871068249,1.465416526094217e-08,9.949371759630777e-05,1.453634743459883e-08,0.000773939551737832,1.445064353680659e-08,0.0002307596134445128,1.435191050170898e-08,0.0001878800969518155,1.47379418092131e-08,0.2143409486832845,1.465416526094217e-08,0.2085005060608198,1.453634743459883e-08,0.21491492354442,1.445064353680659e-08,0.2097683267496266,1.435191050170898e-08,0.2093122193847671
1.47505104233911e-08,0.0001084464815850833,1.466622848489066e-08,4.021220624964134e-05,1.454752576777717e-08,0.0002701615265086088,1.446255964258467e-08,8.354111950149987e-05,1.436362825112815e-08,7.057424733365984e-05,1.47505104233911e-08,0.2098162475792035,1.466622848489066e-08,0.2041577454393614,1.454752576777717e-08,0.2108907236002183,1.446255964258467e-08,0.2054785286695202,1.436362825112815e-08,0.2050938295938662
1.476237482769297e-08,4.355600589367965e-05,1.468042477721599e-08,2.148330080140468e-05,1.455972893720637e-08,9.38813946619569e-05,1.447491326821505e-08,3.495861192012363e-05,1.437630577173516e-08,3.082907988805879e-05,1.476237482769297e-08,0.20554506203053,1.468042477721599e-08,0.1990470802022433,1.455972893720637e-08,0.2064975826057062,1.447491326821505e-08,0.2010312234425833,1.437630577173516e-08,0.200529922175341
1.477636077680934e-08,2.257411657696757e-05,1.469976434105212e-08,1.337610997918536e-05,1.457186519846927e-08,3.841275440072318e-05,1.448963432570516e-08,1.974272765217105e-05,1.439162645724848e-08,1.829145645913289e-05,1.477636077680934e-08,0.2005101203486375,1.469976434105212e-08,0.1920848372212363,1.457186519846927e-08,0.2021285285510624,1.448963432570516e-08,0.1957316427461411,1.439162645724848e-08,0.1950144753905461
1.479473795088415e-08,1.38805086046396e-05,1.473300199489416e-08,8.421823223470979e-06,1.458620931516507e-08,2.093182485536376e-05,1.451073435091429e-08,1.245460618190586e-05,1.441472935284216e-08,1.15377999915516e-05,1.479473795088415e-08,0.1938943376817048,1.473300199489416e-08,0.1801192818381012,1.458620931516507e-08,0.196964646540575,1.451073435091429e-08,0.1881356336708557,1.441472935284216e-08,0.1866974329768214
1.482660641861862e-08,8.964539789848295e-06,1.478610304754653e-08,4.08953947810204e-06,1.460601413878893e-08,1.31028590760148e-05,1.454722083953717e-08,7.47838405993415e-06,1.445481597561249e-08,6.618971333885784e-06,1.482660641861862e-08,0.1824216892972963,1.478610304754653e-08,0.1610029028832509,1.460601413878893e-08,0.1898349100359848,1.454722083953717e-08,0.1750004977666197,1.445481597561249e-08,0.172266248779505
1.487618816618714e-08,4.386224937624396e-06,1.484305152377326e-08,2.954477573282193e-06,1.464030708485993e-08,8.126267800904611e-06,1.460658209744977e-08,3.610169073109978e-06,1.452046358982878e-08,3.226289859466557e-06,1.487618816618714e-08,0.1645722601726316,1.484305152377326e-08,0.140501451441625,1.464030708485993e-08,0.1774894494504236,1.460658209744977e-08,0.153630444918083,1.452046358982878e-08,0.1486331076616396
1.493809408309357e-08,3.016171809475259e-06,1.49e-08,1.653979095264636e-06,1.469522445361403e-08,3.931170398425455e-06,1.47e-08,1.948870123724043e-06,1.46e-08,1.876372043384312e-06,1.493809408309357e-08,0.1422861300863167,1.49e-08,0.12,1.469522445361403e-08,0.157719196698948,1.47e-08,0.12,1.46e-08,0.12
1.5e-08,1.567310525904035e-06,1.493751913444127e-08,1.729807040243762e-06,1.474761222680702e-08,2.931720718575861e-06,1.474283168315378e-08,1.771336074697351e-06,1.464102670935027e-08,1.787977657274098e-06,1.5e-08,0.120000000000001,1.493751913444127e-08,0.12,1.474761222680702e-08,0.1388595983494743,1.474283168315378e-08,0.12,1.464102670935027e-08,0.12
1.503827184874884e-08,1.710772667459975e-06,1.498322720565994e-08,1.585634554066928e-06,1.48e-08,1.762707170818511e-06,1.479907668703433e-08,1.505330539530652e-06,1.469414543427855e-08,1.531848088561102e-06,1.503827184874884e-08,0.12,1.498322720565994e-08,0.12,1.48e-08,0.1200000000000003,1.479907668703433e-08,0.12,1.469414543427855e-08,0.12
1.508595278681592e-08,1.570337391387654e-06,1.502777502486289e-08,1.477723604113262e-06,1.483683270754669e-08,1.765035714950167e-06,1.48550214130805e-08,1.470042493601985e-06,1.474604505833644e-08,1.47434696611324e-06,1.508595278681592e-08,0.12,1.502777502486289e-08,0.12,1.483683270754669e-08,0.12,1.48550214130805e-08,0.12,1.474604505833644e-08,0.12
1.513219592769068e-08,1.468654008811389e-06,1.51168706632688e-08,1.439865370028875e-06,1.48806883645123e-08,1.605691679597015e-06,1.496691086517285e-08,1.40144281572207e-06,1.484984430645223e-08,1.413994600154719e-06,1.513219592769068e-08,0.12,1.51168706632688e-08,0.12,1.48806883645123e-08,0.12,1.496691086517285e-08,0.12,1.484984430645223e-08,0.12
1.52246822094402e-08,1.434105271377228e-06,1.529506194008062e-08,1.301912013647157e-06,1.492364492442491e-08,1.49081646343496e-06,1.519068976935754e-08,1.275020430450636e-06,1.50574428026838e-08,1.284455716244338e-06,1.52246822094402e-08,0.12,1.529506194008062e-08,0.12,1.492364492442491e-08,0.12,1.519068976935754e-08,0.12,1.50574428026838e-08,0.12
1.540965477293923e-08,1.293628880195668e-06,1.565144449370425e-08,1.238100905288457e-06,1.500955804425012e-08,1.447151673553026e-06,1.559148118652413e-08,1.207252291289947e-06,1.54521903526985e-08,1.214625593871201e-06,1.540965477293923e-08,0.12,1.565144449370425e-08,0.12,1.500955804425012e-08,0.12,1.559148118652413e-08,0.12,1.54521903526985e-08,0.12
1.57795998999373e-08,1.233494632291141e-06,1.612153257650768e-08,1.130462440386239e-06,1.518138428390053e-08,1.311299466268923e-06,1.610222299666642e-08,1.120894718198983e-06,1.594888521437352e-08,1.125292406806982e-06,1.57795998999373e-08,0.12,1.612153257650768e-08,0.12,1.518138428390053e-08,0.12,1.610222299666642e-08,0.12,1.594888521437352e-08,0.12
1.625731493257224e-08,1.12509705684322e-06,1.673947277200025e-08,1.12353022900618e-06,1.551796286487557e-08,1.244845492613024e-06,1.678228276693646e-08,1.103458542487864e-06,1.661314261937254e-08,1.107032323786958e-06,1.625731493257224e-08,0.12,1.673947277200025e-08,0.12,1.551796286487557e-08,0.12,1.678228276693646e-08,0.12,1.661314261937254e-08,0.12
1.688732186951787e-08,1.122306535655768e-06,1.743947277200025e-08,1.053433637332863e-06,1.598052661023612e-08,1.136700880531147e-06,1.748228276693646e-08,1.055226403732835e-06,1.731314261937254e-08,1.056554655176881e-06,1.688732186951787e-08,0.12,1.743947277200025e-08,0.12,1.598052661023612e-08,0.12,1.748228276693646e-08,0.12,1.731314261937254e-08,0.12
1.758732186951787e-08,1.050625803015667e-06,1.813947277200025e-08,1.075254388173165e-06,1.658399410599865e-08,1.125569155404897e-06,1.818228276693646e-08,1.059119004528308e-06,1.801314261937254e-08,1.061835148706729e-06,1.758732186951787e-08,0.12,1.813947277200025e-08,0.12,1.658399410599865e-08,0.12,1.818228276693646e-08,0.12,1.801314261937254e-08,0.12
1.828732186951787e-08,1.074714367813106e-06,1.883947277200025e-08,1.015980952663737e-06,1.728399410599865e-08,1.056670832468369e-06,1.888228276693646e-08,1.023806461696324e-06,1.871314261937254e-08,1.023487208630338e-06,1.828732186951787e-08,0.12,1.883947277200025e-08,0.12,1.728399410599865e-08,0.12,1.888228276693646e-08,0.12,1.871314261937254e-08,0.12
1.898732186951787e-08,1.014817121263347e-06,1.953947277200025e-08,1.057201053518591e-06,1.798399410599864e-08,1.075672354619111e-06,1.958228276693646e-08,1.046335044639718e-06,1.941314261937254e-08,1.047503585679531e-06,1.898732186951787e-08,0.12,1.953947277200025e-08,0.12,1.798399410599864e-08,0.12,1.958228276693646e-08,0.12,1.941314261937254e-08,0.12
1.968732186951787e-08,1.057469668478495e-06,2.023947277200025e-08,1.010035928622807e-06,1.868399410599864e-08,1.018115791176041e-06,2.028228276693646e-08,1.020324744669378e-06,2.011314261937254e-08,1.019512540856662e-06,1.968732186951787e-08,0.12,2.023947277200025e-08,0.12,1.868399410599864e-08,0.12,2.028228276693646e-08,0.12,2.011314261937254e-08,0.12
2.038732186951787e-08,1.009807836648007e-06,2.093947277200025e-08,1.056680345868472e-06,1.938399410599864e-08,1.055916901527347e-06,2.098228276693646e-08,1.046196667288443e-06,2.081314261937254e-08,1.04716817079574e-06,2.038732186951787e-08,0.12,2.093947277200025e-08,0.12,1.938399410599864e-08,0.12,2.098228276693646e-08,0.12,2.081314261937254e-08,0.12
2.108732186951787e-08,1.05674259883325e-06,2.163947277200025e-08,1.009768716848193e-06,2.008399410599864e-08,1.01156079882365e-06,2.168228276693646e-08,1.02013154564637e-06,2.151314261937253e-08,1.019428945113692e-06,2.108732186951787e-08,0.12,2.163947277200025e-08,0.12,2.008399410599864e-08,0.12,2.168228276693646e-08,0.12,2.151314261937253e-08,0.12
2.178732186951787e-08,1.009881061558442e-06,2.233947277200024e-08,1.056736051740208e-06,2.078399410599864e-08,1.055102428266892e-06,2.238228276693646e-08,1.04623149787096e-06,2.221314261937253e-08,1.047106760073737e-06,2.178732186951787e-08,0.12,2.233947277200024e-08,0.12,2.078399410599864e-08,0.12,2.238228276693646e-08,0.12,2.221314261937253e-08,0.12
2.248732186951787e-08,1.05648008089787e-06,2.303947277200024e-08,1.009813894064109e-06,2.148399410599864e-08,1.011366650614574e-06,2.308228276693646e-08,1.020220095021069e-06,2.291314261937253e-08,1.019582108085047e-06,2.248732186951787e-08,0.12,2.303947277200024e-08,0.12,2.148399410599864e-08,0.12,2.308228276693646e-08,0.12,2.291314261937253e-08,0.12
2.318732186951787e-08,1.010242676565343e-06,2.373947277200024e-08,1.056635141453038e-06,2.218399410599864e-08,1.055090601645603e-06,2.378228276693646e-08,1.046106349760649e-06,2.361314261937253e-08,1.046915496881273e-06,2.318732186951787e-08,0.12,2.373947277200024e-08,0.12,2.218399410599864e-08,0.12,2.378228276693646e-08,0.12,2.361314261937253e-08,0.12
2.388732186951787e-08,1.056068772222201e-06,2.443947277200024e-08,1.00999977492821e-06,2.288399410599864e-08,1.011447960681678e-06,2.448228276693646e-08,1.020404440422456e-06,2.431314261937253e-08,1.019835192529286e-06,2.388732186951787e-08,0.12,2.443947277200024e-08,0.12,2.288399410599864e-08,0.12,2.448228276693646e-08,0.12,2.431314261937253e-08,0.12
2.458732186951787e-08,1.010730543802459e-06,2.513947277200024e-08,1.05640264049739e-06,2.358399410599864e-08,1.054976374723562e-06,2.518228276693646e-08,1.045895420500964e-06,2.501314261937253e-08,1.046636058954152e-06,2.458732186951787e-08,0.12,2.513947277200024e-08,0.12,2.358399410599864e-08,0.12,2.518228276693646e-08,0.12,2.501314261937253e-08,0.12
2.528732186951787e-08,1.055542247036634e-06,2.583947277200024e-08,1.010288989427748e-06,2.428399410599864e-08,1.011629410170616e-06,2.588228276693646e-08,1.020648400939179e-06,2.571314261937253e-08,1.020148887266229e-06,2.528732186951787e-08,0.12,2.583947277200024e-08,0.12,2.428399410599864e-08,0.12,2.588228276693646e-08,0.12,2.571314261937253e-08,0.12
2.598732186951787e-08,1.011304731213667e-06,2.653947277200024e-08,1.056076172448198e-06,2.498399410599864e-08,1.054764830047524e-06,2.658228276693646e-08,1.045634607273964e-06,2.641314261937253e-08,1.046305987626027e-06,2.598732186951787e-08,0.12,2.653947277200024e-08,0.12,2.498399410599864e-08,0.12,2.658228276693646e-08,0.12,2.641314261937253e-08,0.12
2.668732186951787e-08,1.054939668064114e-06,2.723947277200024e-08,1.01065465501655e-06,2.568399410599864e-08,1.011884143497798e-06,2.728228276693646e-08,1.020926801775406e-06,2.711314261937253e-08,1.020496634395046e-06,2.668732186951787e-08,0.12,2.723947277200024e-08,0.12,2.568399410599864e-08,0.12,2.728228276693646e-08,0.12,2.711314261937253e-08,0.12
2.738732186951787e-08,1.011937183976511e-06,2.793947277200024e-08,1.055681575689048e-06,2.638399410599864e-08,1.054485163185005e-06,2.798228276693646e-08,1.045347059858432e-06,2.781314261937253e-08,1.04594981809612e-06,2.738732186951787e-08,0.12,2.793947277200024e-08,0.12,2.638399410599864e-08,0.12,2.798228276693646e-08,0.12,2.781314261937253e-08,0.12
2.808732186951787e-08,1.054287484369896e-06,2.863947277200024e-08,1.01107722542811e-06,2.708399410599864e-08,1.012192590680651e-06,2.868228276693646e-08,1.021222478425975e-06,2.851314261937253e-08,1.0208603799313e-06,2.808732186951787e-08,0.12,2.863947277200024e-08,0.12,2.708399410599864e-08,0.12,2.868228276693646e-08,0.12,2.851314261937253e-08,0.12
2.878732186951787e-08,1.012608010747585e-06,2.933947277200024e-08,1.055236838919898e-06,2.778399410599864e-08,1.054157160809843e-06,2.938228276693645e-08,1.045047830095956e-06,2.921314261937253e-08,1.045583461402588e-06,2.878732186951787e-08,0.12,2.933947277200024e-08,0.12,2.778399410599864e-08,0.12,2.938228276693645e-08,0.12,2.921314261937253e-08,0.12
2.948732186951787e-08,1.053603685496144e-06,3.003947277200024e-08,1.011542416526609e-06,2.848399410599864e-08,1.012540462425567e-06,3.008228276693645e-08,1.021523980027732e-06,2.991314261937253e-08,1.021228093610833e-06,2.948732186951787e-08,0.12,3.003947277200024e-08,0.12,2.848399410599864e-08,0.12,3.008228276693645e-08,0.12,2.991314261937253e-08,0.12
3.018732186951787e-08,1.013303112768646e-06,3.073947277200024e-08,1.054754738491433e-06,2.918399410599864e-08,1.053794387383861e-06,3.078228276693645e-08,1.044746626074594e-06,3.061314261937253e-08,1.045217152303279e-06,3.018732186951787e-08,0.12,3.073947277200024e-08,0.12,2.918399410599864e-08,0.12,3.078228276693645e-08,0.12,3.061314261937253e-08,0.12
3.088732186951787e-08,1.052900656744279e-06,3.143947277200024e-08,1.012039730903207e-06,2.988399410599864e-08,1.012917307554506e-06,3.148228276693645e-08,1.021823820253221e-06,3.131314261937253e-08,1.021591936963935e-06,3.088732186951787e-08,0.12,3.143947277200024e-08,0.12,2.988399410599864e-08,0.12,3.148228276693645e-08,0.12,3.131314261937253e-08,0.12
3.158732186951787e-08,1.014012513615955e-06,3.213947277200024e-08,1.054244532574874e-06,3.058399410599864e-08,1.053406348519714e-06,3.218228276693645e-08,1.044449633101194e-06,3.201314261937253e-08,1.044857351182734e-06,3.158732186951787e-08,0.12,3.213947277200024e-08,0.12,3.058399410599864e-08,0.12,3.218228276693645e-08,0.12,3.201314261937253e-08,0.12
3.228732186951787e-08,1.052187014214453e-06,3.283947277200024e-08,1.012561372491127e-06,3.128399410599864e-08,1.013315486548266e-06,3.288228276693645e-08,1.022117220497725e-06,3.271314261937253e-08,1.021946933091338e-06,3.228732186951787e-08,0.12,3.283947277200024e-08,0.12,3.128399410599864e-08,0.12,3.288228276693645e-08,0.12,3.271314261937253e-08,0.12
3.298732186951787e-08,1.014729128534321e-06,3.353947277200024e-08,1.053713077482085e-06,3.198399410599864e-08,1.052999833625527e-06,3.358228276693645e-08,1.044160671754905e-06,3.341314261937253e-08,1.044508042485755e-06,3.298732186951787e-08,0.12,3.353947277200024e-08,0.12,3.198399410599864e-08,0.12,3.358228276693645e-08,0.12,3.341314261937253e-08,0.12
3.368732186951787e-08,1.05146883519926e-06,3.423947277200024e-08,1.013101452853665e-06,3.268399410599864e-08,1.013729368101799e-06,3.428228276693645e-08,1.022401263993214e-06,3.411314261937253e-08,1.022290071667568e-06,3.368732186951787e-08,0.12,3.423947277200024e-08,0.12,3.268399410599864e-08,0.12,3.428228276693645e-08,0.12,3.411314261937253e-08,0.12
3.438732186951787e-08,1.015447894454104e-06,3.461973638600012e-08,1.052931731689634e-06,3.338399410599864e-08,1.052579797526371e-06,3.464114138346823e-08,1.043753574342857e-06,3.455657130968627e-08,1.044076796029458e-06,3.438732186951787e-08,0.12,3.461973638600012e-08,0.12,3.338399410599864e-08,0.12,3.464114138346823e-08,0.12,3.455657130968627e-08,0.12
3.5e-08,1.050699346824416e-06,3.5e-08,1.014129137810159e-06,3.408399410599864e-08,1.014154748821933e-06,3.5e-08,1.022922811765659e-06,3.5e-08,1.022803813377413e-06,3.5e-08,0.12,3.5e-08,0.12,3.408399410599864e-08,0.12,3.5e-08,0.12,3.5e-08,0.12
  ,  ,  ,  ,3.454199705299932e-08,1.052035146600984e-06,  ,  ,  ,  ,  ,  ,  ,  ,3.454199705299932e-08,0.12,  ,  ,  ,  
  ,  ,  ,  ,3.5e-08,1.0148199959324e-06,  ,  ,  ,  ,  ,  ,  ,  ,3.5e-08,0.12,  ,  ,  ,  
