/hit (dt=0) X,/hit (dt=0) Y,/hit (dt=0.004) X,/hit (dt=0.004) Y,/hit (dt=0.008) X,/hit (dt=0.008) Y,/hit (dt=0.012) X,/hit (dt=0.012) Y,/hit (dt=0.016) X,/hit (dt=0.016) Y,/hit (dt=0.02) X,/hit (dt=0.02) Y,/net8 (dt=0) X,/net8 (dt=0) Y,/net8 (dt=0.004) X,/net8 (dt=0.004) Y,/net8 (dt=0.008) X,/net8 (dt=0.008) Y,/net8 (dt=0.012) X,/net8 (dt=0.012) Y,/net8 (dt=0.016) X,/net8 (dt=0.016) Y,/net8 (dt=0.02) X,/net8 (dt=0.02) Y
0,1.033276198893949e-06,0,1.033276611578027e-06,0,1.033277078971425e-06,0,1.033277608197592e-06,0,1.033278200999134e-06,0,1.03327887933836e-06,0,0,0,0.004,0,0.008,0,0.012,0,0.016,0,0.02
3.5e-11,1.033276242901318e-06,3.5e-11,1.033276631810848e-06,3.5e-11,1.033277087355095e-06,3.5e-11,1.033277611380296e-06,3.5e-11,1.033279203985675e-06,3.5e-11,1.03327945601712e-06,3.5e-11,0,3.5e-11,0.004,3.5e-11,0.008,3.5e-11,0.012,3.5e-11,0.016,3.5e-11,0.02
1.05e-10,1.033276184557563e-06,1.05e-10,1.033276604989714e-06,1.05e-10,1.033277076109029e-06,1.05e-10,1.033277607044131e-06,1.05e-10,1.033277887266391e-06,1.05e-10,1.03327870323648e-06,1.05e-10,0,1.05e-10,0.004,1.05e-10,0.008,1.05e-10,0.012,1.05e-10,0.016,1.05e-10,0.02
2.45e-10,1.033276199183553e-06,2.45e-10,1.033276611756631e-06,2.45e-10,1.033277078933568e-06,2.45e-10,1.033277608111783e-06,2.45e-10,1.033278215474293e-06,2.45e-10,1.033278890358816e-06,2.45e-10,0,2.45e-10,0.004,2.45e-10,0.008,2.45e-10,0.012,2.45e-10,0.016,2.45e-10,0.02
5.249999999999999e-10,1.033276194549003e-06,5.249999999999999e-10,1.033276609595607e-06,5.249999999999999e-10,1.033277078036064e-06,5.249999999999999e-10,1.033277607768994e-06,5.249999999999999e-10,1.033278112147888e-06,5.249999999999999e-10,1.033278831633586e-06,5.249999999999999e-10,0,5.249999999999999e-10,0.004,5.249999999999999e-10,0.008,5.249999999999999e-10,0.012,5.249999999999999e-10,0.016,5.249999999999999e-10,0.02
1e-09,1.033276200358711e-06,1e-09,1.033276612300632e-06,1e-09,1.033277079162979e-06,1e-09,1.033277608198239e-06,1e-09,1.033278242255329e-06,1e-09,1.033278905704487e-06,1e-09,0,1e-09,0.004,1e-09,0.008,1e-09,0.012,1e-09,0.016,1e-09,0.02
1.055591636061552e-09,1.0412940911546e-06,1.055591636061552e-09,1.041308666022165e-06,1.055591636061552e-09,1.041324242141923e-06,1.055591636061552e-09,1.041340968290373e-06,1.055591636061552e-09,1.041359015247214e-06,1.055591636061552e-09,1.04137857276566e-06,1.055591636061552e-09,0.03335498163693098,1.055591636061552e-09,0.03735498163693098,1.055591636061552e-09,0.04135498163693098,1.055591636061552e-09,0.04535498163693098,1.055591636061552e-09,0.04935498163693098,1.055591636061552e-09,0.05335498163693098
1.159263650472177e-09,1.021432190731778e-06,1.159263650472177e-09,1.021504277104379e-06,1.159263650472177e-09,1.021588078743489e-06,1.159263650472177e-09,1.021685155519276e-06,1.159263650472177e-09,1.021797182384251e-06,1.159263650472177e-09,1.021926357754028e-06,1.159263650472177e-09,0.09555819028330599,1.159263650472177e-09,0.09955819028330599,1.159263650472177e-09,0.103558190283306,1.159263650472177e-09,0.107558190283306,1.159263650472177e-09,0.111558190283306,1.159263650472177e-09,0.115558190283306
1.265922928848498e-09,1.041848757549047e-06,1.265922928848498e-09,1.042433427674509e-06,1.265922928848498e-09,1.043089134436188e-06,1.265922928848498e-09,1.043823440702187e-06,1.265922928848498e-09,1.044644229576438e-06,1.265922928848498e-09,1.045560467411182e-06,1.265922928848498e-09,0.1595537573090988,1.265922928848498e-09,0.1635537573090988,1.265922928848498e-09,0.1675537573090988,1.265922928848498e-09,0.1715537573090988,1.265922928848498e-09,0.1755537573090988,1.265922928848498e-09,0.1795537573090988
1.332074141867731e-09,1.047042318626262e-06,1.332249969396052e-09,1.04911694875119e-06,1.332368807555934e-09,1.051357546339131e-06,1.332435006963263e-09,1.053763822767589e-06,1.332454125994531e-09,1.056332727505934e-06,1.332430802804084e-09,1.059061081673058e-06,1.332074141867731e-09,0.1992444851206386,1.332249969396052e-09,0.2033499816376309,1.332368807555934e-09,0.2074212845335605,1.332435006963263e-09,0.2114610041779579,1.332454125994531e-09,0.2154724755967186,1.332430802804084e-09,0.2194584816824505
1.388596142333349e-09,1.071995647587907e-06,1.3884969095046e-09,1.075109381296033e-06,1.388342030531566e-09,1.078239470709672e-06,1.388145707548492e-09,1.081370812983224e-06,1.387926097299185e-09,1.084496463914172e-06,1.387700670143821e-09,1.087620596955423e-06,1.388596142333349e-09,0.2331576854000091,1.3884969095046e-09,0.23709814570276,1.388342030531566e-09,0.2410052183189395,1.388145707548492e-09,0.2448874245290954,1.387926097299185e-09,0.248755658379511,1.387700670143821e-09,0.2526204020862928
1.459483941377788e-09,1.103610598474636e-06,1.457310380198351e-09,1.105694267705445e-06,1.455221386175718e-09,1.108077576749242e-06,1.45322435548606e-09,1.111070505762711e-06,1.451332210469967e-09,1.115213759286183e-06,1.449557221704741e-09,1.12509519646244e-06,1.459483941377788e-09,0.275690364826673,1.457310380198351e-09,0.2783862281190104,1.455221386175718e-09,0.2811328317054305,1.45322435548606e-09,0.2839346132916357,1.451332210469967e-09,0.2867993262819801,1.449557221704741e-09,0.2897343330228443
1.512753964721153e-09,1.181344696674113e-06,1.509997373062826e-09,1.211134473349269e-06,1.507435750204255e-09,1.261394458097155e-06,1.505103152042452e-09,1.327713794730556e-06,1.503059024911243e-09,1.408377377331216e-06,1.501547635146037e-09,1.509132635090804e-06,1.512753964721153e-09,0.3076523788326915,1.509997373062826e-09,0.3099984238376955,1.507435750204255e-09,0.3124614501225527,1.505103152042452e-09,0.3150618912254712,1.503059024911243e-09,0.3178354149467459,1.501547635146037e-09,0.320928581087622
1.527798648718943e-09,1.522746530298223e-06,1.526310454316039e-09,1.745386349791581e-06,1.527149885825432e-09,1.999512324646428e-06,1.527553042218759e-09,2.218154472349276e-06,1.521183613681446e-09,2.360581888093448e-06,1.515475975923661e-09,2.376800504024388e-06,1.527798648718943e-09,0.3166791892313659,1.526310454316039e-09,0.3197862725896236,1.527149885825432e-09,0.324289931495259,1.527553042218759e-09,0.3285318253312551,1.521183613681446e-09,0.3287101682088676,1.515475975923661e-09,0.3292855855541968
1.557888016714525e-09,2.304575263899896e-06,1.534466994942646e-09,2.148479069068198e-06,1.563784699328867e-09,2.179855715290216e-06,1.561770901013451e-09,2.010755405922021e-06,1.554539774598778e-09,1.789786818234891e-06,1.543332657478911e-09,1.892759415487755e-06,1.557888016714525e-09,0.3347328100287148,1.534466994942646e-09,0.3246801969655876,1.563784699328867e-09,0.34627081959732,1.561770901013451e-09,0.3490625406080705,1.554539774598778e-09,0.3487238647592666,1.543332657478911e-09,0.3459995944873467
1.58329038325404e-09,1.935254851305267e-06,1.550780076195859e-09,2.160010512535722e-06,1.5909091794936e-09,1.011671129544032e-06,1.590359711474705e-09,6.22653997981257e-07,1.583408126378655e-09,8.731296323912086e-07,1.571740203296608e-09,8.555223459164725e-07,1.58329038325404e-09,0.3499742299524242,1.550780076195859e-09,0.3344680457175156,1.5909091794936e-09,0.3625455076961602,1.590359711474705e-09,0.3662158268848232,1.583408126378655e-09,0.3660448758271926,1.571740203296608e-09,0.3630441219779648
1.620669021639819e-09,7.039259634038469e-07,1.576462840565068e-09,1.892705694105189e-06,1.604471419575967e-09,5.54426504506342e-07,1.635450325132778e-09,1.251020235874772e-06,1.625336136565638e-09,9.278472434348262e-07,1.61060216964853e-09,1.102868112293332e-06,1.620669021639819e-09,0.3724014129838915,1.576462840565068e-09,0.3498777043390406,1.604471419575967e-09,0.3706828517455802,1.635450325132778e-09,0.3932701950796667,1.625336136565638e-09,0.3912016819393827,1.61060216964853e-09,0.386361301789118
1.663423822039608e-09,1.219308609664449e-06,1.608814807906052e-09,6.983498845915965e-07,1.6315958997407e-09,1.221661321157308e-06,1.668919355187049e-09,1.537478513596879e-06,1.658766501831423e-09,1.732414780889091e-06,1.644419097731678e-09,1.098865000492065e-06,1.663423822039608e-09,0.3980542932237649,1.608814807906052e-09,0.3692888847436313,1.6315958997407e-09,0.3869575398444202,1.668919355187049e-09,0.4133516131122292,1.658766501831423e-09,0.411259901098854,1.644419097731678e-09,0.4066514586390065
1.697322951791627e-09,1.706292680938492e-06,1.643537021222294e-09,1.050570680675973e-06,1.662973774378689e-09,1.335911450121993e-06,1.711467561747585e-09,2.414087934069867e-06,1.700490765054274e-09,2.24107408364224e-06,1.683365402036798e-09,2.635590987920782e-06,1.697322951791627e-09,0.4183937710749762,1.643537021222294e-09,0.3901222127333764,1.662973774378689e-09,0.4057842646272131,1.711467561747585e-09,0.4388805370485512,1.700490765054274e-09,0.4362944590325642,1.683365402036798e-09,0.4300192412220786
1.73897701987439e-09,2.21969820053392e-06,1.676710341913241e-09,1.44054217901183e-06,1.710256399723383e-09,2.227713097226535e-06,1.760670275755214e-09,1.344798275724084e-06,1.748336154845882e-09,1.52582323518067e-06,1.730539977257092e-09,1.49862863676676e-06,1.73897701987439e-09,0.4433862119246342,1.676710341913241e-09,0.4100262051479445,1.710256399723383e-09,0.4341538398340297,1.760670275755214e-09,0.4684021654531282,1.748336154845882e-09,0.4650016929075291,1.730539977257092e-09,0.4583239863542554
1.789913953305474e-09,1.669128251007899e-06,1.716051765462486e-09,2.381179409928997e-06,1.760257472969489e-09,1.903833638663647e-06,1.822042582234657e-09,-3.791107686063046e-06,1.844026934429098e-09,-3.598131685093207e-05,1.795791508412048e-09,6.31382148331104e-07,1.789913953305474e-09,0.473948371983284,1.716051765462486e-09,0.4336310592774914,1.760257472969489e-09,0.4641544837816931,1.822042582234657e-09,0.5052255493407942,1.844026934429098e-09,0.5224161606574588,1.795791508412048e-09,0.4974749050472289
1.839352343646209e-09,-5.080056401609233e-06,1.763134535891489e-09,1.641384635709197e-06,1.830950245391023e-09,-5.095629248891218e-06,1.856877991885989e-09,-0.000112620884099353,1.888218716942422e-09,-0.0002242984313280482,1.833504328743979e-09,-6.30667901164082e-05,1.839352343646209e-09,0.5036114061877254,1.763134535891489e-09,0.4618807215348931,1.830950245391023e-09,0.5065701472346135,1.856877991885989e-09,0.5261267951315937,1.888218716942422e-09,0.5489312301654529,1.833504328743979e-09,0.5201025972463875
1.873717347659527e-09,-9.790766635325922e-05,1.837127634344178e-09,-3.584765595843795e-06,1.867463295208175e-09,-0.0001264890118658696,1.896285715312314e-09,-0.0001879729588654382,1.916858709710676e-09,-0.0001536218721335319,1.882416579125539e-09,-0.0002072853820650139,1.873717347659527e-09,0.5242304085957162,1.837127634344178e-09,0.5062765806065068,1.867463295208175e-09,0.5284779771249049,1.896285715312314e-09,0.5497714291873881,1.916858709710676e-09,0.5661152258264055,1.882416579125539e-09,0.5494499474753235
1.912402535792711e-09,-0.0001920273393683786,1.873872365855924e-09,-0.0001258913888016667,1.908040892859887e-09,-0.000184105007914146,1.918151801953322e-09,-0.0001692313572089647,1.947044281135056e-09,-0.0002170329946471588,1.907841304728663e-09,-0.0001620805350118333,1.912402535792711e-09,0.5474415214756265,1.873872365855924e-09,0.5283234195135542,1.908040892859887e-09,0.5528245357159323,1.918151801953322e-09,0.5628910811719933,1.947044281135056e-09,0.5842265686810337,1.907841304728663e-09,0.564704782837198
1.935051986114304e-09,-0.0001656558827057875,1.914857973653249e-09,-0.0001844837029837898,1.93076902362413e-09,-0.000174751289529868,1.944687212403783e-09,-0.0002042804959942,1.971247615721234e-09,-0.0001958385246116227,1.934756406431871e-09,-0.0002101098466795715,1.935051986114304e-09,0.5610311916685821,1.914857973653249e-09,0.5529147841919493,1.93076902362413e-09,0.5664614141744778,1.944687212403783e-09,0.5788123274422696,1.971247615721234e-09,0.5987485694327405,1.934756406431871e-09,0.5808538438591224
1.961551231948092e-09,-0.0002023236138527695,1.93725082588108e-09,-0.0001745249239872809,1.956981559623278e-09,-0.0002079938853373986,1.967505174768589e-09,-0.0002080092877042163,2e-09,-9.060442126704515e-05,1.958193762023896e-09,-0.0002042620381891452,1.961551231948092e-09,0.576930739168855,1.93725082588108e-09,0.5663504955286481,1.956981559623278e-09,0.5821889357739669,1.967505174768589e-09,0.5925031048611532,2e-09,0.616,1.958193762023896e-09,0.5949162572143373
1.980775615974046e-09,-0.0002096178247121372,1.963486944207868e-09,-0.0002078449118514729,1.980046007519276e-09,-0.0002037465955752442,2e-09,-0.0001223513794237353,2.016522271146356e-09,8.556702109798863e-05,1.979096881011948e-09,-0.0001608234367885358,1.980775615974046e-09,0.5884653695844275,1.963486944207868e-09,0.582092166524721,1.980046007519276e-09,0.5960276045115653,2e-09,0.612,2.016522271146356e-09,0.616,1.979096881011948e-09,0.6074581286071684
2e-09,-0.0001917635106254114,1.981743472103934e-09,-0.0002082634518250114,2e-09,-0.0001569731677102214,2.024217729502593e-09,0.0001268972171340306,2.03898989785219e-09,0.0005339504174545458,2e-09,-3.125096873805043e-05,2e-09,0.6,1.981743472103934e-09,0.5930460832623605,2e-09,0.608,2.024217729502593e-09,0.612,2.03898989785219e-09,0.616,2e-09,0.62
2.015031318703775e-09,-0.0001389209975828394,2e-09,-0.000178917574807346,2.014998641436535e-09,-6.44405796511908e-05,2.04955311035214e-09,0.0006992063304693761,2.061268848187624e-09,0.001537960116862688,2.015636228420337e-09,0.0001868173585060043,2.015031318703775e-09,0.6,2e-09,0.604,2.014998641436535e-09,0.608,2.04955311035214e-09,0.612,2.061268848187624e-09,0.616,2.015636228420337e-09,0.62
2.033794140410107e-09,-1.739780279946247e-05,2.014536984913167e-09,-0.0001134297862721146,2.034407575414807e-09,0.0001474971128825683,2.075153037012464e-09,0.002140882201025184,2.105826748858491e-09,0.007155456929369388,2.035269280304058e-09,0.0006533863299310294,2.033794140410107e-09,0.6,2.014536984913167e-09,0.604,2.034407575414807e-09,0.608,2.075153037012464e-09,0.612,2.105826748858491e-09,0.616,2.035269280304058e-09,0.62
2.052502828286438e-09,0.0002504843324295837,2.032744518693185e-09,3.032662563527701e-05,2.05339999868854e-09,0.000592039811224888,2.126352890333113e-09,0.01081782226150662,2.150045322000535e-09,0.02174489263664199,2.054756555254708e-09,0.001596645241146174,2.052502828286438e-09,0.6,2.032744518693185e-09,0.604,2.05339999868854e-09,0.608,2.126352890333113e-09,0.612,2.150045322000535e-09,0.616,2.054756555254708e-09,0.62
2.089920204039102e-09,0.001808680817825532,2.050946225853272e-09,0.000336979176996233,2.091384845236006e-09,0.003024505016209351,2.177770075076348e-09,0.03484512300213374,2.210561825475079e-09,0.07347145482303256,2.093731105156007e-09,0.006234364598645569,2.089920204039102e-09,0.6,2.050946225853272e-09,0.604,2.091384845236006e-09,0.608,2.177770075076348e-09,0.612,2.210561825475079e-09,0.616,2.093731105156007e-09,0.62
2.129570999411006e-09,0.006818795752027871,2.087349640173446e-09,0.002030451023361227,2.130982221920952e-09,0.01004098793548614,2.235676860460039e-09,0.104447277622024,2.259751915665418e-09,0.175538013785432,2.134756394017633e-09,0.01823012734314407,2.129570999411006e-09,0.6,2.087349640173446e-09,0.604,2.130982221920952e-09,0.608,2.235676860460039e-09,0.612,2.259751915665418e-09,0.616,2.134756394017633e-09,0.62
2.196284061328146e-09,0.03421728067196776,2.125651817853157e-09,0.007159533957428009,2.196432771783215e-09,0.04430862575952245,2.280654413787196e-09,0.2244525451312811,2.297667106460689e-09,0.3150206929477551,2.195511199889651e-09,0.06400528712792823,2.196284061328146e-09,0.6,2.125651817853157e-09,0.604,2.196432771783215e-09,0.608,2.280654413787196e-09,0.612,2.297667106460689e-09,0.616,2.195511199889651e-09,0.62
2.254533518746947e-09,0.1026021938689833,2.194120235440729e-09,0.03695165163787428,2.251649523201519e-09,0.1219193712330813,2.316049079213482e-09,0.3731362037663726,2.332922005804963e-09,0.483979074687938,2.246033451654106e-09,0.1580783964688887,2.254533518746947e-09,0.6,2.194120235440729e-09,0.604,2.251649523201519e-09,0.608,2.316049079213482e-09,0.612,2.332922005804963e-09,0.616,2.246033451654106e-09,0.62
2.301512841318653e-09,0.2281529846388388,2.251370120433576e-09,0.1072099460559939,2.29586605124496e-09,0.2540155039221079,2.355649228419831e-09,0.572021158342359,2.360102845409678e-09,0.6253020517176162,2.285328426794945e-09,0.2943631600166356,2.301512841318653e-09,0.6,2.251370120433576e-09,0.604,2.29586605124496e-09,0.608,2.355649228419831e-09,0.612,2.360102845409678e-09,0.616,2.285328426794945e-09,0.62
2.337278165375391e-09,0.3796585665014566,2.298095807710745e-09,0.2363684999449487,2.330485700931915e-09,0.4077896987146297,2.387396463505497e-09,0.7321564519690393,2.38932418681537e-09,0.7645443258051133,2.319849735046529e-09,0.4563046370144918,2.337278165375391e-09,0.6,2.298095807710745e-09,0.604,2.330485700931915e-09,0.608,2.387396463505497e-09,0.612,2.38932418681537e-09,0.616,2.319849735046529e-09,0.62
2.377589649974615e-09,0.5828281764320686,2.333399615591982e-09,0.3883486282822657,2.358154617133231e-09,0.5482293652878698,2.415283761319488e-09,0.8299069974212181,2.413398324946079e-09,0.8385072088537084,2.34211242153104e-09,0.57123321046011,2.377589649974615e-09,0.6,2.333399615591982e-09,0.604,2.358154617133231e-09,0.608,2.415283761319488e-09,0.612,2.413398324946079e-09,0.616,2.34211242153104e-09,0.62
2.409325140273891e-09,0.7411717802787451,2.375635186963558e-09,0.6022999251105998,2.388472937286547e-09,0.70411980560166,2.435469246531136e-09,0.8626011709023884,2.432741682965489e-09,0.8656322332681496,2.371414089185747e-09,0.7203629079136377,2.409325140273891e-09,0.6,2.375635186963558e-09,0.604,2.388472937286547e-09,0.608,2.435469246531136e-09,0.612,2.432741682965489e-09,0.616,2.371414089185747e-09,0.62
2.436783314846815e-09,0.8337781800024107,2.406698954835436e-09,0.7541844277428784,2.416567887622621e-09,0.814162938146995,2.458906378104788e-09,0.8799936464044079,2.451365039555534e-09,0.8788644372411629,2.398181302587049e-09,0.8203908406444155,2.436783314846815e-09,0.6,2.406698954835436e-09,0.604,2.416567887622621e-09,0.608,2.458906378104788e-09,0.612,2.451365039555534e-09,0.616,2.398181302587049e-09,0.62
2.4568578517083e-09,0.8642192029198009,2.433495258908856e-09,0.8390704913035815,2.436916629441822e-09,0.855557617969677,2.478989545440996e-09,0.8874380441479619,2.470153457687155e-09,0.8864575943351357,2.417725634442026e-09,0.8572672334637345,2.4568578517083e-09,0.6,2.433495258908856e-09,0.604,2.436916629441822e-09,0.608,2.478989545440996e-09,0.612,2.470153457687155e-09,0.616,2.417725634442026e-09,0.62
2.481305741494027e-09,0.8812069343750775,2.453428469285607e-09,0.8665339326669923,2.458116274644388e-09,0.8754613362797584,2.501820788304107e-09,0.8924939488673307,2.493201888356402e-09,0.8919950068747575,2.43951072322933e-09,0.8766357124957509,2.481305741494027e-09,0.6,2.453428469285607e-09,0.604,2.458116274644388e-09,0.608,2.501820788304107e-09,0.612,2.493201888356402e-09,0.616,2.43951072322933e-09,0.62
2.500932610316606e-09,0.8880086590366679,2.480429954646311e-09,0.8833787899782777,2.481049096097012e-09,0.8859068955763179,2.532328577709046e-09,0.8961829988157906,2.524489485160906e-09,0.8960010362599523,2.460556985259579e-09,0.8858719334524616,2.500932610316606e-09,0.6,2.480429954646311e-09,0.604,2.481049096097012e-09,0.608,2.532328577709046e-09,0.612,2.524489485160906e-09,0.616,2.460556985259579e-09,0.62
2.524539881984111e-09,0.8929536183511284,2.499716033043869e-09,0.8891758696448101,2.5018921583719e-09,0.8911881956704399,2.578706307854472e-09,0.8984979933658032,2.568533224930397e-09,0.89836495134004,2.482032531708814e-09,0.8913128770826817,2.524539881984111e-09,0.6,2.499716033043869e-09,0.604,2.5018921583719e-09,0.608,2.578706307854472e-09,0.612,2.568533224930397e-09,0.616,2.482032531708814e-09,0.62
2.555936217800995e-09,0.8964748734692614,2.524800629095277e-09,0.8938364874723089,2.529993900923784e-09,0.8953022466183826,2.636959601493753e-09,0.8993351800435797,2.626769413503679e-09,0.8993062509505073,2.510319479686997e-09,0.89538380907257,2.555936217800995e-09,0.6,2.524800629095277e-09,0.604,2.529993900923784e-09,0.608,2.636959601493753e-09,0.612,2.626769413503679e-09,0.616,2.510319479686997e-09,0.62
2.60459578162158e-09,0.8986493263120775,2.557551593840985e-09,0.8969818273456774,2.569992005347252e-09,0.8979678891858522,2.698325219100422e-09,0.899585004994877,2.686493282370611e-09,0.8995688914276837,2.551697150140139e-09,0.8980551018623999,2.60459578162158e-09,0.6,2.557551593840985e-09,0.604,2.569992005347252e-09,0.608,2.698325219100422e-09,0.612,2.686493282370611e-09,0.616,2.551697150140139e-09,0.62
2.661832835286904e-09,0.8993646485096383,2.611980657390532e-09,0.8989168748963512,2.627450321878672e-09,0.8992047470373883,2.759654378180745e-09,0.899640220052028,2.748513141002302e-09,0.8996399407648086,2.608786263825587e-09,0.8992198310263233,2.661832835286904e-09,0.6,2.611980657390532e-09,0.604,2.627450321878672e-09,0.608,2.759654378180745e-09,0.612,2.748513141002302e-09,0.616,2.608786263825587e-09,0.62
2.7254688007446e-09,0.8996007534275305,2.667863579908793e-09,0.8994239286928469,2.684474353058318e-09,0.8995229627291141,2.825813890988729e-09,0.8996521827287001,2.815018635416319e-09,0.8996506562875833,2.666255744943934e-09,0.8995326205653533,2.7254688007446e-09,0.6,2.667863579908793e-09,0.604,2.684474353058318e-09,0.608,2.825813890988729e-09,0.612,2.815018635416319e-09,0.616,2.666255744943934e-09,0.62
2.790443169689347e-09,0.899641745362494,2.738871154267991e-09,0.8996312275417437,2.709745577201171e-09,0.8995888889895006,2.898248396122348e-09,0.8996551213541609,2.886291013139252e-09,0.8996561814375835,2.731740761508468e-09,0.8996385166540383,2.790443169689347e-09,0.6,2.738871154267991e-09,0.604,2.709745577201171e-09,0.608,2.898248396122348e-09,0.612,2.886291013139252e-09,0.616,2.731740761508468e-09,0.62
2.856572983947046e-09,0.8996537946127869,2.819270956508864e-09,0.8996513114246512,2.760288025486878e-09,0.8996379143081357,3.008818462640103e-09,0.8996547845406128,2.990628370573345e-09,0.89965421666955,2.800010249075345e-09,0.8996482385029055,2.856572983947046e-09,0.6,2.819270956508864e-09,0.604,2.760288025486878e-09,0.608,3.008818462640103e-09,0.612,2.990628370573345e-09,0.616,2.800010249075345e-09,0.62
2.931369012663749e-09,0.8996540857039117,2.886692219356704e-09,0.8996565044409746,2.81904221779281e-09,0.8996532415230443,3.229958595675613e-09,0.8996547382582767,3.199303085441529e-09,0.8996554885509678,2.869608997774562e-09,0.8996582336576351,2.931369012663749e-09,0.6,2.886692219356704e-09,0.604,2.81904221779281e-09,0.608,3.229958595675613e-09,0.612,3.199303085441529e-09,0.616,2.869608997774562e-09,0.62
3.053290876847207e-09,0.8996553722310264,2.974060618324321e-09,0.8996534539981649,2.905790696482981e-09,0.8996565775444293,3.557256570657228e-09,0.8996546065620024,3.493728457928912e-09,0.8996540470749144,2.964018381854917e-09,0.8996534211678279,3.053290876847207e-09,0.6,2.974060618324321e-09,0.604,2.905790696482981e-09,0.608,3.557256570657228e-09,0.612,3.493728457928912e-09,0.616,2.964018381854917e-09,0.62
3.297134605214124e-09,0.8996540931494813,3.11283646005086e-09,0.8996560206500591,3.009093980078671e-09,0.8996549310779937,4.211852520620457e-09,0.8996544798770062,4.082579202903677e-09,0.8996550234920954,3.152837150015629e-09,0.8996568120789733,3.297134605214124e-09,0.6,3.11283646005086e-09,0.604,3.009093980078671e-09,0.608,4.211852520620457e-09,0.612,4.082579202903677e-09,0.616,3.152837150015629e-09,0.62
3.679195615548461e-09,0.8996551183786581,3.390388143503938e-09,0.8996532721960563,3.215700547270051e-09,0.8996550037605533,4.911852520620457e-09,0.8996546705289855,4.782579202903677e-09,0.8996541786499738,3.392718867109153e-09,0.8996532664639693,3.679195615548461e-09,0.6,3.390388143503938e-09,0.604,3.215700547270051e-09,0.608,4.911852520620457e-09,0.612,4.782579202903677e-09,0.616,3.392718867109153e-09,0.62
4.379195615548461e-09,0.8996539729964165,3.88152553811754e-09,0.8996558617815302,3.502491578119871e-09,0.8996547301039098,5.611852520620456e-09,0.8996543780745472,5.482579202903677e-09,0.89965484437239,3.867018304948974e-09,0.8996558671971394,4.379195615548461e-09,0.6,3.88152553811754e-09,0.604,3.502491578119871e-09,0.608,5.611852520620456e-09,0.612,5.482579202903677e-09,0.616,3.867018304948974e-09,0.62
5.079195615548461e-09,0.8996551344610799,4.58152553811754e-09,0.8996532228671772,4.031963655318644e-09,0.899654401036918,6.311852520620456e-09,0.8996547320929089,6.182579202903677e-09,0.8996542923111892,4.567018304948975e-09,0.8996535502898086,5.079195615548461e-09,0.6,4.58152553811754e-09,0.604,4.031963655318644e-09,0.608,6.311852520620456e-09,0.612,6.182579202903677e-09,0.616,4.567018304948975e-09,0.62
5.779195615548461e-09,0.8996539408871752,5.28152553811754e-09,0.899655788141234,4.731963655318644e-09,0.899654823161453,7.011852520620456e-09,0.8996543315448532,6.882579202903676e-09,0.8996547486535995,5.267018304948975e-09,0.8996554605330889,5.779195615548461e-09,0.6,5.28152553811754e-09,0.604,4.731963655318644e-09,0.608,7.011852520620456e-09,0.612,6.882579202903676e-09,0.616,5.267018304948975e-09,0.62
6.47919561554846e-09,0.8996551431932416,5.981525538117539e-09,0.899653291944051,5.431963655318643e-09,0.8996542769534518,7.711852520620455e-09,0.8996547648809361,7.582579202903676e-09,0.8996543683655607,5.967018304948974e-09,0.8996537584699574,6.47919561554846e-09,0.6,5.981525538117539e-09,0.604,5.431963655318643e-09,0.608,7.711852520620455e-09,0.612,7.582579202903676e-09,0.616,5.967018304948974e-09,0.62
7.17919561554846e-09,0.8996539441967398,6.681525538117539e-09,0.8996557141718319,6.131963655318643e-09,0.8996548760002301,8.411852520620455e-09,0.8996543097176513,8.282579202903676e-09,0.8996546867761903,6.667018304948974e-09,0.8996552999146079,7.17919561554846e-09,0.6,6.681525538117539e-09,0.604,6.131963655318643e-09,0.608,8.411852520620455e-09,0.612,8.282579202903676e-09,0.616,6.667018304948974e-09,0.62
7.879195615548459e-09,0.8996551309772475,7.381525538117539e-09,0.8996533689173362,6.831963655318643e-09,0.8996542374736892,9.111852520620455e-09,0.8996547769246042,8.982579202903675e-09,0.8996544189928674,7.367018304948974e-09,0.8996538924451013,7.879195615548459e-09,0.6,7.381525538117539e-09,0.604,6.831963655318643e-09,0.608,9.111852520620455e-09,0.612,8.982579202903675e-09,0.616,7.367018304948974e-09,0.62
8.579195615548459e-09,0.8996539619907536,8.081525538117538e-09,0.899655635939281,7.531963655318642e-09,0.8996549002639316,9.811852520620454e-09,0.8996543032096845,9.682579202903675e-09,0.89965464413206,8.067018304948973e-09,0.8996551832938992,8.579195615548459e-09,0.6,8.081525538117538e-09,0.604,7.531963655318642e-09,0.608,9.811852520620454e-09,0.612,9.682579202903675e-09,0.616,8.067018304948973e-09,0.62
9.279195615548459e-09,0.8996551071788998,8.781525538117538e-09,0.8996534475002612,8.231963655318642e-09,0.8996542239515597,1.051185252062045e-08,0.8996547778356463,1.038257920290367e-08,0.89965445347132,8.767018304948973e-09,0.8996539934421102,9.279195615548459e-09,0.6,8.781525538117538e-09,0.604,8.231963655318642e-09,0.608,1.051185252062045e-08,0.612,1.038257920290367e-08,0.616,8.767018304948973e-09,0.62
9.979195615548458e-09,0.8996539893710618,9.481525538117538e-09,0.899655557707326,8.931963655318642e-09,0.8996549055578743,1.121185252062045e-08,0.8996543062237525,1.108257920290367e-08,0.8996546157178628,9.467018304948973e-09,0.8996550953234269,9.979195615548458e-09,0.6,9.481525538117538e-09,0.604,8.931963655318642e-09,0.608,1.121185252062045e-08,0.612,1.108257920290367e-08,0.616,9.467018304948973e-09,0.62
1.067919561554846e-08,0.8996550770571083,1.018152553811754e-08,0.8996535248442491,9.631963655318641e-09,0.8996542242025564,1.160592626031023e-08,0.8996547683442957,1.154128960145184e-08,0.8996544818718435,1.016701830494897e-08,0.8996540698288777,1.067919561554846e-08,0.6,1.018152553811754e-08,0.604,9.631963655318641e-09,0.608,1.160592626031023e-08,0.612,1.154128960145184e-08,0.616,1.016701830494897e-08,0.62
1.137919561554846e-08,0.8996540213678617,1.088152553811754e-08,0.8996554816581442,1.033196365531864e-08,0.8996548996626692,1.2e-08,0.8996543230319272,1.2e-08,0.8996545884261438,1.086701830494897e-08,0.8996550274429986,1.137919561554846e-08,0.6,1.088152553811754e-08,0.604,1.033196365531864e-08,0.608,1.2e-08,0.612,1.2e-08,0.616,1.086701830494897e-08,0.62
1.2e-08,0.8996550417050352,1.144076276905877e-08,0.8996536084039405,1.103196365531864e-08,0.8996542339989011,1.20937883293868e-08,0.8996544136431665,1.209897342072292e-08,0.8996544332064315,1.143350915247449e-08,0.8996541366375791,1.2e-08,0.6,1.144076276905877e-08,0.604,1.103196365531864e-08,0.608,1.20937883293868e-08,0.5932423341226406,1.209897342072292e-08,0.5962053158554156,1.143350915247449e-08,0.62
1.211090081978564e-08,0.8996544512926248,1.2e-08,0.8996553913764195,1.151598182765932e-08,0.8996548834941828,1.226076419677876e-08,0.8996543341243514,1.228202136918275e-08,0.8996543329590786,1.2e-08,0.899654961887948,1.211090081978564e-08,0.5778198360428715,1.2e-08,0.604,1.151598182765932e-08,0.608,1.226076419677876e-08,0.5598471606442491,1.228202136918275e-08,0.559595726163451,1.2e-08,0.62
1.233270245935693e-08,0.8996543680252754,1.210653595801688e-08,0.8996544589997205,1.2e-08,0.8996542565785377,1.241199145676241e-08,0.8996545512034115,1.244677771054681e-08,0.899654596369528,1.210706328793706e-08,0.8996544806507979,1.233270245935693e-08,0.5334595081286139,1.210653595801688e-08,0.5826928083966244,1.2e-08,0.608,1.241199145676241e-08,0.5296017086475179,1.244677771054681e-08,0.5266444578906386,1.210706328793706e-08,0.5985873424125879
1.252890797123631e-08,0.8996547475873676,1.231318816660237e-08,0.8996543042059216,1.210093192710779e-08,0.8996544305957073,1.266780994883708e-08,0.8996548508718619,1.27148326196521e-08,0.8996548538209135,1.231536577163292e-08,0.8996543404727961,1.252890797123631e-08,0.4942184057527385,1.231318816660237e-08,0.5413623666795269,1.210093192710779e-08,0.5878136145784422,1.266780994883708e-08,0.4784380102325844,1.27148326196521e-08,0.4730334760695812,1.231536577163292e-08,0.5569268456734167
1.28286365567097e-08,0.8996552921639555,1.249776460495475e-08,0.8996546970256168,1.229007065839356e-08,0.8996543872320235,1.29429806294031e-08,0.8996554356586027,1.299992188771665e-08,0.8996556219934413,1.250132744468027e-08,0.8996546555905843,1.28286365567097e-08,0.43427268865806,1.249776460495475e-08,0.5044470790090508,1.229007065839356e-08,0.5499858683212879,1.29429806294031e-08,0.4234038741193812,1.299992188771665e-08,0.4160156224566697,1.250132744468027e-08,0.5197345110639472
1.313430091816101e-08,0.8996580711966583,1.278501125553514e-08,0.8996550543051,1.245994449353746e-08,0.8996546308884543,1.319239956117054e-08,0.8996579460711674,1.322945637215048e-08,0.8996580957409455,1.278950159732567e-08,0.8996548986533282,1.313430091816101e-08,0.3731398163677986,1.278501125553514e-08,0.4469977488929717,1.245994449353746e-08,0.5160111012925075,1.319239956117054e-08,0.3735200877658932,1.322945637215048e-08,0.3701087255699053,1.278950159732567e-08,0.4620996805348654
1.34207392745847e-08,0.8996656774574616,1.308334602225072e-08,0.8996570191230622,1.273304434676047e-08,0.8996549923973561,1.346636850134221e-08,0.8996649288425568,1.35001433104106e-08,0.899665382468762,1.308973085984896e-08,0.8996561578419466,1.34207392745847e-08,0.3158521450830607,1.308334602225072e-08,0.3873307955498553,1.273304434676047e-08,0.4613911306479056,1.346636850134221e-08,0.3187262997315581,1.35001433104106e-08,0.3159713379178796,1.308973085984896e-08,0.4020538280302091
1.363136062694902e-08,0.8996731979247979,1.330109486324941e-08,0.8996611350036227,1.302155271423363e-08,0.8996561568886229,1.36703151337283e-08,0.8996724840144116,1.369743654823323e-08,0.899672689270873,1.331076539359183e-08,0.899659143244643,1.363136062694902e-08,0.2737278746101972,1.330109486324941e-08,0.3437810273501178,1.302155271423363e-08,0.4036894571532746,1.36703151337283e-08,0.2779369732543406,1.369743654823323e-08,0.2765126903533541,1.331076539359183e-08,0.3578469212816345
1.383738374873986e-08,0.8995655329096947,1.353204588992266e-08,0.8996691721295035,1.324055829145395e-08,0.8996591481897964,1.387464011228172e-08,0.8996347174040941,1.390687047914443e-08,0.8996201175775426,1.356866191374382e-08,0.8996670460231224,1.383738374873986e-08,0.2325232502520282,1.353204588992266e-08,0.2975908220154693,1.324055829145395e-08,0.3598883417092111,1.387464011228172e-08,0.2370719775436554,1.390687047914443e-08,0.2346259041711137,1.356866191374382e-08,0.3062676172512371
1.388611110687693e-08,0.8994170962526032,1.372093380830769e-08,0.8996733262961553,1.349510269745782e-08,0.8996668654359493,1.393595294418631e-08,0.8995543791729268,1.396415330541662e-08,0.8995298040172581,1.375853566350865e-08,0.8996736823529294,1.388611110687693e-08,0.2227777786246147,1.372093380830769e-08,0.2598132383384625,1.349510269745782e-08,0.3089794605084357,1.393595294418631e-08,0.2248094111627382,1.396415330541662e-08,0.2231693389166771,1.375853566350865e-08,0.2682928672982701
1.390942445081028e-08,0.8991314202936649,1.378408352865477e-08,0.8996715673313074,1.368445995682222e-08,0.8996736957912947,1.396292492321237e-08,0.8994109460213222,1.399020783509779e-08,0.8993604487275464,1.391068466476509e-08,0.8996508112429534,1.390942445081028e-08,0.2181151098379438,1.378408352865477e-08,0.2471832942690469,1.368445995682222e-08,0.2711080086355568,1.396292492321237e-08,0.2194150153575266,1.399020783509779e-08,0.2179584329804418,1.391068466476509e-08,0.2378630670469832
1.392067640397342e-08,0.8987658691829773,1.385806985059701e-08,0.8996335827774165,1.390700701776556e-08,0.8994185436360937,1.39764109127254e-08,0.8992120667128592,1.400307595250817e-08,0.8991288886769429,1.396767566813805e-08,0.8996029213125648,1.392067640397342e-08,0.2158647192053156,1.385806985059701e-08,0.2323860298805979,1.390700701776556e-08,0.2265985964468892,1.39764109127254e-08,0.2167178174549206,1.400307595250817e-08,0.2153848094983662,1.396767566813805e-08,0.2264648663723908
1.394318031029971e-08,0.8965914699560077,1.389785601260599e-08,0.8995463557808202,1.394729187770809e-08,0.8991371084630129,1.400338289175146e-08,0.8978148761902105,1.402881218732893e-08,0.8975860134187681,1.399404740997169e-08,0.899527440332123,1.394318031029971e-08,0.211363937940059,1.389785601260599e-08,0.2244287974788017,1.394729187770809e-08,0.2185416244583828,1.400338289175146e-08,0.2113234216497086,1.402881218732893e-08,0.2102375625342152,1.399404740997169e-08,0.221190518005662
1.397405095498696e-08,0.8794317177534647,1.393274240990197e-08,0.899137042264669,1.396743430767935e-08,0.8986093582188619,1.403354733179394e-08,0.8884727766287319,1.405885262147325e-08,0.8869130834898254,1.402794910194319e-08,0.899038360213964,1.397405095498696e-08,0.2051898090026077,1.393274240990197e-08,0.2174515180196068,1.396743430767935e-08,0.2145131384641298,1.403354733179394e-08,0.2052905336412132,1.405885262147325e-08,0.2042294757053507,1.402794910194319e-08,0.2144101796113627
1.399192416705656e-08,0.8454687820205116,1.397300917102964e-08,0.8947652641524996,1.397741308726405e-08,0.897960771496559,1.405176567501414e-08,0.8680021078119127,1.407708333753129e-08,0.8637163260299195,1.406449774286299e-08,0.8949183744298704,1.399192416705656e-08,0.2016151665886879,1.397300917102964e-08,0.2093981657940726,1.397741308726405e-08,0.2125173825471903,1.405176567501414e-08,0.201646864997173,1.407708333753129e-08,0.2005833324937427,1.406449774286299e-08,0.207100451427403
1.40051692539522e-08,0.789888326551936,1.400582288523019e-08,0.865682253931364,1.399737064643344e-08,0.8944886837140263,1.406610225154527e-08,0.8290586184220187,1.409117004309563e-08,0.8213293056431563,1.409717263000623e-08,0.8662748486512598,1.40051692539522e-08,0.19896614920956,1.400582288523019e-08,0.202835422953962,1.399737064643344e-08,0.2085258707133114,1.406610225154527e-08,0.1987795496909461,1.409117004309563e-08,0.1977659913808733,1.409717263000623e-08,0.2005654739987539
1.401944285649838e-08,0.6772244075378295,1.402091188200596e-08,0.8250643235158128,1.401793241151773e-08,0.8822661830938195,1.408228164095138e-08,0.7333700063314427,1.410689939918023e-08,0.7213872498306673,1.411246079943034e-08,0.8254061602415041,1.401944285649838e-08,0.1961114287003247,1.402091188200596e-08,0.1998176235988076,1.401793241151773e-08,0.2044135176964551,1.408228164095138e-08,0.1955436718097237,1.410689939918023e-08,0.1946201201639549,1.411246079943034e-08,0.1975078401139331
1.403119922986808e-08,0.5360923164413283,1.403291601753274e-08,0.7605183815573235,1.403532145009574e-08,0.8524596915835085,1.409464767286247e-08,0.608064433099066,1.411902337731264e-08,0.5931834951508066,1.412453723333004e-08,0.7605123381138295,1.403119922986808e-08,0.193760154026385,1.403291601753274e-08,0.1974167964934523,1.403532145009574e-08,0.2009357099808516,1.409464767286247e-08,0.1930704654275066,1.411902337731264e-08,0.1921953245374715,1.412453723333004e-08,0.1950925533339925
1.404653260124796e-08,0.3010237162003917,1.404575135168125e-08,0.6439277847675249,1.405404435514158e-08,0.7693323224764032,1.410757795311377e-08,0.4284999122210489,1.413224419400656e-08,0.4049337172708025,1.413739582572802e-08,0.6435720984630287,1.404653260124796e-08,0.1906934797504082,1.404575135168125e-08,0.1948497296637504,1.405404435514158e-08,0.1971911289716838,1.410757795311377e-08,0.1904844093772468,1.413224419400656e-08,0.1895511611986878,1.413739582572802e-08,0.192520834854396
1.405397600971097e-08,0.1819440398851626,1.405774920994364e-08,0.4886868726365782,1.406792089004159e-08,0.6486312986119889,1.411357104851763e-08,0.331982137560792,1.413838012087951e-08,0.3046942453205002,1.414939019917949e-08,0.4881834662410725,1.405397600971097e-08,0.1892047980578073,1.405774920994364e-08,0.1924501580112721,1.406792089004159e-08,0.1944158219916831,1.411357104851763e-08,0.1892857902964748,1.413838012087951e-08,0.1883239758240993,1.414939019917949e-08,0.1901219601641013
1.406008498637753e-08,0.1028512001156088,1.406522916414285e-08,0.3730774630076178,1.408044634216893e-08,0.488237926121753,1.412050012267098e-08,0.2184635826099408,1.414465600035071e-08,0.2026185183792744,1.415688521211575e-08,0.3722222265254376,1.406008498637753e-08,0.1879830027244939,1.406522916414285e-08,0.1909541671714294,1.408044634216893e-08,0.1919107315662135,1.412050012267098e-08,0.1878999754658041,1.414465600035071e-08,0.1870687999298581,1.415688521211575e-08,0.188622957576851
1.406635158124939e-08,0.05021706831714855,1.407264476631288e-08,0.2511939735732399,1.409621733996131e-08,0.2418265360068657,1.412886729900201e-08,0.1052676160165981,1.415252268481843e-08,0.09943330047988239,1.416428765445526e-08,0.2504966710136254,1.406635158124939e-08,0.1867296837501217,1.407264476631288e-08,0.1894710467374247,1.409621733996131e-08,0.1887565320077377,1.412886729900201e-08,0.1862265401995982,1.415252268481843e-08,0.1854954630363141,1.416428765445526e-08,0.1871424691089478
1.407305911453002e-08,0.02097328447363664,1.407886759503605e-08,0.155848867621645,1.410361300369483e-08,0.1331398925694495,1.413492003268127e-08,0.05297153294275692,1.415839747887748e-08,0.05071442817000758,1.417050450360325e-08,0.155310219564738,1.407305911453002e-08,0.185388177093997,1.407886759503605e-08,0.1882264809927899,1.410361300369483e-08,0.1872773992610341,1.413492003268127e-08,0.1850159934637463,1.415839747887748e-08,0.1843205042245041,1.417050450360325e-08,0.1858990992793512
1.4082090760473e-08,0.005709398818846487,1.40856380914457e-08,0.07883052522333306,1.411182538972276e-08,0.05423135935391107,1.414164152636551e-08,0.02220862720556497,1.41653621305087e-08,0.0204206693102167,1.417726052094098e-08,0.07859345867812693,1.4082090760473e-08,0.1835818479054,1.40856380914457e-08,0.1868723817108606,1.411182538972276e-08,0.1856349220554492,1.414164152636551e-08,0.1836716947268983,1.41653621305087e-08,0.1829275738982603,1.417726052094098e-08,0.1845478958118045
1.408904700243251e-08,0.002428705135334453,1.40914790254957e-08,0.03913199554246317,1.411802201642213e-08,0.02458221932753678,1.41477792927454e-08,0.009640430616502788,1.417235228632402e-08,0.007756410964262179,1.418310090425354e-08,0.03899529628220477,1.408904700243251e-08,0.1821905995134974,1.40914790254957e-08,0.1857041949008608,1.411802201642213e-08,0.1843955967155739,1.41477792927454e-08,0.1824441414509196,1.417235228632402e-08,0.1815295427351962,1.418310090425354e-08,0.1833798191492931
1.409712239890585e-08,0.001113636645496823,1.410030575670519e-08,0.01131700564373682,1.412429622770494e-08,0.01046221562604835,1.415474294149014e-08,0.003803686845875436,1.417935374073793e-08,0.003121608971708696,1.419197842711848e-08,0.01116631367894077,1.409712239890585e-08,0.1805755202188293,1.410030575670519e-08,0.1839388486589633,1.412429622770494e-08,0.1831407544590122,1.415474294149014e-08,0.1810514117019718,1.417935374073793e-08,0.1801292518524134,1.419197842711848e-08,0.1816043145763037
1.410679227957075e-08,0.0005242273559659233,1.410770862446967e-08,0.004120609545552482,1.413128127115938e-08,0.004084024631194833,1.416218262696758e-08,0.001650549730505332,1.418704907397755e-08,0.001382966879980773,1.419936443188466e-08,0.004080993106816949,1.410679227957075e-08,0.1786415440858493,1.410770862446967e-08,0.1824582751060654,1.413128127115938e-08,0.1817437457681244,1.416218262696758e-08,0.1795634746064843,1.418704907397755e-08,0.1785901852044905,1.419936443188466e-08,0.1801271136230693
1.412214398449141e-08,0.0001556861940536742,1.411518979138399e-08,0.001756256671649746,1.413872272506251e-08,0.00174246071899971,1.417154737867182e-08,0.0007259354882188816,1.419668757502103e-08,0.0006201389211485612,1.42068573526891e-08,0.001740626159389453,1.412214398449141e-08,0.1755712031017184,1.411518979138399e-08,0.1809620417232031,1.413872272506251e-08,0.1802554549874973,1.417154737867182e-08,0.1776905242656363,1.419668757502103e-08,0.1766624849957935,1.42068573526891e-08,0.1786285294621808
1.413489183307107e-08,6.006715293194982e-05,1.412348063855694e-08,0.0008610099573457368,1.414783138446084e-08,0.0007756333541612537,1.418267429380856e-08,0.0003101645798403527,1.42091520014457e-08,0.0002409125446195407,1.421515096439476e-08,0.0008547958473820788,1.413489183307107e-08,0.1730216333857859,1.412348063855694e-08,0.1793038722886118,1.414783138446084e-08,0.1784337231078315,1.418267429380856e-08,0.1754651412382875,1.42091520014457e-08,0.1741695997108596,1.421515096439476e-08,0.1769698071210486
1.414834294461879e-08,2.873784217597274e-05,1.413384078166375e-08,0.0003929438568902883,1.415861545971679e-08,0.0003401238797543452,1.419838439079028e-08,8.770515740768574e-05,1.422293798534961e-08,8.207110773369276e-05,1.422554354057701e-08,0.0003890785859901212,1.414834294461879e-08,0.1703314110762424,1.413384078166375e-08,0.1772318436672494,1.415861545971679e-08,0.1762769080566426,1.419838439079028e-08,0.172323121841945,1.422293798534961e-08,0.1714124029300786,1.422554354057701e-08,0.1748912918845992
1.416407012606871e-08,1.80009448713823e-05,1.415045028915539e-08,0.0001020056393626976,1.417588421130935e-08,8.188242800166398e-05,1.421098485199948e-08,3.810495334841392e-05,1.423571405300805e-08,3.596312328395816e-05,1.42421851635663e-08,0.0001005805867978051,1.416407012606871e-08,0.1671859747862575,1.415045028915539e-08,0.1739099421689224,1.417588421130935e-08,0.1728231577381295,1.421098485199948e-08,0.1698030296001038,1.423571405300805e-08,0.1688571893983906,1.42421851635663e-08,0.1715629672867401
1.418874488434985e-08,1.146204125380831e-05,1.416284167200094e-08,4.183891572653329e-05,1.418839457413136e-08,3.480886130377945e-05,1.422557414347193e-08,2.193344652496453e-05,1.425068017149385e-08,2.061248408659266e-05,1.425457649029921e-08,4.134514232026855e-05,1.418874488434985e-08,0.1622510231300302,1.416284167200094e-08,0.1714316655998129,1.418839457413136e-08,0.1703210851737293,1.422557414347193e-08,0.1668851713056149,1.425068017149385e-08,0.1658639657012305,1.425457649029921e-08,0.1690847019401585
1.423030618700764e-08,7.01470833563866e-06,1.417721561667905e-08,2.319800590760659e-05,1.420325464161881e-08,2.119689776819501e-05,1.424433318231582e-08,1.365657146657579e-05,1.427110133683512e-08,1.308047749829181e-05,1.426897719478822e-08,2.305352100165601e-05,1.423030618700764e-08,0.1539387625984719,1.417721561667905e-08,0.1685568766641904,1.420325464161881e-08,0.1673490716762393,1.424433318231582e-08,0.1631333635368357,1.427110133683512e-08,0.1617797326329769,1.426897719478822e-08,0.1662045610423555
1.429733349129079e-08,3.923672026247221e-06,1.419431826093657e-08,1.562740914673581e-05,1.422132614216088e-08,1.452328495982366e-05,1.427928813490406e-08,9.115207419770362e-06,1.430649006545338e-08,8.53664028734838e-06,1.428613969845563e-08,1.555209389545139e-05,1.429733349129079e-08,0.1405333017418433,1.419431826093657e-08,0.1651363478126864,1.422132614216088e-08,0.1637347715678233,1.427928813490406e-08,0.1561423730191887,1.430649006545338e-08,0.1547019869093252,1.428613969845563e-08,0.162772060308874
1.440097782348274e-08,2.497895219850695e-06,1.422581656255667e-08,9.482286332389421e-06,1.425746914324504e-08,8.457727984292799e-06,1.432929195534942e-08,4.890851455202669e-06,1.436118843830237e-08,4.666703021450908e-06,1.431791450753515e-08,9.414227812119011e-06,1.440097782348274e-08,0.1198044353034516,1.422581656255667e-08,0.1588366874886654,1.425746914324504e-08,0.1565061713509914,1.432929195534942e-08,0.146141608930117,1.436118843830237e-08,0.1437623123395261,1.431791450753515e-08,0.1564170984929695
1.455244053086504e-08,1.677551775371695e-06,1.427725116376067e-08,5.540047934427723e-06,1.431495506119038e-08,4.911422893737645e-06,1.442515954727359e-08,3.154611198163201e-06,1.445645631030652e-08,2.950415040442086e-06,1.436972547264732e-08,5.495725595757497e-06,1.455244053086504e-08,0.08951189382699287,1.427725116376067e-08,0.1485497672478667,1.431495506119038e-08,0.1450089877619237,1.442515954727359e-08,0.1269680905452833,1.445645631030652e-08,0.1247087379386962,1.436972547264732e-08,0.1460549054705373
1.46903208875627e-08,1.524961324702743e-06,1.435830903568805e-08,3.214340377623849e-06,1.440321249588584e-08,2.892770855705513e-06,1.454812824989181e-08,1.73149097213673e-06,1.458655627762959e-08,1.747271844727348e-06,1.445125374028796e-08,3.192466361566558e-06,1.46903208875627e-08,0.06193582248746132,1.435830903568805e-08,0.1323381928623913,1.440321249588584e-08,0.1273575008228323,1.454812824989181e-08,0.1023743500216382,1.458655627762959e-08,0.09868874447408138,1.445125374028796e-08,0.1297492519424083
1.482829620095656e-08,8.669918062380348e-07,1.447690309919516e-08,2.054138108790432e-06,1.453149143356967e-08,1.926312193902596e-06,1.467147529991415e-08,1.986447885437814e-06,1.47556731327551e-08,1.722862017519959e-06,1.457044465804017e-08,2.041498544246925e-06,1.482829620095656e-08,0.03434075980868756,1.447690309919516e-08,0.1086193801609677,1.453149143356967e-08,0.1017017132860669,1.467147529991415e-08,0.07770494001717121,1.47556731327551e-08,0.06486537344897936,1.457044465804017e-08,0.105911068391967
1.491414810047828e-08,1.321577759897775e-06,1.460092185274393e-08,1.848814203176265e-06,1.470764701270878e-08,1.581711230788762e-06,1.479421535852379e-08,8.874341698817265e-07,1.488148959706267e-08,7.692717648219634e-07,1.469395275561943e-08,1.85229674170122e-06,1.491414810047828e-08,0.01717037990434389,1.460092185274393e-08,0.08381562945121523,1.470764701270878e-08,0.06647059745824468,1.479421535852379e-08,0.05315692829524199,1.488148959706267e-08,0.03970208058746694,1.469395275561943e-08,0.08120944887611403
1.5e-08,9.251393081379572e-07,1.472622931529114e-08,1.175513249204995e-06,1.483301156377274e-08,9.197018071560615e-07,1.489710767926189e-08,1.413740576453381e-06,1.5e-08,1.474085337496155e-06,1.481892264786132e-08,1.160137989568652e-06,1.5e-08,5.551115123125783e-16,1.472622931529114e-08,0.05875413694177278,1.483301156377274e-08,0.04139768724545134,1.489710767926189e-08,0.03257846414762144,1.5e-08,0.01600000000000057,1.481892264786132e-08,0.05621547042773711
1.506314861642057e-08,1.096747067058751e-06,1.487274424158095e-08,1.169951088792486e-06,1.5e-08,1.323482009561376e-06,1.5e-08,8.245003854155264e-07,1.506121033930678e-08,1.110390892220173e-06,1.490946132393066e-08,1.208172724608039e-06,1.506314861642057e-08,0,1.487274424158095e-08,0.02945115168381007,1.5e-08,0.008000000000000562,1.5e-08,0.01200000000000057,1.506121033930678e-08,0.016,1.490946132393066e-08,0.0381077352138689
1.513553315103246e-08,1.099949400882907e-06,1.5e-08,1.046172390336081e-06,1.506743279176167e-08,1.103524083698282e-06,1.505970131111913e-08,1.109061555857108e-06,1.514532812940755e-08,1.103203799327345e-06,1.5e-08,1.069221532099626e-06,1.513553315103246e-08,0,1.5e-08,0.004000000000000559,1.506743279176167e-08,0.008,1.505970131111913e-08,0.012,1.514532812940755e-08,0.016,1.5e-08,0.02000000000000057
1.520650675732772e-08,1.082774306286419e-06,1.50638273653644e-08,1.105241127345512e-06,1.516448562258226e-08,1.101939319529787e-06,1.513733406417688e-08,1.104608235461085e-06,1.5225430596866e-08,1.091738011295493e-06,1.505731691618794e-08,1.100754170548298e-06,1.520650675732772e-08,0,1.50638273653644e-08,0.004,1.516448562258226e-08,0.008,1.513733406417688e-08,0.012,1.5225430596866e-08,0.016,1.505731691618794e-08,0.02
1.534845396991824e-08,1.092596078368614e-06,1.515258367062395e-08,1.098059644982715e-06,1.525892288554335e-08,1.083166663438319e-06,1.521242220891936e-08,1.085145591113269e-06,1.538563553178289e-08,1.089744234743671e-06,1.512988081452067e-08,1.117938576331343e-06,1.534845396991824e-08,0,1.515258367062395e-08,0.004,1.525892288554335e-08,0.008,1.521242220891936e-08,0.012,1.538563553178289e-08,0.016,1.512988081452067e-08,0.02
1.563234839509927e-08,1.063404589798622e-06,1.523595861182895e-08,1.0836250103809e-06,1.544779741146552e-08,1.089311625911602e-06,1.536259849840433e-08,1.095673759547327e-06,1.570604540161669e-08,1.069089592596801e-06,1.520057309650139e-08,1.084938134363165e-06,1.563234839509927e-08,0,1.523595861182895e-08,0.004,1.544779741146552e-08,0.008,1.536259849840433e-08,0.012,1.570604540161669e-08,0.016,1.520057309650139e-08,0.02
1.620013724546132e-08,1.06169273511066e-06,1.540270849423895e-08,1.088905300975106e-06,1.582554646330986e-08,1.058774905354406e-06,1.566295107737428e-08,1.06239515511674e-06,1.627514012643203e-08,1.056411131240989e-06,1.534195766046283e-08,1.101462617172969e-06,1.620013724546132e-08,0,1.540270849423895e-08,0.004,1.582554646330986e-08,0.008,1.566295107737428e-08,0.012,1.627514012643203e-08,0.016,1.534195766046283e-08,0.02
1.690013724546132e-08,1.030212756663731e-06,1.573620825905895e-08,1.060764458166217e-06,1.643657860797506e-08,1.05566132668184e-06,1.622712568913744e-08,1.063165595129997e-06,1.697514012643203e-08,1.035335031606107e-06,1.56247267883857e-08,1.064373827098254e-06,1.690013724546132e-08,0,1.573620825905895e-08,0.004,1.643657860797506e-08,0.008,1.622712568913744e-08,0.012,1.697514012643203e-08,0.016,1.56247267883857e-08,0.02
1.760013724546132e-08,1.043122860651636e-06,1.633173213105473e-08,1.056357677014954e-06,1.713657860797506e-08,1.029090908871785e-06,1.692712568913744e-08,1.027621121700322e-06,1.767514012643203e-08,1.037126166531989e-06,1.616719669128501e-08,1.067825210183249e-06,1.760013724546132e-08,0,1.633173213105473e-08,0.004,1.713657860797506e-08,0.008,1.692712568913744e-08,0.012,1.767514012643203e-08,0.016,1.616719669128501e-08,0.02
1.830013724546132e-08,1.024600442633659e-06,1.703173213105472e-08,1.028983475769642e-06,1.783657860797506e-08,1.041470940647553e-06,1.762712568913744e-08,1.043321453794629e-06,1.837514012643203e-08,1.029655906060326e-06,1.682991473637719e-08,1.02921626181719e-06,1.830013724546132e-08,0,1.703173213105472e-08,0.004,1.783657860797506e-08,0.008,1.762712568913744e-08,0.012,1.837514012643203e-08,0.016,1.682991473637719e-08,0.02
1.900013724546132e-08,1.042375090867022e-06,1.773173213105472e-08,1.040462552838392e-06,1.853657860797506e-08,1.025501665222484e-06,1.832712568913744e-08,1.021403257013781e-06,1.907514012643203e-08,1.036189390656291e-06,1.752991473637719e-08,1.044749624568483e-06,1.900013724546132e-08,0,1.773173213105472e-08,0.004,1.853657860797506e-08,0.008,1.832712568913744e-08,0.012,1.907514012643203e-08,0.016,1.752991473637719e-08,0.02
1.970013724546132e-08,1.024290788883219e-06,1.843173213105472e-08,1.024371922990608e-06,1.923657860797506e-08,1.040940313469041e-06,1.902712568913744e-08,1.042488755763508e-06,1.977514012643203e-08,1.029477068922827e-06,1.822991473637719e-08,1.021475000067415e-06,1.970013724546132e-08,0,1.843173213105472e-08,0.004,1.923657860797506e-08,0.008,1.902712568913744e-08,0.012,1.977514012643203e-08,0.016,1.822991473637719e-08,0.02
2.040013724546132e-08,1.042444727433256e-06,1.913173213105472e-08,1.040075240264574e-06,1.993657860797506e-08,1.025499364440343e-06,1.972712568913744e-08,1.02103797586847e-06,2.047514012643203e-08,1.036135672835867e-06,1.892991473637719e-08,1.0428891170397e-06,2.040013724546132e-08,0,1.913173213105472e-08,0.004,1.993657860797506e-08,0.008,1.972712568913744e-08,0.012,2.047514012643203e-08,0.016,1.892991473637719e-08,0.02
2.110013724546132e-08,1.024156346013088e-06,1.983173213105472e-08,1.024041802524642e-06,2.063657860797506e-08,1.040724575340896e-06,2.042712568913744e-08,1.042601562010203e-06,2.117514012643203e-08,1.029453332750611e-06,1.962991473637719e-08,1.021513873649777e-06,2.110013724546132e-08,0,1.983173213105472e-08,0.004,2.063657860797506e-08,0.008,2.042712568913744e-08,0.012,2.117514012643203e-08,0.016,1.962991473637719e-08,0.02
2.180013724546132e-08,1.04251869425103e-06,2.053173213105472e-08,1.040184517080988e-06,2.133657860797506e-08,1.025656309009614e-06,2.112712568913744e-08,1.020850256567021e-06,2.187514012643203e-08,1.036109631742635e-06,2.032991473637719e-08,1.042581823470353e-06,2.180013724546132e-08,0,2.053173213105472e-08,0.004,2.133657860797506e-08,0.008,2.112712568913744e-08,0.012,2.187514012643203e-08,0.016,2.032991473637719e-08,0.02
2.250013724546132e-08,1.024059761423656e-06,2.123173213105472e-08,1.02384587381357e-06,2.203657860797506e-08,1.040467692860391e-06,2.182712568913744e-08,1.042730877691912e-06,2.257514012643203e-08,1.029446489966055e-06,2.102991473637719e-08,1.021666768647111e-06,2.250013724546132e-08,0,2.123173213105472e-08,0.004,2.203657860797506e-08,0.008,2.182712568913744e-08,0.012,2.257514012643203e-08,0.016,2.102991473637719e-08,0.02
2.320013724546132e-08,1.042578713254522e-06,2.193173213105472e-08,1.040295096230341e-06,2.273657860797506e-08,1.025918296500236e-06,2.252712568913744e-08,1.020693778392734e-06,2.327514012643203e-08,1.036089419536186e-06,2.172991473637719e-08,1.042419297319296e-06,2.320013724546132e-08,0,2.193173213105472e-08,0.004,2.273657860797506e-08,0.008,2.252712568913744e-08,0.012,2.327514012643203e-08,0.016,2.172991473637719e-08,0.02
2.390013724546132e-08,1.02399121745432e-06,2.263173213105472e-08,1.023722823096715e-06,2.343657860797506e-08,1.040140415572775e-06,2.322712568913744e-08,1.042852009382581e-06,2.397514012643203e-08,1.029448877879919e-06,2.242991473637719e-08,1.021755092613423e-06,2.390013724546132e-08,0,2.263173213105472e-08,0.004,2.343657860797506e-08,0.008,2.322712568913744e-08,0.012,2.397514012643203e-08,0.016,2.242991473637719e-08,0.02
2.460013724546132e-08,1.042621724693322e-06,2.333173213105472e-08,1.040364383522329e-06,2.413657860797506e-08,1.026257101443876e-06,2.392712568913744e-08,1.0205614114593e-06,2.467514012643202e-08,1.036070085336178e-06,2.312991473637719e-08,1.042336254432826e-06,2.460013724546132e-08,0,2.333173213105472e-08,0.004,2.413657860797506e-08,0.008,2.392712568913744e-08,0.012,2.467514012643202e-08,0.016,2.312991473637719e-08,0.02
2.530013724546132e-08,1.023945577025726e-06,2.403173213105472e-08,1.023652809433837e-06,2.483657860797506e-08,1.039755459675652e-06,2.462712568913744e-08,1.042959400833535e-06,2.537514012643202e-08,1.029457196289646e-06,2.382991473637719e-08,1.021787682889295e-06,2.530013724546132e-08,0,2.403173213105472e-08,0.004,2.483657860797506e-08,0.008,2.462712568913744e-08,0.012,2.537514012643202e-08,0.016,2.382991473637719e-08,0.02
2.600013724546132e-08,1.04264798073906e-06,2.473173213105472e-08,1.040396744086419e-06,2.553657860797506e-08,1.026653744981939e-06,2.532712568913744e-08,1.020449848974195e-06,2.607514012643202e-08,1.036050144781655e-06,2.452991473637719e-08,1.042313644652235e-06,2.600013724546132e-08,0,2.473173213105472e-08,0.004,2.553657860797506e-08,0.008,2.532712568913744e-08,0.012,2.607514012643202e-08,0.016,2.452991473637719e-08,0.02
2.670013724546132e-08,1.023919847842129e-06,2.543173213105472e-08,1.023623603489526e-06,2.623657860797506e-08,1.039324795525509e-06,2.602712568913744e-08,1.043051619464397e-06,2.677514012643202e-08,1.029470110919957e-06,2.522991473637719e-08,1.02177342313254e-06,2.670013724546132e-08,0,2.543173213105472e-08,0.004,2.623657860797506e-08,0.008,2.602712568913744e-08,0.012,2.677514012643202e-08,0.016,2.522991473637719e-08,0.02
2.740013724546132e-08,1.042658254613564e-06,2.613173213105472e-08,1.040397767633333e-06,2.693657860797506e-08,1.027094734055206e-06,2.672712568913744e-08,1.020357431218632e-06,2.747514012643202e-08,1.036028780225896e-06,2.592991473637719e-08,1.042338377685903e-06,2.740013724546132e-08,0,2.613173213105472e-08,0.004,2.693657860797506e-08,0.008,2.672712568913744e-08,0.012,2.747514012643202e-08,0.016,2.592991473637719e-08,0.02
2.810013724546132e-08,1.023911461980023e-06,2.683173213105472e-08,1.023627349958683e-06,2.763657860797506e-08,1.03885831807675e-06,2.742712568913744e-08,1.043128220430016e-06,2.817514012643202e-08,1.029486571400114e-06,2.662991473637719e-08,1.021720547762986e-06,2.810013724546132e-08,0,2.683173213105472e-08,0.004,2.763657860797506e-08,0.008,2.742712568913744e-08,0.012,2.817514012643202e-08,0.016,2.662991473637719e-08,0.02
2.880013724546132e-08,1.042653869787433e-06,2.753173213105472e-08,1.040372099500321e-06,2.833657860797506e-08,1.027569404273235e-06,2.812712568913744e-08,1.020282555962823e-06,2.887514012643202e-08,1.036005861694316e-06,2.732991473637719e-08,1.042400663364321e-06,2.880013724546132e-08,0,2.753173213105472e-08,0.004,2.833657860797506e-08,0.008,2.812712568913744e-08,0.012,2.887514012643202e-08,0.016,2.732991473637719e-08,0.02
2.950013724546132e-08,1.0239184176562e-06,2.823173213105472e-08,1.02365798686683e-06,2.903657860797506e-08,1.038364442119434e-06,2.882712568913744e-08,1.043189662413465e-06,2.957514012643202e-08,1.029505961554526e-06,2.802991473637719e-08,1.021636516741674e-06,2.950013724546132e-08,0,2.823173213105472e-08,0.004,2.903657860797506e-08,0.008,2.882712568913744e-08,0.012,2.957514012643202e-08,0.016,2.802991473637719e-08,0.02
3.020013724546132e-08,1.042636140677874e-06,2.893173213105472e-08,1.04032390884987e-06,2.973657860797505e-08,1.028069339238e-06,2.952712568913744e-08,1.020223931803864e-06,3.027514012643203e-08,1.035981375217481e-06,2.872991473637719e-08,1.042492992891356e-06,3.020013724546132e-08,0,2.893173213105472e-08,0.004,2.973657860797505e-08,0.008,2.952712568913744e-08,0.012,3.027514012643203e-08,0.016,2.872991473637719e-08,0.02
3.090013724546132e-08,1.02393898898701e-06,2.963173213105472e-08,1.023710935065476e-06,3.043657860797506e-08,1.037850155154878e-06,3.022712568913744e-08,1.043236626749571e-06,3.097514012643202e-08,1.029527822461431e-06,2.942991473637719e-08,1.021526924802691e-06,3.090013724546132e-08,0,2.963173213105472e-08,0.004,3.043657860797506e-08,0.008,3.022712568913744e-08,0.012,3.097514012643202e-08,0.016,2.942991473637719e-08,0.02
3.160013724546132e-08,1.042606346967888e-06,3.033173213105472e-08,1.040256646179665e-06,3.113657860797506e-08,1.02858767470685e-06,3.092712568913744e-08,1.020180355802469e-06,3.167514012643202e-08,1.035955386280198e-06,3.012991473637719e-08,1.042609419154069e-06,3.160013724546132e-08,0,3.033173213105472e-08,0.004,3.113657860797506e-08,0.008,3.092712568913744e-08,0.012,3.167514012643202e-08,0.016,3.012991473637719e-08,0.02
3.230013724546132e-08,1.023971539295601e-06,3.103173213105472e-08,1.023782538882062e-06,3.183657860797506e-08,1.037321312517477e-06,3.162712568913744e-08,1.043269904947875e-06,3.237514012643202e-08,1.029551677474157e-06,3.082991473637719e-08,1.021396849149382e-06,3.230013724546132e-08,0,3.103173213105472e-08,0.004,3.183657860797506e-08,0.008,3.162712568913744e-08,0.012,3.237514012643202e-08,0.016,3.082991473637719e-08,0.02
3.300013724546132e-08,1.042565850041767e-06,3.173173213105472e-08,1.040173205095341e-06,3.253657860797506e-08,1.029118630532802e-06,3.232712568913744e-08,1.02015055462026e-06,3.307514012643202e-08,1.035928146080762e-06,3.152991473637719e-08,1.042744915393297e-06,3.300013724546132e-08,0,3.173173213105472e-08,0.004,3.253657860797506e-08,0.008,3.232712568913744e-08,0.012,3.307514012643202e-08,0.016,3.152991473637719e-08,0.02
3.370013724546132e-08,1.024014937938399e-06,3.243173213105472e-08,1.023869701435438e-06,3.323657860797506e-08,1.036783010540193e-06,3.302712568913743e-08,1.043290755776868e-06,3.377514012643202e-08,1.029577452078611e-06,3.222991473637719e-08,1.021250605351325e-06,3.370013724546132e-08,0,3.243173213105472e-08,0.004,3.323657860797506e-08,0.008,3.302712568913743e-08,0.012,3.377514012643202e-08,0.016,3.222991473637719e-08,0.02
3.440013724546132e-08,1.042515550321782e-06,3.313173213105472e-08,1.040076219432411e-06,3.393657860797506e-08,1.029657618601299e-06,3.372712568913743e-08,1.020133453546977e-06,3.447514012643202e-08,1.035899542423172e-06,3.292991473637719e-08,1.042895261210091e-06,3.440013724546132e-08,0,3.313173213105472e-08,0.004,3.393657860797506e-08,0.008,3.372712568913743e-08,0.012,3.447514012643202e-08,0.016,3.292991473637719e-08,0.02
3.5e-08,1.0240727977644e-06,3.383173213105472e-08,1.023970134517535e-06,3.446828930398753e-08,1.036153300127043e-06,3.442712568913743e-08,1.043299675087906e-06,3.5e-08,1.029609728902667e-06,3.362991473637719e-08,1.021091891772148e-06,3.5e-08,0,3.383173213105472e-08,0.004,3.446828930398753e-08,0.008,3.442712568913743e-08,0.012,3.5e-08,0.016,3.362991473637719e-08,0.02
  ,  ,3.453173213105472e-08,1.039967565491707e-06,3.5e-08,1.030373061246396e-06,3.5e-08,1.020128493706771e-06,  ,  ,3.432991473637719e-08,1.043056873611102e-06,  ,  ,3.453173213105472e-08,0.004,3.5e-08,0.008,3.5e-08,0.012,  ,  ,3.432991473637719e-08,0.02
  ,  ,3.5e-08,1.024111078139512e-06,  ,  ,  ,  ,  ,  ,3.5e-08,1.020920103844492e-06,  ,  ,3.5e-08,0.004,  ,  ,  ,  ,  ,  ,3.5e-08,0.02
