/out1 (G=1) X,/out1 (G=1) Y,/out1 (G=3) X,/out1 (G=3) Y,/out1 (G=5) X,/out1 (G=5) Y,/out1 (G=7) X,/out1 (G=7) Y,/out1 (G=9) X,/out1 (G=9) Y
0,0,0,0,0,0,0,0,0,0
5e-11,6.249999999999999e-06,5e-11,1.875e-05,5e-11,3.125e-05,5e-11,4.374999999999999e-05,5e-11,5.625e-05
1.5e-10,1.875e-05,1.5e-10,5.625000000000001e-05,1.5e-10,9.374999999999999e-05,1.5e-10,0.00013125,1.5e-10,0.00016875
3.5e-10,4.374999999999999e-05,3.5e-10,0.00013125,3.5e-10,0.00021875,3.5e-10,0.0003062499999999999,3.476688271432634e-10,0.0003911274305361712
5e-10,6.25e-05,5e-10,0.0001875,5e-10,0.0003125,5e-10,0.0004375,5e-10,0.0005625
8.000000000000001e-10,-3.716215160497125e-05,8.000000000000001e-10,-0.0001117836103596636,8.000000000000001e-10,-0.0001868012207479684,8.000000000000001e-10,-0.0002617748326331966,8.046623457134734e-10,-0.0003517549996054739
1.4e-09,-0.0001672533914847029,1.4e-09,-0.0005033408785867595,1.4e-09,-0.000844275426230133,1.35566406574877e-09,-0.001143860951630766,1.319355259102051e-09,-0.001428082531546082
1.75e-09,-0.0002174611713759019,1.75e-09,-0.0006567788653294628,1.75e-09,-0.001104249383555816,1.996930041951658e-09,-0.001751221943986996,1.905575536356529e-09,-0.002204475169032507
1.925e-09,-0.0002406694330575339,1.925e-09,-0.0007280375434580762,1.925e-09,-0.001225122993554013,2.033307592617928e-09,-0.001214931544388465,2.002787768178264e-09,-0.002214075950276863
2.0125e-09,-0.0002168991791064471,2.0125e-09,-0.0006582234367941679,2.0125e-09,-0.001109782192559179,2.106062693950469e-09,6.582250404917446e-05,2.03823158833463e-09,-0.001481690893839469
2.057401315789474e-09,-0.0001132950356315472,2.057401315789474e-09,-0.0003481790267955829,2.057401315789474e-09,-0.0005935628999434081,2.154793306483278e-09,0.001705381238794125,2.08629363901549e-09,-0.0004885719934187727
2.128700657894737e-09,0.0001229708808868665,2.128700657894737e-09,0.0003593991738412672,2.128700657894737e-09,0.0005849061784988102,2.177396653241639e-09,0.002465878853864918,2.125000489380624e-09,0.0008737489327198689
2.2e-09,0.0004657335079315951,2.2e-09,0.001386467506057062,2.2e-09,0.002295858809572604,2.2e-09,0.003226376468935709,2.162500244690312e-09,0.002492360816981396
2.20325e-09,0.0005626074745069205,2.20325e-09,0.001677033815733147,2.20325e-09,0.002780098253609551,2.20325e-09,0.003904473871132498,2.181250122345156e-09,0.00330166675911216
2.20975e-09,0.0007563554076575708,2.20975e-09,0.002258166435085318,2.20975e-09,0.003748577141683444,2.20975e-09,0.005260668675526068,2.2e-09,0.004110972701242926
2.22275e-09,0.001143851273958872,2.22275e-09,0.003420431673789661,2.22275e-09,0.005685534917831232,2.22275e-09,0.007973058284313215,2.20325e-09,0.00498250331322043
2.24757538344351e-09,0.001883830771166942,2.23972068351054e-09,0.00493769594466307,2.236868655835735e-09,0.007789168780122146,2.235185402647521e-09,0.01056764727833022,2.20975e-09,0.006725564537175436
2.283423111602279e-09,0.002953321904346015,2.262576094960062e-09,0.006982376822635115,2.255303159800864e-09,0.01053667150564494,2.250915562013704e-09,0.01384967195597637,2.221215145584252e-09,0.009800095413315172
2.298537283838754e-09,0.003404271839185231,2.306701685329341e-09,0.01113301121954917,2.28956034156459e-09,0.01564618708404406,2.279452771033324e-09,0.01980382804894596,2.232408793091175e-09,0.01280182047853642
2.307532855354689e-09,0.003747994342826354,2.318142742121844e-09,0.01250030657002199,2.303083333049346e-09,0.01781733038492555,2.300430346971646e-09,0.02421082610562654,2.245503142845013e-09,0.0163132440645088
2.318020558119664e-09,0.004165784893260074,2.3336520205512e-09,0.01435378607547674,2.3171307453172e-09,0.02061489587785724,2.308837417140148e-09,0.02655341715322087,2.269348761161193e-09,0.02270776293345739
2.338995963649616e-09,0.005001365994127514,2.364670577409914e-09,0.01806074508638624,2.329970755783247e-09,0.02317200529585987,2.318501929566355e-09,0.02924638864450444,2.302965834223271e-09,0.03198955209314738
2.373876286827253e-09,0.00639086660701265,2.396894232064871e-09,0.02191172266512145,2.354962904304408e-09,0.02814923319832727,2.337830954418769e-09,0.0346323316270716,2.312630736587088e-09,0.03545116508184182
2.391316448416072e-09,0.007085616913455217,2.401527874486453e-09,0.02232797030165836,2.379748789244285e-09,0.03308538336587465,2.352569089471216e-09,0.03873904449375511,2.32593293997424e-09,0.04021552568165572
2.400036529210481e-09,0.007431896190362073,2.406489068272833e-09,0.02247436413914344,2.400479389165775e-09,0.03714200840928417,2.38204535957611e-09,0.04695247022712212,2.341488869546725e-09,0.04578708821092937
2.402761988337564e-09,0.007458704436028554,2.410396370526841e-09,0.02258965997232552,2.403289708932681e-09,0.0372801402951765,2.398936806627784e-09,0.05165919347922692,2.356386839921284e-09,0.05112299392548939
2.406569143627546e-09,0.007496152495069353,2.418210975034859e-09,0.02282025163868969,2.408910348466493e-09,0.03755640406696117,2.403159668390702e-09,0.05217234393020567,2.386182780670401e-09,0.0617948053546094
2.414183454207511e-09,0.007571048613150951,2.427729149301715e-09,0.0230906671478045,2.417372147532797e-09,0.03797231555035702,2.411605391916539e-09,0.0527521036158323,2.400151653850622e-09,0.06675699604466741
2.42597515168164e-09,0.007685808680039533,2.446765497835427e-09,0.0235795336140829,2.42465038744208e-09,0.03833005313470067,2.419057505435275e-09,0.05326365659026475,2.402901755888425e-09,0.06699945402001885
2.449093206080109e-09,0.007884143142172107,2.48171313070677e-09,0.0244770127580664,2.437255234721607e-09,0.03887091937035018,2.427442963526544e-09,0.0538392793337701,2.40840195996403e-09,0.06747856929866806
2.493767005314638e-09,0.008267408696871452,2.507287612576287e-09,0.02502446877702312,2.456862387198251e-09,0.03970875862270554,2.44145479760751e-09,0.0548011266517627,2.415861307161232e-09,0.06812090087814759
2.513175378754733e-09,0.008363030903756917,2.558436576315321e-09,0.02451562780214281,2.485338134589879e-09,0.04092556452724887,2.463445784018587e-09,0.05631070571024156,2.422404958532056e-09,0.0686843810071007
2.551992125634923e-09,0.008214061549073304,2.577243215056679e-09,0.02400149229471166,2.509592471796298e-09,0.04172217226218434,2.496127128039439e-09,0.05855412815681126,2.434905596707583e-09,0.06976082301355407
2.575996062817461e-09,0.00803063198235447,2.58862160752834e-09,0.02369043003272952,2.558101146209136e-09,0.04081063350728492,2.51406076027992e-09,0.05829478026796721,2.456200616651792e-09,0.07159455771368219
2.6e-09,0.007820640961523991,2.6e-09,0.02337936777074737,2.579736281655882e-09,0.03978862861135028,2.54037913055809e-09,0.05752476836445399,2.482980981172741e-09,0.07390064072430173
2.608125e-09,0.007668311911813397,2.608125e-09,0.02291349668598959,2.6e-09,0.03883140699337119,2.588587978979765e-09,0.0555069723758896,2.517000311815894e-09,0.0749966736165437
2.618834645727514e-09,0.007467525431024561,2.61625e-09,0.0224476256012318,2.608125e-09,0.03804134660309612,2.6e-09,0.05502931877100301,2.562696123719315e-09,0.07286006811850818
2.640253937182541e-09,0.007009877553601183,2.632500000000001e-09,0.02145625206513637,2.617587906114706e-09,0.03712119062794277,2.608125e-09,0.05398556326863382,2.6e-09,0.07018291081884062
2.670126968591271e-09,0.006304820725875073,2.665000000000001e-09,0.01908267430462546,2.636513718344119e-09,0.03505927563292582,2.61625e-09,0.05254514194176375,2.608125e-09,0.06867284631884012
2.7e-09,0.005599763898148953,2.682500000000001e-09,0.01780459397204272,2.664508534296461e-09,0.03154308876313214,2.632352778264129e-09,0.04969039914379327,2.624375e-09,0.06565271731883916
2.705416666666667e-09,0.005069132946328571,2.7e-09,0.01652651363945998,2.7e-09,0.0270853125123804,2.659996896224336e-09,0.04467164218701532,2.650005761220791e-09,0.05915025666761953
2.71625e-09,0.003582458868641898,2.705416666666667e-09,0.01485817911002266,2.705416666666667e-09,0.0241871620404199,2.679998448112168e-09,0.04073275768461727,2.675002880610395e-09,0.05308124854332678
2.737916666666668e-09,0.0004401837331500329,2.713055555555555e-09,0.01165761239223806,2.71625e-09,0.01595005219382933,2.7e-09,0.03719755097346741,2.687501440305198e-09,0.05002670977962338
2.776215919502348e-09,-0.005127419474776388,2.728333333333332e-09,0.004513316619867595,2.737916666666665e-09,-0.001900095329379702,2.705416666666667e-09,0.03303409633904893,2.693750720152599e-09,0.04841075211542079
2.806508476453431e-09,-0.009638343011354394,2.751794583826843e-09,-0.006557702475779759,2.758556313466083e-09,-0.01980355231188544,2.713889406184833e-09,0.02385087095601684,2.7e-09,0.0467947944512181
2.824704387329906e-09,-0.01299296043867215,2.78285827046524e-09,-0.02220251537323232,2.789396381584223e-09,-0.04744623746356787,2.730321741735784e-09,0.003900026759529406,2.705416666666667e-09,0.04138784145664261
2.842900298206382e-09,-0.01635622279039893,2.812043693429466e-09,-0.03758285526432645,2.812602672719533e-09,-0.07168280206983035,2.749054052300556e-09,-0.01978433184173031,2.709674263624755e-09,0.03600924085721246
2.879292119959333e-09,-0.02315796851651904,2.865118292123278e-09,-0.07311817993907249,2.848698266902514e-09,-0.1172102294829349,2.774335215893644e-09,-0.05349294773553705,2.718189457540931e-09,0.02210264509597734
2.952075763465236e-09,-0.02964038517051502,2.883378808159442e-09,-0.08608018175722748,2.875171199243216e-09,-0.1517823893282099,2.812977104596946e-09,-0.1114937362016574,2.731725218445247e-09,2.308886769188979e-05
3.002102483051334e-09,-0.03156344942045224,2.919899840231771e-09,-0.1026082536462137,2.91535780230909e-09,-0.1915543857070476,2.852363414279961e-09,-0.1856919325355652,2.744981574862329e-09,-0.02279097965952863
3.019530269759549e-09,-0.03187026253054753,2.962752897081465e-09,-0.1091613528419689,2.958590781279083e-09,-0.2030811267333612,2.875039425536628e-09,-0.2261130318927889,2.771494287696493e-09,-0.07067847599070293
3.041415325907584e-09,-0.03209637564921224,3.008724902930384e-09,-0.1153014500153062,2.995234585601308e-09,-0.211854640192235,2.913052928106592e-09,-0.2742512528272628,2.806980256455549e-09,-0.140318675939988
3.070707662953792e-09,-0.03239073531123651,3.034989674873276e-09,-0.1164956439853107,3.014047690617655e-09,-0.2148197303183443,2.95251366753505e-09,-0.2838632660344676,2.826951860940734e-09,-0.1885053805115947
3.1e-09,-0.03269568861047847,3.061254446816167e-09,-0.1176354988003055,3.051673900650349e-09,-0.2170179416856228,2.9836399111477e-09,-0.2906391295189141,2.844058770837679e-09,-0.2271331395854905
3.158584674092416e-09,-0.03053526985828115,3.1e-09,-0.1190094107368605,3.075836950325174e-09,-0.2182700507605644,3.012774591603915e-09,-0.2945243768913038,2.878272590631569e-09,-0.288338642579582
3.201380698286747e-09,-0.02882774631953565,3.169670050467369e-09,-0.1089520169626712,3.1e-09,-0.219521303572641,3.055740184290564e-09,-0.2942899896213949,2.91078289549384e-09,-0.3212475456955861
3.224418094529384e-09,-0.02639851468492292,3.20819375466023e-09,-0.1015619080126718,3.133504853813203e-09,-0.2113150218218041,3.077870092145282e-09,-0.2943194344253222,2.950427294546091e-09,-0.326153128773587
3.245744920050824e-09,-0.02397814773500786,3.24653742722495e-09,-0.08504908678686758,3.17224997708732e-09,-0.2009615018802721,3.1e-09,-0.2936733031834158,2.979828909506079e-09,-0.3290336866499882
3.288398571093703e-09,-0.01941803425198567,3.274018008123723e-09,-0.07357111471180468,3.217821478496702e-09,-0.1813571500246497,3.144259815709437e-09,-0.2821809594108611,3.006376460345039e-09,-0.3299320337805478
3.365781692275024e-09,-0.01354541120267475,3.323201909768203e-09,-0.0567965919371799,3.282258428995167e-09,-0.1314107895027145,3.18439639839167e-09,-0.2708785042912943,3.047749264845825e-09,-0.3276803576436509
3.477621732038626e-09,-0.006609991579584988,3.388583421945625e-09,-0.04071376871510254,3.31402621762782e-09,-0.1105582857747024,3.217685531921651e-09,-0.2540242326706543,3.065976744561668e-09,-0.326395204120084
3.593922946007111e-09,-0.002017354213818156,3.478400662907509e-09,-0.02084636478640822,3.361554316223263e-09,-0.08796925218323558,3.274957230784833e-09,-0.2034619644716186,3.1e-09,-0.324046240141099
3.627796220325105e-09,-0.0008850571027300212,3.575079601757945e-09,-0.006830242918309046,3.423299465668661e-09,-0.06040481027816857,3.313558171683765e-09,-0.1696381206034563,3.143536510501907e-09,-0.3141634886742354
3.695542768961093e-09,0.001355385326725343,3.621538173906302e-09,-0.0014763225657343,3.4853333935713e-09,-0.03470457453020295,3.358006471899497e-09,-0.139448027318418,3.190848384607794e-09,-0.3030521985054395
3.780081208325085e-09,0.002812375071436573,3.714455318203017e-09,0.008120506043527707,3.587271017642982e-09,-0.00875155207833451,3.412679118722377e-09,-0.1034472740196746,3.217115653649026e-09,-0.2919877445836448
3.946481583006747e-09,0.005122938842280787,3.761631078854264e-09,0.01057850408083479,3.634398906121051e-09,0.001407621012904791,3.476146196378741e-09,-0.06347144345351542,3.265931290580168e-09,-0.2590762234784436
4.157093107632972e-09,0.007080160289379125,3.855982600156759e-09,0.01502337910400626,3.706245377902711e-09,0.01497120173858714,3.557023214984814e-09,-0.02793769804980266,3.307414124468546e-09,-0.2260704508475864
4.521328674573895e-09,0.007065606291621958,3.987402903828164e-09,0.02064911410476657,3.775265164398917e-09,0.02223595331352242,3.620156618430014e-09,-0.007042454540819388,3.351226431171069e-09,-0.1962288170731377
4.946743843779746e-09,0.006918897457907181,4.16372627633757e-09,0.02493590169271086,3.879693557749044e-09,0.03091331322999641,3.727369673800402e-09,0.02285368463979636,3.400671773439674e-09,-0.1595984557700486
5.071204640191927e-09,0.006929401420894055,4.462734397761603e-09,0.0245669492484942,3.999310496697274e-09,0.03974038255462059,3.77808222472587e-09,0.02999048136597379,3.461172869687393e-09,-0.1117102414762342
5.320126233016288e-09,0.007063947529952037,4.900228894904091e-09,0.02359614671406263,4.153723082274286e-09,0.04641297415960684,3.878379640592247e-09,0.04278747498716664,3.533483262579156e-09,-0.06336532371573705
5.451649403403586e-09,0.007120936243545953,5.062739132786749e-09,0.02332832462535732,4.395858646427621e-09,0.04547441811186977,3.980659056966194e-09,0.05444614339780017,3.617922097415874e-09,-0.02395626430566068
5.71469574417818e-09,0.006331076649809257,5.312660664596511e-09,0.02333626293069393,4.688770444100777e-09,0.04409413254391141,4.105633609286505e-09,0.06542524292196103,3.673504911977361e-09,0.0009268867117491093
6.24078842572737e-09,0.004673541413153811,5.415011767607854e-09,0.02326763881971081,4.91881709006883e-09,0.04287911547023961,4.355582713927126e-09,0.06564321342106096,3.712389077801471e-09,0.01531875025265373
6.865258469508298e-09,0.003241104430163554,5.61971397363054e-09,0.02186322000444457,5.034776297765538e-09,0.04224474655584069,4.544658435263254e-09,0.06451001211294627,3.790157409449692e-09,0.03117113444323861
7.865258469508299e-09,0.001836993489780638,5.996854208470984e-09,0.01758078016361114,5.223040515738744e-09,0.04193765194996547,4.728369304947733e-09,0.06314952648368644,3.869874280530469e-09,0.04562788880254491
8.8652584695083e-09,0.0009816052481442013,6.488155710082013e-09,0.01318945392574444,5.318217732374841e-09,0.04180340933990104,5.08140815940149e-09,0.0606442253965829,3.945833719591128e-09,0.05821136691634043
9.8652584695083e-09,0.0005108788357407236,7.063124816403364e-09,0.009459733611117769,5.508572165647034e-09,0.04082293495962719,5.228073482546821e-09,0.06012301310342671,4.066060458787689e-09,0.07490191354650848
1.08652584695083e-08,0.0002550167646891537,8.063124816403365e-09,0.005372715560214569,5.843357087219706e-09,0.03401236992276151,5.374738805692152e-09,0.05869426547844072,4.241139932121368e-09,0.0807288629617136
1.18652584695083e-08,0.0001197504010175411,9.063124816403365e-09,0.002875829061893199,6.210118619763208e-09,0.02764577901902225,5.644665226182519e-09,0.05468919456348516,4.393412003817629e-09,0.08044225597499462
1.28652584695083e-08,5.149645109407779e-05,1.006312481640337e-08,0.001500762692590315,6.586584556133355e-09,0.02225733189235308,5.978804630291095e-09,0.04520164497319603,4.570973731695284e-09,0.0796151297907481
1.38652584695083e-08,2.105010222475795e-05,1.106312481640337e-08,0.0007538546566678613,7.33951642887365e-09,0.01447138058219831,6.397478755186489e-09,0.03549483512725718,4.78133815898728e-09,0.07829877924784803
1.48652584695083e-08,1.127314773684115e-05,1.206312481640337e-08,0.0003588689754605974,8.339516428873649e-09,0.00809128534494925,6.790572754621905e-09,0.02827607909644683,4.951338906644226e-09,0.07658716047035843
1.58652584695083e-08,1.33566661807876e-05,1.306312481640337e-08,0.0001606732185496697,9.33951642887365e-09,0.004324385340298852,7.576760753492738e-09,0.01810212667835695,5.056468824722984e-09,0.07614721808951289
1.68652584695083e-08,2.159479333068393e-05,1.406312481640337e-08,7.173294075128914e-05,1.033951642887365e-08,0.002254578528595682,8.576760753492739e-09,0.01005190113192831,5.266728660880499e-09,0.07537703437712941
1.78652584695083e-08,3.356836958526306e-05,1.506312481640337e-08,4.369948334530395e-05,1.133951642887365e-08,0.001132639947147922,9.57676075349274e-09,0.005359880961666474,5.403367589840019e-09,0.07489803245077534
1.88652584695083e-08,4.716075274976425e-05,1.606312481640337e-08,5.000352927067025e-05,1.233951642887365e-08,0.0005427142803455171,1.057676075349274e-08,0.002785297440680194,5.641499563193896e-09,0.06880050100295826
1.98652584695083e-08,6.195084897797848e-05,1.706312481640337e-08,7.546712762016572e-05,1.333951642887365e-08,0.0002485707880815791,1.157676075349274e-08,0.001396133148034293,5.913831393210353e-09,0.05870925479592267
2.08652584695083e-08,7.586928448686243e-05,1.806312481640337e-08,0.0001107667480495617,1.433951642887365e-08,0.0001221715310693881,1.257676075349274e-08,0.0006699446941169349,6.285906489844585e-09,0.04750059058077585
2.18652584695083e-08,9.043018563749207e-05,1.906312481640337e-08,0.0001511741268700523,1.533951642887365e-08,8.52934639230919e-05,1.357676075349274e-08,0.00031476259771375,6.647913173497456e-09,0.03859109326940838
2.28652584695083e-08,0.0001061939143545093,2.006312481640336e-08,0.000194724307792441,1.633951642887365e-08,0.0001035094277176649,1.457676075349274e-08,0.0001664792138316521,7.371926540803196e-09,0.02551507084147294
2.38652584695083e-08,0.0001218841836276131,2.106312481640336e-08,0.0002400952700479426,1.733951642887365e-08,0.0001470110750935788,1.557676075349274e-08,0.0001338239581261419,8.371926540803197e-09,0.01430595816122832
2.48652584695083e-08,0.0001369824927240772,2.206312481640336e-08,0.0002856639777020588,1.833951642887365e-08,0.0002077561021605989,1.657676075349274e-08,0.0001650528704208836,9.371926540803198e-09,0.007660545311690322
2.586525846950829e-08,0.0001521717450919193,2.306312481640336e-08,0.0003308881549261513,1.933951642887365e-08,0.0002755663989445848,1.757676075349274e-08,0.0002318615174254664,1.03719265408032e-08,0.004006692206301567
2.686525846950829e-08,0.0001669854105573561,2.406312481640336e-08,0.00037621864205846,2.033951642887365e-08,0.0003483878344929774,1.857676075349274e-08,0.0003177433076946676,1.13719265408032e-08,0.00202647093108151
2.698262923475415e-08,0.0001716778382359141,2.506312481640336e-08,0.0004214226804013343,2.133951642887365e-08,0.0004228900776974798,1.957676075349274e-08,0.0004141481379845811,1.23719265408032e-08,0.0009839858076190096
2.702900468428881e-08,0.0002457140188097997,2.606312481640336e-08,0.0004663362882156985,2.233951642887365e-08,0.0004987569004647598,2.057676075349274e-08,0.0005156168555701635,1.33719265408032e-08,0.0004650734532080536
2.712175558335813e-08,0.0005346343744629013,2.658032872584314e-08,0.0004932746546480762,2.333951642887365e-08,0.0005732830460972432,2.157676075349274e-08,0.0006197980602017388,1.43719265408032e-08,0.000239657759538557
2.71663166875186e-08,0.0007587150509486961,2.684016436292158e-08,0.000500688060752279,2.433951642887365e-08,0.0006490530757777004,2.257676075349274e-08,0.0007246944876940595,1.53719265408032e-08,0.0001770207294602624
2.71831583437593e-08,0.0008434052711453907,2.697008218146079e-08,0.0005043947638043804,2.533951642887364e-08,0.0007235220120229708,2.357676075349274e-08,0.000829900003605716,1.63719265408032e-08,0.000205870579856173
2.72e-08,0.0009280954913420857,2.70350410907304e-08,0.000767861713169862,2.633951642887364e-08,0.0007981820653013283,2.457676075349274e-08,0.0009342182846127095,1.73719265408032e-08,0.000284348266822818
2.720325e-08,0.001025688492986675,2.711214866614482e-08,0.001438334756213686,2.671975821443683e-08,0.0007813883113157427,2.557676075349273e-08,0.001038529630298138,1.83719265408032e-08,0.0003910011458931937
2.720975e-08,0.001220874496275855,2.715607433307241e-08,0.00209901850753784,2.690987910721842e-08,0.0008027635717960905,2.657676075349273e-08,0.001142117616534405,1.93719265408032e-08,0.0005118275072108269
2.722275e-08,0.001611246502854214,2.72e-08,0.002759702258861993,2.700493955360921e-08,0.000900251252685563,2.683838037674637e-08,0.001175842341603566,2.03719265408032e-08,0.0006410236338724466
2.724707843413332e-08,0.002341795706664194,2.720325e-08,0.003052335345721989,2.704034779247735e-08,0.001354260642386662,2.696919018837319e-08,0.001192704704138148,2.137192654080319e-08,0.0007733137433740323
2.728233540482978e-08,0.003400513737175753,2.720975e-08,0.003637601519441982,2.70876131260824e-08,0.001960303358715037,2.70345950941866e-08,0.001803798151178729,2.237192654080319e-08,0.0009078137267766763
2.729861875931374e-08,0.003889480334385788,2.722275e-08,0.004808133866881969,2.713487845968745e-08,0.003002326821136553,2.710805993842418e-08,0.003230273750037698,2.337192654080319e-08,0.001041976348622825
2.73074968458039e-08,0.004231045441481595,2.723917291975496e-08,0.006286869160157624,2.716743922984373e-08,0.003826835195822144,2.715402996921209e-08,0.004835862201398989,2.437192654080319e-08,0.001176467653992776
2.731850229418238e-08,0.004671578307327899,2.726098903108932e-08,0.008251212545713179,2.72e-08,0.004651343570507735,2.72e-08,0.006441450652760279,2.537192654080319e-08,0.001309590889455362
2.734051319093933e-08,0.00555264403902051,2.730370841172434e-08,0.0122089585048188,2.720325e-08,0.005139890524936997,2.720325e-08,0.007123712921024831,2.637192654080319e-08,0.001442501960114141
2.737614909148308e-08,0.006976592254178487,2.73134538550406e-08,0.01337881077675448,2.720975000000001e-08,0.006116984433796354,2.720975e-08,0.00848823745755394,2.67359632704016e-08,0.00146421552233925
2.739396704175496e-08,0.007685717568475026,2.73294202528447e-08,0.0152954323340924,2.722275000000002e-08,0.008068489861272597,2.722275e-08,0.01121728653061215,2.69179816352008e-08,0.001487238494451459
2.740287601689089e-08,0.007953999718896513,2.73613530484529e-08,0.0191267211204211,2.723697544289836e-08,0.01019413455810751,2.723496386283856e-08,0.01378130430430478,2.70089908176004e-08,0.001718082299101873
2.740855084408856e-08,0.008009603755316071,2.739163118290184e-08,0.02275854444858569,2.725535495545e-08,0.01294050341741077,2.72503425170764e-08,0.01700969677297148,2.704807433526194e-08,0.002606120005776151
2.741422567128624e-08,0.008065207791735628,2.739917242391571e-08,0.02366310661980103,2.72893225655227e-08,0.01801613239649993,2.727846883724027e-08,0.02291416661695106,2.712624137058502e-08,0.004972626257287664
2.742557532568158e-08,0.008176415864574743,2.740294304442265e-08,0.02385051370737046,2.730309801842741e-08,0.02022943801027037,2.72957256936e-08,0.02653684414406012,2.716312068529251e-08,0.006640365659473105
2.744359299445189e-08,0.008352959585749402,2.740777039022647e-08,0.02399508651239747,2.731709607558435e-08,0.02302100832439821,2.730652572582462e-08,0.0292608617157519,2.72e-08,0.008308105061658548
2.747962833199252e-08,0.008706047028098721,2.741529425407403e-08,0.02422041656855844,2.73300252717285e-08,0.02559942043808532,2.732812579027386e-08,0.035307299755136,2.720325e-08,0.009186325066391604
2.75152173800358e-08,0.008820882961412176,2.742485227031791e-08,0.02450666687566887,2.735510545709585e-08,0.03060105031853111,2.734133704927849e-08,0.03900630173004654,2.720975000000001e-08,0.01094276507585921
2.758639547612237e-08,0.008398781573850907,2.743916531964768e-08,0.02493532431480585,2.738000036675639e-08,0.03556573148836054,2.736205062802765e-08,0.0448103041099138,2.722256221790418e-08,0.01440490232768629
2.76e-08,0.008298864767374915,2.746772976952744e-08,0.02579079289132672,2.740076715911606e-08,0.03959208670792883,2.739385845489859e-08,0.05372294567190671,2.7233738688466e-08,0.01742502541374822
2.7608125e-08,0.008157941671872317,2.751225444404157e-08,0.02632695655736695,2.740364157469754e-08,0.03973415629266323,2.740007703887965e-08,0.05544923203552501,2.724743587791147e-08,0.02111986068381892
2.761536817462588e-08,0.008032313291620682,2.7562610418673e-08,0.02579587967724518,2.740939040586051e-08,0.04001829546213202,2.740283064243019e-08,0.05564254266385936,2.727200785188404e-08,0.0277459434102721
2.762985452387763e-08,0.007732506289682522,2.75813052093365e-08,0.02542954745819823,2.741802645600508e-08,0.04043925532040629,2.740580910157911e-08,0.0558516387806304,2.730542084085371e-08,0.03724397143783902
2.765882722238114e-08,0.00705631184041407,2.759065260466825e-08,0.02524638134867473,2.742543857212976e-08,0.04080025233784618,2.741118759267501e-08,0.05622922381571525,2.731735249919801e-08,0.04153531372953158
2.77e-08,0.006045382412577079,2.76e-08,0.02506321523915122,2.743848806920701e-08,0.04143581031410187,2.74165700543976e-08,0.05660708759983695,2.73296383838629e-08,0.04595405712059343
2.770541666666667e-08,0.005527836135774215,2.7608125e-08,0.0246602524759098,2.745858959784747e-08,0.04241482787981742,2.742534799310622e-08,0.05722332331282111,2.734670621371132e-08,0.05209267573859092
2.771625e-08,0.004047522309201815,2.761625e-08,0.02416507209024264,2.748786192696804e-08,0.04384049678843744,2.744193461253843e-08,0.05838775013227119,2.736273756273475e-08,0.05785851348485967
2.773791666666667e-08,0.0009121440817290759,2.76325e-08,0.02299376875806764,2.75100884320437e-08,0.04444161964225159,2.746667001887902e-08,0.06012424445835718,2.739480026078163e-08,0.06939018897739718
2.777554952632533e-08,-0.004546919595104067,2.7665e-08,0.02060021050067436,2.755454144219504e-08,0.04340578718314449,2.749909013124573e-08,0.06137180801290714,2.740193040442682e-08,0.07143340847157248
2.780543819345231e-08,-0.008973434933724704,2.77e-08,0.01787760808473913,2.75766088672629e-08,0.04277419466136596,2.751608633466013e-08,0.06141737696785843,2.740622421079747e-08,0.07181839188906039
2.782192800384989e-08,-0.01198006741468096,2.770541666666667e-08,0.01632644028178309,2.758830443363145e-08,0.04242030731123385,2.753369107728525e-08,0.06143159188011085,2.741051801716812e-08,0.0722033753065483
2.783841781424748e-08,-0.01501150714407482,2.771625e-08,0.01170075739565602,2.76e-08,0.0417616190388739,2.756890056253548e-08,0.0599306400820643,2.741841907572281e-08,0.07290861329884112
2.787139743504264e-08,-0.02115488904269495,2.773791666666667e-08,0.001733723673931722,2.7608125e-08,0.04089777322484699,2.76e-08,0.0585692985888552,2.742567187975068e-08,0.07350630432328423
2.793616354847098e-08,-0.02846856241715363,2.776265880407687e-08,-0.0100703735498017,2.761483054685108e-08,0.04018484293831581,2.7608125e-08,0.05764095183648975,2.743966683422302e-08,0.07465960429436665
2.800948953930875e-08,-0.03113772013873711,2.780107462560281e-08,-0.02929492846334282,2.762824164055324e-08,0.03875898236525347,2.762119981248817e-08,0.0553627245376992,2.746030653183832e-08,0.07636048604499457
2.803095965382767e-08,-0.03146149319686672,2.781249986749753e-08,-0.03568616782267358,2.765506382795755e-08,0.03532394645420257,2.76463193523291e-08,0.05098575764426058,2.748882301655518e-08,0.0787104801849778
2.80584308422016e-08,-0.03175999791080135,2.782870619645103e-08,-0.04645744882117219,2.767753191397878e-08,0.03241528347782571,2.767672099234488e-08,0.04532290937964853,2.751255629688013e-08,0.07983552663329296
2.81e-08,-0.03218675769931358,2.786111885435803e-08,-0.06813212956168496,2.77e-08,0.0296653033896436,2.77e-08,0.04089167673283932,2.755600027093452e-08,0.07786719252590477
2.818313831559681e-08,-0.0291274258895134,2.78943994091858e-08,-0.0915181855275593,2.770541666666667e-08,0.02684294650943919,2.770541666666667e-08,0.03699700564307976,2.757800013546726e-08,0.07606353457564534
2.821571240896293e-08,-0.02695537253123578,2.793576522183314e-08,-0.1026611309273996,2.771625e-08,0.01875589754040372,2.771625e-08,0.02527383514488215,2.76e-08,0.07425987662538593
2.828086059569516e-08,-0.01977767886574863,2.797451773699441e-08,-0.1084628654051827,2.773606966027141e-08,0.002723093094577281,2.773426114463581e-08,0.003886283796184374,2.7608125e-08,0.07286249884882381
2.831527939554016e-08,-0.01654700473176092,2.800745542866598e-08,-0.1125584506699832,2.775668586193682e-08,-0.0148046449687573,2.77530735646649e-08,-0.01988605084495311,2.761816662151092e-08,0.07113549100390008
2.838411699523016e-08,-0.01200968855873012,2.803973837920955e-08,-0.1143818201755357,2.778658875879666e-08,-0.04126267415017303,2.778103231145258e-08,-0.05680452528238458,2.763754039233071e-08,0.06718819016142209
2.85051334454352e-08,-0.004848992112998526,2.806151040520915e-08,-0.1153976510322052,2.781027419568515e-08,-0.06507158660073324,2.780233331265923e-08,-0.08733851220162935,2.767029310510819e-08,0.05957945094316973
2.861081628861831e-08,-0.001180284286943026,2.81e-08,-0.1167711410359889,2.784846052464318e-08,-0.1125735589775213,2.781594773324275e-08,-0.1110477280089862,2.768514655255409e-08,0.05581804641630782
2.864753566332053e-08,1.234359272191132e-05,2.816789036575979e-08,-0.1071150530995069,2.786734930298327e-08,-0.1370223728511314,2.782912474024587e-08,-0.1353705749960369,2.77e-08,0.05205664188944527
2.869121858923952e-08,0.001375631398070041,2.820841925501372e-08,-0.09942228057987776,2.790512685966343e-08,-0.1839566384531224,2.785547875425212e-08,-0.1849589534771913,2.770541666666667e-08,0.04688773849151597
2.877858444107749e-08,0.002961365738941854,2.824627143530068e-08,-0.08324452490537504,2.793553195735574e-08,-0.1925496158993046,2.787802211889e-08,-0.2250999101274003,2.771217337137086e-08,0.03773697901860901
2.894476119011907e-08,0.005231272421751325,2.827406580883482e-08,-0.07187892479532626,2.79636584474786e-08,-0.2001241211174171,2.7912618957664e-08,-0.2697018484393562,2.772516921465609e-08,0.01702556289093562
2.915854944050702e-08,0.007195731272548266,2.832408239091707e-08,-0.0548616706607948,2.799553237696935e-08,-0.207894635397937,2.795200142238612e-08,-0.2802999407643083,2.774346364388476e-08,-0.0131549529743861
2.950555655147624e-08,0.007141234906407129,2.839143761198214e-08,-0.038633038926708,2.801365641103009e-08,-0.2108243972222965,2.79824051879861e-08,-0.2875148713741412,2.776390301958452e-08,-0.04912899566872508
3e-08,0.006927888453775034,2.847370483248327e-08,-0.02043246489889071,2.804202011245875e-08,-0.2125568433931738,2.80108882451633e-08,-0.2920249138632666,2.779597290135845e-08,-0.1105258122589205
3.007583333333334e-08,0.006960211722338057,2.856395801611566e-08,-0.007190511974172374,2.807101005622938e-08,-0.2142594303918279,2.805513913065889e-08,-0.2923834532119529,2.780930674261933e-08,-0.1376057465321542
3.022750000000001e-08,0.007024040560495871,2.862946526023662e-08,0.0002502486042992502,2.81e-08,-0.2159144982307042,2.807756956532945e-08,-0.292442573294004,2.783597442514109e-08,-0.2014254006585526
3.053083333333335e-08,0.007016858487470599,2.876047974847853e-08,0.01115990000304056,2.813600441533366e-08,-0.2070430237937933,2.81e-08,-0.2921489067301984,2.786038850798687e-08,-0.2545566348164452
3.113750000000004e-08,0.00497439264856411,2.881201249559338e-08,0.01360461500757863,2.817861703305877e-08,-0.195636378877684,2.813125573524724e-08,-0.2841502441749545,2.78882532306362e-08,-0.2994032196567835
3.196362190944175e-08,0.003101620818560574,2.891507798982307e-08,0.01805272340244643,2.821737667135315e-08,-0.1781191212717263,2.81678963643842e-08,-0.2735789383660698,2.792394020657444e-08,-0.3223474713648978
3.286901607543389e-08,0.001795038453504256,2.906444103005936e-08,0.02383839951541911,2.82878676073675e-08,-0.1237404702033912,2.821000106889902e-08,-0.257490375438701,2.795426205524732e-08,-0.3265214279751039
3.386901607543389e-08,0.0009537596615041251,2.933477157923239e-08,0.02494409297730869,2.832012159860125e-08,-0.1043692845025326,2.825710739268065e-08,-0.2161649979327096,2.798202043711689e-08,-0.3296441389612674
3.486901607543389e-08,0.0004741436269906162,2.958829619545227e-08,0.02442416678293011,2.836659482001135e-08,-0.08262591073184153,2.828501393912219e-08,-0.1893003389439171,2.801082644412992e-08,-0.3309367702417189
3.58690160754339e-08,0.0002080965997337746,2.987109523869061e-08,0.02365891113206687,2.843075460992971e-08,-0.05449320698620144,2.832902699001398e-08,-0.1541609858652402,2.805374006267405e-08,-0.3283340806135931
3.68690160754339e-08,6.153633120365538e-05,3e-08,0.02328000702183228,2.849839506970518e-08,-0.02743512763111228,2.837995546388305e-08,-0.1201397173990621,2.807847281745434e-08,-0.3267303160742417
3.78690160754339e-08,-1.821699982305116e-05,3.007583333333334e-08,0.02330085166596398,2.860137404917285e-08,-0.003937260469876882,2.843376484571941e-08,-0.08526419290609884,2.81e-08,-0.3251962336400058
3.88690160754339e-08,-6.065746597590031e-05,3.014407936488091e-08,0.02328388853197672,2.863248655426496e-08,0.002703907034604364,2.84996368831226e-08,-0.04608333620425051,2.814305436509132e-08,-0.315302401335848
3.986901607543391e-08,-8.229767102765876e-05,3.028057142797606e-08,0.02323400041949276,2.867665365609613e-08,0.01177883500229282,2.861511855313087e-08,-0.005055001796887462,2.818442246762813e-08,-0.305289034151072
4.086901607543391e-08,-9.237942276888474e-05,3.05e-08,0.02315606687102353,2.876498785975847e-08,0.02248058850252644,2.86570578943134e-08,0.008352186601535878,2.821718417541469e-08,-0.2920887090274255
4.186901607543391e-08,-9.607494889320143e-05,3.093885714404789e-08,0.01804086171073915,2.885715272918801e-08,0.03011650241312164,2.870072746195087e-08,0.02061478145954453,2.826928812694858e-08,-0.2544503265907424
4.286901607543391e-08,-9.627610060114936e-05,3.13759084778445e-08,0.01435384134847162,2.8981972725332e-08,0.03921276814146751,2.878806659722579e-08,0.03376027515582775,2.831414964822839e-08,-0.2170744567053733
4.386901607543391e-08,-9.459960598167077e-05,3.185498750854135e-08,0.01085973884509618,2.91319679822177e-08,0.04695197532929634,2.887688193660701e-08,0.04468961862497078,2.83608225113204e-08,-0.1839409272772138
4.486901607543392e-08,-9.194664603449831e-05,3.281314556993505e-08,0.006330390258943453,2.937699536843389e-08,0.04567939464770333,2.896965419677355e-08,0.05492026511143742,2.84086024920257e-08,-0.1469412879576137
4.586901607543392e-08,-8.881950236853945e-05,3.381314556993505e-08,0.003379519828423001,2.959809288514056e-08,0.04454971284908374,2.910330023103704e-08,0.06650697754677662,2.846547210367518e-08,-0.1012748631708918
4.686901607543392e-08,-8.569263090422343e-05,3.481314556993505e-08,0.001716817914416242,2.980578224662306e-08,0.04337963470903856,2.935243319356408e-08,0.06625160056067185,2.853948240018964e-08,-0.05371946990073294
4.786901607543392e-08,-8.255574307203478e-05,3.581314556993505e-08,0.0007924156619811148,3e-08,0.04202523241723571,2.954118510536943e-08,0.06490108260623791,2.861871842789738e-08,-0.01750708494888147
4.886901607543393e-08,-7.926716957183419e-05,3.681314556993506e-08,0.0002816353109362532,3.007583333333334e-08,0.0418324952465386,2.972701354655688e-08,0.06327104283427672,2.868071205754855e-08,0.009699181814218642
4.943450803771696e-08,-7.742911829864175e-05,3.781314556993506e-08,2.43203549546336e-06,3.016585036223676e-08,0.04168750601290704,3e-08,0.06052956176668057,2.871888196168849e-08,0.02216832367570261
5e-08,-7.559735339719912e-05,3.881314556993506e-08,-0.0001473846852381366,3.034588442004361e-08,0.04135790957670805,3.007583333333334e-08,0.06026261356474144,2.879522176996837e-08,0.03668434693118875
  ,  ,3.981314556993506e-08,-0.0002251133945497027,3.05e-08,0.0407929635394211,3.019210659559215e-08,0.0598847983365169,2.889048591370969e-08,0.05301029340866707
  ,  ,4.081314556993506e-08,-0.0002630774961953277,3.080823115991279e-08,0.03435603037676984,3.034605329779608e-08,0.05912182545697087,2.897035634538931e-08,0.06529599871631732
  ,  ,4.181314556993507e-08,-0.0002788924037597028,3.111646015598799e-08,0.02896649767279665,3.05e-08,0.05828180652872759,2.909766967492592e-08,0.08062907429164476
  ,  ,4.281314556993507e-08,-0.0002822099022584795,3.144094231852652e-08,0.02422254235805808,3.070738507121469e-08,0.05194259529575675,2.930107537817572e-08,0.08245908449105559
  ,  ,4.381314556993507e-08,-0.0002787531742385569,3.208990664360359e-08,0.01667965469413598,3.094121101552986e-08,0.04541850934218731,2.946108850301044e-08,0.08152047046646624
  ,  ,4.481314556993507e-08,-0.0002717358823844882,3.308990664360359e-08,0.009380320536310898,3.119150755479455e-08,0.03952564238277738,2.962252471173616e-08,0.08007013597136076
  ,  ,4.581314556993508e-08,-0.0002629411941996216,3.408990664360359e-08,0.004958639518888854,3.167560434631038e-08,0.02985313477970573,2.988111115008761e-08,0.07750095847195826
  ,  ,4.681314556993508e-08,-0.0002536686513163885,3.508990664360359e-08,0.002494177720683627,3.264379792934205e-08,0.01741761331318391,3e-08,0.0759979385322226
  ,  ,4.781314556993508e-08,-0.0002442888616661021,3.60899066436036e-08,0.001124772415704766,3.364379792934205e-08,0.009382203120243317,3.007583333333334e-08,0.07581928254070865
  ,  ,4.881314556993508e-08,-0.0002347335064057986,3.70899066436036e-08,0.0003687306522339731,3.464379792934205e-08,0.004861208457168061,3.014074072774858e-08,0.07559818141396758
  ,  ,4.940657278496754e-08,-0.0002287948506668137,3.80899066436036e-08,-4.387083814746972e-05,3.564379792934205e-08,0.002344197691979075,3.027055551657906e-08,0.07480643190934322
  ,  ,5e-08,-0.0002237462912838649,3.90899066436036e-08,-0.0002652049951345301,3.664379792934206e-08,0.0009493903848915271,3.05e-08,0.07349982678402668
  ,  ,  ,  ,4.008990664360361e-08,-0.0003796339501218031,3.764379792934206e-08,0.0001823491327965424,3.069614205282343e-08,0.06580031759918664
  ,  ,  ,  ,4.108990664360361e-08,-0.0004339852410838564,3.864379792934206e-08,-0.0002342258538164013,3.092812430397973e-08,0.05763286630459073
  ,  ,  ,  ,4.208990664360361e-08,-0.0004557073136360995,3.964379792934206e-08,-0.0004538977925899845,3.117838624971265e-08,0.05007843799768352
  ,  ,  ,  ,4.308990664360361e-08,-0.000459516944324816,4.064379792934206e-08,-0.0005642128108215899,3.163003542826389e-08,0.03859221831934614
  ,  ,  ,  ,4.408990664360361e-08,-0.0004529300986564062,4.164379792934207e-08,-0.0006137370284903454,3.253333378536636e-08,0.02329901223490828
  ,  ,  ,  ,4.508990664360362e-08,-0.0004414656509593241,4.264379792934207e-08,-0.0006296643644935121,3.353333378536636e-08,0.01268002221875769
  ,  ,  ,  ,4.608990664360362e-08,-0.0004277103684556822,4.364379792934207e-08,-0.0006272158011497243,3.453333378536637e-08,0.006607397700648203
  ,  ,  ,  ,4.708990664360362e-08,-0.0004122159489760002,4.464379792934207e-08,-0.0006148911894432035,3.553333378536637e-08,0.003224386061855181
  ,  ,  ,  ,4.808990664360362e-08,-0.0003966169782106629,4.564379792934208e-08,-0.0005976316724438029,3.653333378536637e-08,0.001347538713062963
  ,  ,  ,  ,4.908990664360363e-08,-0.0003814406847915532,4.664379792934208e-08,-0.000577640705640714,3.753333378536637e-08,0.0003136297432944312
  ,  ,  ,  ,5e-08,-0.000367582247912075,4.764379792934208e-08,-0.0005567300814254236,3.853333378536638e-08,-0.0002485785875198319
  ,  ,  ,  ,  ,  ,4.864379792934208e-08,-0.0005353739965185508,3.953333378536638e-08,-0.0005472301520827799
  ,  ,  ,  ,  ,  ,4.932189896467104e-08,-0.000521077883127073,4.053333378536638e-08,-0.0006987435827176031
  ,  ,  ,  ,  ,  ,5e-08,-0.0005074638063335285,4.153333378536638e-08,-0.00076843919445932
  ,  ,  ,  ,  ,  ,  ,  ,4.253333378536639e-08,-0.0007927951574533073
  ,  ,  ,  ,  ,  ,  ,  ,4.353333378536639e-08,-0.0007923055585770355
  ,  ,  ,  ,  ,  ,  ,  ,4.453333378536639e-08,-0.0007783781867053705
  ,  ,  ,  ,  ,  ,  ,  ,4.553333378536639e-08,-0.0007574321145325138
  ,  ,  ,  ,  ,  ,  ,  ,4.65333337853664e-08,-0.0007330187916922929
  ,  ,  ,  ,  ,  ,  ,  ,4.75333337853664e-08,-0.0007071329928382952
  ,  ,  ,  ,  ,  ,  ,  ,4.85333337853664e-08,-0.0006808688813619686
  ,  ,  ,  ,  ,  ,  ,  ,4.92666668926832e-08,-0.0006616075895631129
  ,  ,  ,  ,  ,  ,  ,  ,5e-08,-0.0006429824200121851
