/net1 X,/net1 Y,/net7 X,/net7 Y,/time X,/time Y,/net20 X,/net20 Y,/net49 X,/net49 Y
0,1.068102063300793e-06,0,0.8995800864451269,0,0.3267128432528681,0,0.4735682645349242,0,4.301241506580075e-08
5e-11,1.06880994784938e-06,5e-11,0.8995800769328879,5e-11,0.3267128380588164,5e-11,0.4737638812866191,5e-11,6.196274556383666e-05
1.5e-10,1.067138327918336e-06,1.5e-10,0.8995798562826787,1.5e-10,0.326712709913238,1.5e-10,0.4741671286530522,1.5e-10,0.0001868237310289416
3.408623844514786e-10,1.062056450415412e-06,3.408623844514786e-10,0.8995789170004952,3.408623844514786e-10,0.326712165254858,3.408623844514786e-10,0.4749456617961056,3.408623844514786e-10,0.0004251920494631318
5e-10,1.058322542836348e-06,5e-10,0.8995772866841354,5e-10,0.3267112220211176,5e-10,0.4756107414591312,5e-10,0.0006239670381329462
8.18275231097043e-10,1.059410996538274e-06,8.18275231097043e-10,0.8995792138914664,8.18275231097043e-10,0.3267123354956735,8.18275231097043e-10,0.4769817218464628,8.18275231097043e-10,-0.0004349343880857138
1.211574448987681e-09,1.060469789798313e-06,1.211574448987681e-09,0.8995856835123073,1.211574448987681e-09,0.3267160725988073,1.211574448987681e-09,0.4786852073211253,1.211574448987681e-09,-0.001373973679744937
1.721369955384072e-09,1.060477178236922e-06,1.721369955384072e-09,0.8995993926136443,1.721369955384072e-09,0.3267239912419669,1.721369955384072e-09,0.4809046604191336,1.721369955384072e-09,-0.002252876779959466
1.910684977692036e-09,1.060606747118176e-06,1.910684977692036e-09,0.899604165602907,1.910684977692036e-09,0.326726748646646,1.910684977692036e-09,0.4817283038562643,1.910684977692036e-09,-0.002441748105679596
2.005342488846018e-09,1.061841418566826e-06,2.005342488846018e-09,0.8996062840622913,2.005342488846018e-09,0.3267279732031589,2.005342488846018e-09,0.4825359501058744,2.005342488846018e-09,-0.002409349291863362
2.042717166582488e-09,1.078755517244588e-06,2.042717166582488e-09,0.8996070492786683,2.042717166582488e-09,0.3267284225460862,2.042717166582488e-09,0.485380378758156,2.042717166582488e-09,-0.001576829703302247
2.104322097216302e-09,1.106094049263514e-06,2.104322097216302e-09,0.8996082624877916,2.104322097216302e-09,0.3267291351825226,2.104322097216302e-09,0.4907958259847057,2.104322097216302e-09,-5.554664847337207e-05
2.143784323319887e-09,1.122387058804217e-06,2.143784323319887e-09,0.8996089700846468,2.143784323319887e-09,0.3267295510637205,2.143784323319887e-09,0.4967742612959415,2.143784323319887e-09,0.001797493873093902
2.171892161659944e-09,1.076097532556985e-06,2.171892161659944e-09,0.8996089535496159,2.171892161659944e-09,0.3267295223907876,2.171892161659944e-09,0.5015107860253574,2.171892161659944e-09,0.003161972204946764
2.2e-09,1.130275525895661e-06,2.2e-09,0.8996088032962355,2.2e-09,0.3267294585267965,2.2e-09,0.5057692851202273,2.2e-09,0.004484528435424072
2.20325e-09,1.161732810141854e-06,2.20325e-09,0.8996089263848526,2.20325e-09,0.3267295426774243,2.20325e-09,0.5081351036985439,2.20325e-09,0.00538739209020667
2.209750000000001e-09,1.052713735027623e-06,2.209750000000001e-09,0.8996089157100824,2.209750000000001e-09,0.3267294906062313,2.209750000000001e-09,0.5138311618445224,2.209750000000001e-09,0.007274658301188328
2.222529454482471e-09,1.018069289506821e-06,2.222529454482471e-09,0.8996077974514679,2.222529454482471e-09,0.3267288318488822,2.222529454482471e-09,0.526025947556889,2.222529454482471e-09,0.01108959716409487
2.233522881765137e-09,1.680275254623832e-06,2.233522881765137e-09,0.8996068977380178,2.233522881765137e-09,0.3267285915166175,2.233522881765137e-09,0.5361265833750699,2.233522881765137e-09,0.01435341270395587
2.247026495526537e-09,2.510259890964532e-06,2.247026495526537e-09,0.8996067727889545,2.247026495526537e-09,0.3267288687184425,2.247026495526537e-09,0.5486787723653785,2.247026495526537e-09,0.01837816515075719
2.271462268476523e-09,3.981038752190994e-06,2.271462268476523e-09,0.8996071854797302,2.271462268476523e-09,0.3267297288825333,2.271462268476523e-09,0.5712532443412683,2.271462268476523e-09,0.02565020923576038
2.303140626688884e-09,6.770068797725448e-06,2.303140626688884e-09,0.8996050531356863,2.303140626688884e-09,0.3267296771086419,2.303140626688884e-09,0.6019824825916036,2.303140626688884e-09,0.03539019716963094
2.313088574608929e-09,9.022885608798253e-06,2.313088574608929e-09,0.8996031814352222,2.313088574608929e-09,0.3267295503942992,2.313088574608929e-09,0.6138459611395114,2.313088574608929e-09,0.0392896173621271
2.325668547444347e-09,1.071042974362359e-05,2.325668547444347e-09,0.8995989961020798,2.325668547444347e-09,0.326727844038672,2.325668547444347e-09,0.6301406264953562,2.325668547444347e-09,0.04431665008118919
2.340298788694781e-09,1.820324319206002e-05,2.340298788694781e-09,0.8995911506607522,2.340298788694781e-09,0.3267264878518983,2.340298788694781e-09,0.6487670895764882,2.340298788694781e-09,0.05011946954853865
2.354295422603855e-09,2.845447596106655e-05,2.354295422603855e-09,0.8995787537612985,2.354295422603855e-09,0.3267236568906271,2.354295422603855e-09,0.6670746146673859,2.354295422603855e-09,0.05569361236083267
2.382288690422005e-09,-3.078892597223956e-05,2.382288690422005e-09,0.8994954062949134,2.382288690422005e-09,0.3266504725624189,2.382288690422005e-09,0.703793547622604,2.382288690422005e-09,0.06682366498964235
2.393086793393796e-09,-0.0001076508962208552,2.393086793393796e-09,0.8994205887080624,2.393086793393796e-09,0.3265747866620373,2.393086793393796e-09,0.718007037039331,2.393086793393796e-09,0.07112410360477565
2.400614629264611e-09,-0.0001218241757315621,2.400614629264611e-09,0.8993295922220137,2.400614629264611e-09,0.3265164140264199,2.400614629264611e-09,0.7274681306274491,2.400614629264611e-09,0.0739505238619966
2.403791023797615e-09,-0.0001260900657812694,2.403791023797615e-09,0.8992748722897065,2.403791023797615e-09,0.326482995181836,2.403791023797615e-09,0.7302667975255537,2.403791023797615e-09,0.07437893141366821
2.407103802871753e-09,-0.0001305127786912962,2.407103802871753e-09,0.8992025794005131,2.407103802871753e-09,0.3264394150939018,2.407103802871753e-09,0.7319432285507624,2.407103802871753e-09,0.07472124130454605
2.41372936102003e-09,-0.0001423577919309551,2.41372936102003e-09,0.8989864754211186,2.41372936102003e-09,0.3263096980083851,2.41372936102003e-09,0.7349700374059329,2.41372936102003e-09,0.07536468590113451
2.420363836125845e-09,-0.0001623042756685958,2.420363836125845e-09,0.8986158129953449,2.420363836125845e-09,0.3260873555407517,2.420363836125845e-09,0.7379248543272084,2.420363836125845e-09,0.07598719639257966
2.431367385845961e-09,-0.000207363500655861,2.431367385845961e-09,0.8972675693805778,2.431367385845961e-09,0.3252899241817391,2.431367385845961e-09,0.7426129540047121,2.431367385845961e-09,0.07701795678883988
2.44717197134386e-09,-0.000278692534247763,2.44717197134386e-09,0.8910912242506882,2.44717197134386e-09,0.3216885567305655,2.44717197134386e-09,0.7488773385718486,2.44717197134386e-09,0.07849714948042281
2.461966194632336e-09,-0.0003785515660954662,2.461966194632336e-09,0.8729823916981537,2.461966194632336e-09,0.3111274829026088,2.461966194632336e-09,0.7544910108272347,2.461966194632336e-09,0.07987930338213722
2.477197345923534e-09,-0.0005918586108720845,2.477197345923534e-09,0.821867518430582,2.477197345923534e-09,0.2810748281436362,2.477197345923534e-09,0.7601145423018789,2.477197345923534e-09,0.08130018053723144
2.490351979007866e-09,-0.0009429444176703895,2.490351979007866e-09,0.724416973544092,2.490351979007866e-09,0.2233209704956266,2.490351979007866e-09,0.7648643226482503,2.490351979007866e-09,0.08252744717617305
2.501289400747945e-09,-0.001326153788493322,2.501289400747945e-09,0.5913033525964957,2.501289400747945e-09,0.1448745695570059,2.501289400747945e-09,0.7686164682682649,2.501289400747945e-09,0.08348592958824294
2.512878734497244e-09,-0.00169003696887607,2.512878734497244e-09,0.402869679448917,2.512878734497244e-09,0.03590557333071821,2.512878734497244e-09,0.7713820034250469,2.512878734497244e-09,0.0834302358251547
2.519394159333705e-09,-0.001808069374036761,2.519394159333705e-09,0.2825722022626511,2.519394159333705e-09,-0.03177145151208648,2.519394159333705e-09,0.7725712829252218,2.519394159333705e-09,0.08316158710805265
2.525024043250217e-09,-0.001771544822455525,2.525024043250217e-09,0.1826183211724482,2.525024043250217e-09,-0.08626277912614091,2.525024043250217e-09,0.7737375832442061,2.525024043250217e-09,0.08294068058103661
2.531615878927407e-09,-0.001476077497661286,2.531615878927407e-09,0.09212511931274654,2.531615878927407e-09,-0.1338415140285306,2.531615878927407e-09,0.7750424784552464,2.531615878927407e-09,0.08267855104219531
2.536932816132913e-09,-0.001091618131248387,2.536932816132913e-09,0.04737355270014308,2.536932816132913e-09,-0.1567505901340485,2.536932816132913e-09,0.7760868430821247,2.536932816132913e-09,0.08246932183119245
2.543822856792545e-09,-0.0005850278078653809,2.543822856792545e-09,0.01786923647572179,2.543822856792545e-09,-0.1717195520902695,2.543822856792545e-09,0.7774205846722714,2.543822856792545e-09,0.0821708852013109
2.551072008832041e-09,-0.0001410159490924481,2.551072008832041e-09,0.006075338204039053,2.551072008832041e-09,-0.1777676646930952,2.551072008832041e-09,0.7788029061825829,2.551072008832041e-09,0.08169801120385201
2.557616338838665e-09,0.0001856269454672235,2.557616338838665e-09,0.002498919971536735,2.557616338838665e-09,-0.1796895215680101,2.557616338838665e-09,0.7800339943249843,2.557616338838665e-09,0.08125400194294927
2.565050170978431e-09,0.0005348638195079046,2.565050170978431e-09,0.001017822309020083,2.565050170978431e-09,-0.1805564387962829,2.565050170978431e-09,0.7814166486119976,2.565050170978431e-09,0.08072295980074931
2.574570253368029e-09,0.001048230054296572,2.574570253368029e-09,0.0003710304083660893,2.574570253368029e-09,-0.1809612892387631,2.574570253368029e-09,0.783167305469962,2.574570253368029e-09,0.0800304871884864
2.586057648522524e-09,0.001884135588256,2.586057648522524e-09,0.0001349816344505544,2.586057648522524e-09,-0.1810116402120349,2.586057648522524e-09,0.7852532124625272,2.586057648522524e-09,0.07921172998825395
2.597549619989417e-09,0.00306123853640428,2.597549619989417e-09,5.911807440207781e-05,2.597549619989417e-09,-0.1807617602177491,2.597549619989417e-09,0.7873128467239747,2.597549619989417e-09,0.07840720125603277
2.6e-09,0.003364354410509808,2.6e-09,5.244663092034435e-05,2.6e-09,-0.1806723074038258,2.6e-09,0.787748593579979,2.6e-09,0.078236630707353
2.604900760021167e-09,0.004062439106562538,2.604900760021167e-09,4.464512709598202e-05,2.604900760021167e-09,-0.1804375645240644,2.604900760021167e-09,0.7876237427819626,2.604900760021167e-09,0.07739801839099895
2.609167662097277e-09,0.00470878935814158,2.609167662097277e-09,3.897347843315078e-05,2.609167662097277e-09,-0.1802113154670483,2.609167662097277e-09,0.7873280777593957,2.609167662097277e-09,0.07638895801644177
2.616910535720872e-09,0.006085542632375808,2.616910535720872e-09,3.390578988215198e-05,2.616910535720872e-09,-0.1796872241612428,2.616910535720872e-09,0.7864648906095871,2.616910535720872e-09,0.07446513239203616
2.632396282968061e-09,0.009713643174944562,2.632396282968061e-09,3.212546210588236e-05,2.632396282968061e-09,-0.1781732970571017,2.632396282968061e-09,0.7847136226636887,2.632396282968061e-09,0.07062248972317836
2.655498883096076e-09,0.01775618517222489,2.655498883096076e-09,3.591787425139528e-05,2.655498883096076e-09,-0.174568130755855,2.655498883096076e-09,0.7819573141408139,2.655498883096076e-09,0.06425280360577627
2.7e-09,0.04647669553213005,2.7e-09,5.927498117987284e-05,2.7e-09,-0.1610934650855787,2.7e-09,0.7762294601893619,2.7e-09,0.05199553286824003
2.705416666666667e-09,0.05163013434289458,2.705416666666667e-09,6.294180262725926e-05,2.705416666666667e-09,-0.1586422390544541,2.705416666666667e-09,0.7737018929187531,2.705416666666667e-09,0.04592275507289614
2.71625e-09,0.0630396701878241,2.71625e-09,7.392670263810022e-05,2.71625e-09,-0.1531987000525821,2.71625e-09,0.7676478540470707,2.71625e-09,0.02805073350720019
2.734507497282285e-09,0.08779779501000419,2.734507497282285e-09,0.0001031597757332501,2.734507497282285e-09,-0.1413242665605046,2.734507497282285e-09,0.7565687339171211,2.734507497282285e-09,-0.006180503631866974
2.748972418930967e-09,0.1134144809105938,2.748972418930967e-09,0.000126637849083521,2.748972418930967e-09,-0.1289799014842198,2.748972418930967e-09,0.7478659766860667,2.748972418930967e-09,-0.03471811484460398
2.768426007177608e-09,0.1593493834768983,2.768426007177608e-09,0.0001714646285745897,2.768426007177608e-09,-0.1066730882449279,2.768426007177608e-09,0.7357012411258538,2.768426007177608e-09,-0.0747549142705813
2.797275624051139e-09,0.2557453628869651,2.797275624051139e-09,0.0002592456472590241,2.797275624051139e-09,-0.05864191864276468,2.797275624051139e-09,0.7174409603926292,2.797275624051139e-09,-0.1373074888989969
2.810031028262835e-09,0.3086049452010369,2.810031028262835e-09,0.0002982322327607935,2.810031028262835e-09,-0.03127547488711685,2.810031028262835e-09,0.7111729016522809,2.810031028262835e-09,-0.1669379431106873
2.831284604281223e-09,0.4059044597030892,2.831284604281223e-09,0.0003499250725511564,2.831284604281223e-09,0.02135921254736507,2.831284604281223e-09,0.7027684874602569,2.831284604281223e-09,-0.2212330905483878
2.858834652722684e-09,0.5429868538186911,2.858834652722684e-09,0.0003958827893840144,2.858834652722684e-09,0.09876731616295989,2.858834652722684e-09,0.6913387336434313,2.858834652722684e-09,-0.2776670394091606
2.878656550261925e-09,0.6448451350247464,2.878656550261925e-09,0.0004064559995618102,2.878656550261925e-09,0.1576712542268964,2.878656550261925e-09,0.6833029740154561,2.878656550261925e-09,-0.3064961840723381
2.900064549063754e-09,0.7477623063131105,2.900064549063754e-09,0.0003765303715263344,2.900064549063754e-09,0.2179610739213577,2.900064549063754e-09,0.67434258509031,2.900064549063754e-09,-0.328829693907317
2.923597789633303e-09,0.82691717716288,2.923597789633303e-09,0.0002392098089467148,2.923597789633303e-09,0.2644735496360076,2.923597789633303e-09,0.6646388081431045,2.923597789633303e-09,-0.3336646334806681
2.941610002976486e-09,0.8578503490316022,2.941610002976486e-09,0.0001198299777957402,2.941610002976486e-09,0.2825285152319562,2.941610002976486e-09,0.6570619723739549,2.941610002976486e-09,-0.3348923475040332
2.962352064312665e-09,0.8759832095198495,2.962352064312665e-09,5.825308103941083e-05,2.962352064312665e-09,0.2930732100645725,2.962352064312665e-09,0.6484338206838475,2.962352064312665e-09,-0.3363823374986295
2.981994819823312e-09,0.8849474643709691,2.981994819823312e-09,3.061834874195786e-05,2.981994819823312e-09,0.2982998988873479,2.981994819823312e-09,0.6401606688050152,2.981994819823312e-09,-0.337455767571591
3.004320347461082e-09,0.8909064633134061,3.004320347461082e-09,1.489134485034822e-05,3.004320347461082e-09,0.3018000496911439,3.004320347461082e-09,0.6314600904669776,3.004320347461082e-09,-0.3381545778137633
3.032913158286426e-09,0.8951712610639998,3.032913158286426e-09,3.402028450089651e-06,3.032913158286426e-09,0.3043426626680798,3.032913158286426e-09,0.6239351539412165,3.032913158286426e-09,-0.33577764063817
3.050282716509678e-09,0.8966424954552291,3.050282716509678e-09,-2.93965523373887e-06,3.050282716509678e-09,0.3052377034897997,3.050282716509678e-09,0.6197280183293583,3.050282716509678e-09,-0.3342158801281877
3.083795164477194e-09,0.8982879307851315,3.083795164477194e-09,-1.244861606238527e-05,3.083795164477194e-09,0.3062665315107015,3.083795164477194e-09,0.6110061795614027,3.083795164477194e-09,-0.3312830373456018
3.119409032529872e-09,0.8990352657972315,3.119409032529872e-09,-2.555502697920397e-05,3.119409032529872e-09,0.3067618068860341,3.119409032529872e-09,0.6020516606625009,3.119409032529872e-09,-0.3260952821336214
3.164303503835389e-09,0.8994301210013371,3.164303503835389e-09,-5.350585130236223e-05,3.164303503835389e-09,0.3070377025675088,3.164303503835389e-09,0.5904187298184004,3.164303503835389e-09,-0.316368588021787
3.211306699664216e-09,0.8995808514601709,3.211306699664216e-09,-0.0001076906100858839,3.211306699664216e-09,0.3071341990837638,3.211306699664216e-09,0.579832993829254,3.211306699664216e-09,-0.3038425931061683
3.255988408136603e-09,0.8996333835055471,3.255988408136603e-09,-0.0001619920675083938,3.255988408136603e-09,0.3071499242609749,3.255988408136603e-09,0.5737091666662125,3.255988408136603e-09,-0.2791988882744884
3.283991595860361e-09,0.8996433936161035,3.283991595860361e-09,-0.0001722196944273343,3.283991595860361e-09,0.30714701936154,3.283991595860361e-09,0.5702486321733816,3.283991595860361e-09,-0.2601497053593251
3.337902434465981e-09,0.8996528550388392,3.337902434465981e-09,-6.223670971717802e-05,3.337902434465981e-09,0.3071761871004495,3.337902434465981e-09,0.5629264855372333,3.337902434465981e-09,-0.2254436787253418
3.384946865558128e-09,0.8996564559359859,3.384946865558128e-09,0.0005626818783229578,3.384946865558128e-09,0.3074116968024476,3.384946865558128e-09,0.5568764750128112,3.384946865558128e-09,-0.1936865666331877
3.452473735919285e-09,0.8996694976966666,3.452473735919285e-09,0.005783787315915941,3.452473735919285e-09,0.3095876200723156,3.452473735919285e-09,0.5477464741926121,3.452473735919285e-09,-0.1404259122833107
3.533741233708756e-09,0.8997208985745954,3.533741233708756e-09,0.03513768405181791,3.533741233708756e-09,0.3219478065507909,3.533741233708756e-09,0.5371020588353531,3.533741233708756e-09,-0.07967214653382898
3.601827350716871e-09,0.899847357200063,3.601827350716871e-09,0.1166271815836609,3.601827350716871e-09,0.3556996219756172,3.601827350716871e-09,0.5280623852172206,3.601827350716871e-09,-0.04421119611647002
3.633694356338122e-09,0.8999798910335882,3.633694356338122e-09,0.1962734939923346,3.633694356338122e-09,0.3885219454224044,3.633694356338122e-09,0.5266260740853741,3.633694356338122e-09,-0.02743705568865213
3.671254011668487e-09,0.9001477383834529,3.671254011668487e-09,0.3424165167216562,3.671254011668487e-09,0.4496780357321702,3.671254011668487e-09,0.5250331734057997,3.671254011668487e-09,-0.008209082768332541
3.706186231008327e-09,0.9002212629311922,3.706186231008327e-09,0.5151471075220457,3.706186231008327e-09,0.5247631556535035,3.706186231008327e-09,0.5234531019949858,3.706186231008327e-09,0.007118657151609491
3.740722181479333e-09,0.9001964047426928,3.740722181479333e-09,0.6981358224796864,3.740722181479333e-09,0.6101127290038689,3.740722181479333e-09,0.521962241303756,3.740722181479333e-09,0.01700209282198818
3.769820812587853e-09,0.9000084644655031,3.769820812587853e-09,0.8171911948243418,3.769820812587853e-09,0.669090366575868,3.769820812587853e-09,0.5206398702415292,3.769820812587853e-09,0.02364418321723206
3.790549180243253e-09,0.899832087660226,3.790549180243253e-09,0.8601301192201846,3.790549180243253e-09,0.6907880880764348,3.790549180243253e-09,0.5197454005896405,3.790549180243253e-09,0.02803138448954576
3.810959849006591e-09,0.8997329349706013,3.810959849006591e-09,0.8786739261076503,3.810959849006591e-09,0.700414809694629,3.810959849006591e-09,0.5188193302960378,3.810959849006591e-09,0.03260818654214736
3.834134036529601e-09,0.8996935313675012,3.834134036529601e-09,0.8884955323383108,3.834134036529601e-09,0.7057846362012334,3.834134036529601e-09,0.5178085503233122,3.834134036529601e-09,0.03789268655463284
3.854261473613776e-09,0.8996801006712049,3.854261473613776e-09,0.8929861695650728,3.854261473613776e-09,0.7084262448616008,3.854261473613776e-09,0.5169053908194003,3.854261473613776e-09,0.04192224324186743
3.882005600909868e-09,0.8996705046145023,3.882005600909868e-09,0.8964104601702069,3.882005600909868e-09,0.7106465414887402,3.882005600909868e-09,0.5156919715454091,3.882005600909868e-09,0.04732054749870034
3.921264539717551e-09,0.8996644845043154,3.921264539717551e-09,0.8984298943136659,3.921264539717551e-09,0.7122808399207384,3.921264539717551e-09,0.5139598305301247,3.921264539717551e-09,0.05500979163290234
3.968594578938162e-09,0.8996630496392223,3.968594578938162e-09,0.8991589094105717,3.968594578938162e-09,0.7132506049599878,3.968594578938162e-09,0.5119050655810958,3.968594578938162e-09,0.06387046186627067
4.013664894993787e-09,0.8996618917852846,4.013664894993787e-09,0.8990690162721113,4.013664894993787e-09,0.7136493356078564,4.013664894993787e-09,0.509946321490793,4.013664894993787e-09,0.07148430584033985
4.05665297448259e-09,0.8996481280634698,4.05665297448259e-09,0.8947915690548093,4.05665297448259e-09,0.7118058669485481,4.05665297448259e-09,0.5080972362095039,4.05665297448259e-09,0.07845052421122888
4.064951138129798e-09,0.8996374209058153,4.064951138129798e-09,0.8922719781493684,4.064951138129798e-09,0.7105814533851664,4.064951138129798e-09,0.507735060100162,4.064951138129798e-09,0.07974701190760469
4.081547465424214e-09,0.89957635744881,4.081547465424214e-09,0.8778615058212955,4.081547465424214e-09,0.703379671603128,4.081547465424214e-09,0.5070222699903826,4.081547465424214e-09,0.08233368881338166
4.10145649388145e-09,0.8993625196794602,4.10145649388145e-09,0.8208931532814443,4.10145649388145e-09,0.6746939506283598,4.10145649388145e-09,0.5061616516490008,4.10145649388145e-09,0.08543685662839549
4.115961756385783e-09,0.8989918830011312,4.115961756385783e-09,0.7195345300924277,4.115961756385783e-09,0.6240337018074938,4.115961756385783e-09,0.5055376410227094,4.115961756385783e-09,0.08591924601811174
4.127892617376707e-09,0.8985164182622647,4.127892617376707e-09,0.5778163538544213,4.127892617376707e-09,0.555854600237871,4.127892617376707e-09,0.5050222582208458,4.127892617376707e-09,0.08614311822366939
4.139460233258253e-09,0.8980107961322239,4.139460233258253e-09,0.393266503226154,4.139460233258253e-09,0.4731127943296587,4.139460233258253e-09,0.5045247754453412,4.139460233258253e-09,0.08626679615035462
4.146758984288821e-09,0.8977712733975507,4.146758984288821e-09,0.2620577664635501,4.146758984288821e-09,0.4173939963032184,4.146758984288821e-09,0.5042104991168931,4.146758984288821e-09,0.0862055005000069
4.152515657035267e-09,0.8977491910774654,4.152515657035267e-09,0.164717386355109,4.152515657035267e-09,0.3771090860168672,4.152515657035267e-09,0.5039633571158938,4.152515657035267e-09,0.08616309848139776
4.159082882613303e-09,0.898022502203275,4.159082882613303e-09,0.0819047991124231,4.159082882613303e-09,0.343252533897864,4.159082882613303e-09,0.5036813518355736,4.159082882613303e-09,0.08611228946963194
4.16450881752329e-09,0.8984197463015876,4.16450881752329e-09,0.0413485478552529,4.16450881752329e-09,0.3266552903217075,4.16450881752329e-09,0.5034487336777604,4.16450881752329e-09,0.08607302023804944
4.172372727375743e-09,0.8989738758095951,4.172372727375743e-09,0.01325201319642783,4.172372727375743e-09,0.3151697628024392,4.172372727375743e-09,0.5031115841943409,4.172372727375743e-09,0.08604088721036142
4.17921760346847e-09,0.8993103788022941,4.17921760346847e-09,0.004960972684863707,4.17921760346847e-09,0.3118500799092772,4.17921760346847e-09,0.5028181709066341,4.17921760346847e-09,0.08614512033311789
4.18612149104183e-09,0.8994972203669058,4.18612149104183e-09,0.002014510726756907,4.18612149104183e-09,0.3107038015381969,4.18612149104183e-09,0.5025227604856158,4.18612149104183e-09,0.08625903705001119
4.193807277485833e-09,0.8995944625365109,4.193807277485833e-09,0.0008427082678460658,4.193807277485833e-09,0.3102481713035199,4.193807277485833e-09,0.5021957066301799,4.193807277485833e-09,0.08634915193142893
4.204487026103434e-09,0.8996451605567843,4.204487026103434e-09,0.0002892058955025014,4.204487026103434e-09,0.3100254704216842,4.204487026103434e-09,0.5017456356630078,4.204487026103434e-09,0.08647049222988827
4.215804348784801e-09,0.8996609227202477,4.215804348784801e-09,0.0001072239906974635,4.215804348784801e-09,0.30993965607116,4.215804348784801e-09,0.5012744930668416,4.215804348784801e-09,0.08642520178339828
4.227527027821908e-09,0.8996673671398046,4.227527027821908e-09,4.346865785848941e-05,4.227527027821908e-09,0.3099001279508606,4.227527027821908e-09,0.500792334558217,4.227527027821908e-09,0.08633725863811569
4.241222852735691e-09,0.8996707314013814,4.241222852735691e-09,2.219629142085502e-05,4.241222852735691e-09,0.3098737783071022,4.241222852735691e-09,0.5002356145090476,4.241222852735691e-09,0.08625431369954294
4.259798489551428e-09,0.8996724007119413,4.259798489551428e-09,1.364585521134744e-05,4.259798489551428e-09,0.3098466293546726,4.259798489551428e-09,0.4994901610446024,4.259798489551428e-09,0.08645518084705235
4.290160427064326e-09,0.8996730961137187,4.290160427064326e-09,8.944906989220322e-06,4.290160427064326e-09,0.3098057188468881,4.290160427064326e-09,0.4982911099235834,4.290160427064326e-09,0.08640976723039281
4.339093207229034e-09,0.8996719626247933,4.339093207229034e-09,5.009199944900228e-06,4.339093207229034e-09,0.3097440461814273,4.339093207229034e-09,0.4963972786882595,4.339093207229034e-09,0.08648517850402085
4.424244073838163e-09,0.8996687600584882,4.424244073838163e-09,2.929967034815524e-06,4.424244073838163e-09,0.309644530502547,4.424244073838163e-09,0.4931789917975297,4.424244073838163e-09,0.08652741126193071
4.545397683502907e-09,0.8996480295711252,4.545397683502907e-09,1.650599838163753e-06,4.545397683502907e-09,0.3095054079395654,4.545397683502907e-09,0.4887033823626365,4.545397683502907e-09,0.086155297257208
4.618977976617796e-09,0.8995978243348822,4.618977976617796e-09,1.506389272351676e-06,4.618977976617796e-09,0.3094032499987844,4.618977976617796e-09,0.4860248133005678,4.618977976617796e-09,0.08587039018393976
4.675161885548993e-09,0.8994414561184964,4.675161885548993e-09,7.575380240402341e-07,4.675161885548993e-09,0.3092590797620216,4.675161885548993e-09,0.4839911142176412,4.675161885548993e-09,0.08556453707863963
4.724433295843622e-09,0.8987254986852192,4.724433295843622e-09,-4.18330358195447e-07,4.724433295843622e-09,0.3088016034712613,4.724433295843622e-09,0.4822138463358125,4.724433295843622e-09,0.08526820884033766
4.778204795159106e-09,0.8920433738918505,4.778204795159106e-09,-1.566528450637381e-05,4.778204795159106e-09,0.304915802895638,4.778204795159106e-09,0.480279590011263,4.778204795159106e-09,0.08486709896560247
4.823446843966582e-09,0.8468439351812773,4.823446843966582e-09,-0.0001240239380499172,4.823446843966582e-09,0.2786512258704841,4.823446843966582e-09,0.4786525693150493,4.823446843966582e-09,0.08451714085015039
4.842201597046145e-09,0.7926975812262769,4.842201597046145e-09,-0.0002632316145879802,4.842201597046145e-09,0.2468058980117777,4.842201597046145e-09,0.4779765367900236,4.842201597046145e-09,0.08435558902599577
4.856827574032854e-09,0.7122007032492972,4.856827574032854e-09,-0.0004629183633846583,4.856827574032854e-09,0.1993179901750617,4.856827574032854e-09,0.4774492620599965,4.856827574032854e-09,0.08422561850743661
4.872005627169591e-09,0.5820736961941897,4.872005627169591e-09,-0.0007062058438207954,4.872005627169591e-09,0.1232698513021445,4.872005627169591e-09,0.4769009784922638,4.872005627169591e-09,0.08408284616084417
4.888254473334567e-09,0.3959672569937351,4.888254473334567e-09,-0.0009091485169359433,4.888254473334567e-09,0.01736561682769214,4.888254473334567e-09,0.4763140824900843,4.888254473334567e-09,0.0839345575461717
4.898886454684388e-09,0.2567548469057992,4.898886454684388e-09,-0.0009534288199962219,4.898886454684388e-09,-0.05822838242671494,4.898886454684388e-09,0.4759303717697412,4.898886454684388e-09,0.08383571835232598
4.906830907136356e-09,0.1570621493738066,4.906830907136356e-09,-0.0008815019405483604,4.906830907136356e-09,-0.1097454651596289,4.906830907136356e-09,0.4756442960321684,4.906830907136356e-09,0.08376279189677613
4.916258538565092e-09,0.07050661999856118,4.916258538565092e-09,-0.0006395895905019921,4.916258538565092e-09,-0.1531536485363839,4.916258538565092e-09,0.4753050179980915,4.916258538565092e-09,0.08367570347561118
4.923438090931293e-09,0.03347807321407895,4.923438090931293e-09,-0.0004102134408691556,4.923438090931293e-09,-0.1714669013567823,4.923438090931293e-09,0.4750478155428977,4.923438090931293e-09,0.08360948024560376
4.933768205758751e-09,0.009514464144807087,4.933768205758751e-09,-0.0001669129634581796,4.933768205758751e-09,-0.1831576894950665,4.933768205758751e-09,0.4746774162734467,4.933768205758751e-09,0.08350202321465275
4.942772822330983e-09,0.003272538875432975,4.942772822330983e-09,-6.026951122773576e-05,4.942772822330983e-09,-0.1860798503687306,4.942772822330983e-09,0.4743539303228891,4.942772822330983e-09,0.08340631803196956
4.951816321910345e-09,0.00142361330487824,4.951816321910345e-09,-1.868923078571984e-05,4.951816321910345e-09,-0.1868427459686135,4.951816321910345e-09,0.4740288997718415,4.951816321910345e-09,0.08331059452627933
4.962080913469643e-09,0.0008520198429865494,4.962080913469643e-09,-3.964333334423579e-06,4.962080913469643e-09,-0.1869672416732319,4.962080913469643e-09,0.4736626142322958,4.962080913469643e-09,0.0832018618073373
4.97678156629881e-09,0.0005094815500307356,4.97678156629881e-09,-3.149216388523002e-07,4.97678156629881e-09,-0.1869281404360489,4.97678156629881e-09,0.4731435819446655,4.97678156629881e-09,0.08304649486197882
4.990551417688299e-09,0.0002727338570894019,4.990551417688299e-09,8.554066364109561e-08,4.990551417688299e-09,-0.186863346933157,4.990551417688299e-09,0.4726461694038088,4.990551417688299e-09,0.08290148681549388
5.013689884369684e-09,6.139119928601413e-05,5.013689884369684e-09,1.090878243476649e-06,5.013689884369684e-09,-0.1866865045978063,5.013689884369684e-09,0.4722447436332259,5.013689884369684e-09,0.0828003602243341
5.031266997749738e-09,2.657256840798119e-05,5.031266997749738e-09,1.375483653697001e-06,5.031266997749738e-09,-0.1865098253294718,5.031266997749738e-09,0.472237637071548,5.031266997749738e-09,0.08280549715662891
5.050198021185372e-09,1.925546485589961e-05,5.050198021185372e-09,1.305445365914602e-06,5.050198021185372e-09,-0.1863224104630251,5.050198021185372e-09,0.4722241328470898,5.050198021185372e-09,0.08280436830782312
5.072887665784343e-09,1.317262977988205e-05,5.072887665784343e-09,1.231028894489554e-06,5.072887665784343e-09,-0.1861186113393111,5.072887665784343e-09,0.4722174159186903,5.072887665784343e-09,0.08277815032262309
5.118266954982286e-09,7.849711272618198e-06,5.118266954982286e-09,1.157823311058964e-06,5.118266954982286e-09,-0.1857699099872783,5.118266954982286e-09,0.4722006769724051,5.118266954982286e-09,0.08272247976943292
5.190908983041385e-09,4.357985623640615e-06,5.190908983041385e-09,1.108363256396603e-06,5.190908983041385e-09,-0.1853466343200005,5.190908983041385e-09,0.4721802747916715,5.190908983041385e-09,0.08257375461835782
5.297350326898311e-09,2.586172964428719e-06,5.297350326898311e-09,1.113458069165833e-06,5.297350326898311e-09,-0.1849347583162669,5.297350326898311e-09,0.4721082764206925,5.297350326898311e-09,0.08223350561731141
5.450344010804694e-09,1.645536406623132e-06,5.450344010804694e-09,1.098053348408292e-06,5.450344010804694e-09,-0.184587795771667,5.450344010804694e-09,0.471823051044727,5.450344010804694e-09,0.08152468106420931
5.617213552254959e-09,1.02524825877491e-06,5.617213552254959e-09,1.090343638323047e-06,5.617213552254959e-09,-0.1843685751626475,5.617213552254959e-09,0.4712315121077518,5.617213552254959e-09,0.0761116674257592
5.842190360633533e-09,1.155518726104664e-06,5.842190360633533e-09,9.964883937816204e-07,5.842190360633533e-09,-0.1841720135387211,5.842190360633533e-09,0.4703538612943983,5.842190360633533e-09,0.06690942796776687
6.015902546905297e-09,8.535299635941022e-07,6.015902546905297e-09,9.187604334413485e-07,6.015902546905297e-09,-0.1840569134162289,6.015902546905297e-09,0.4698613902556746,6.015902546905297e-09,0.06056503202501365
6.250626290067783e-09,1.170798518567043e-06,6.250626290067783e-09,8.470981724255192e-07,6.250626290067783e-09,-0.1839264207629723,6.250626290067783e-09,0.4695632139771889,6.250626290067783e-09,0.05291733799471618
6.573729520025669e-09,8.299524187579353e-07,6.573729520025669e-09,6.382077078136541e-07,6.573729520025669e-09,-0.1837829164697506,6.573729520025669e-09,0.4695189856677804,6.573729520025669e-09,0.04387454340532929
7.03788853669816e-09,1.214603796087635e-06,7.03788853669816e-09,3.51211964571413e-07,7.03788853669816e-09,-0.1836300880484626,7.03788853669816e-09,0.4696828227742765,7.03788853669816e-09,0.03345931978331247
7.591442023440107e-09,8.501620926504328e-07,7.591442023440107e-09,-4.019324418822731e-07,7.591442023440107e-09,-0.1835090674270667,7.591442023440107e-09,0.4699042484101865,7.591442023440107e-09,0.02420667154139397
8.42292418620603e-09,1.251168194947878e-06,8.42292418620603e-09,1.822517034085606e-06,8.42292418620603e-09,-0.1834017523623273,8.42292418620603e-09,0.4702557594933268,8.42292418620603e-09,0.01502177503683697
9.42292418620603e-09,8.616015938432321e-07,9.42292418620603e-09,-1.992214594079742e-06,9.42292418620603e-09,-0.1833443470159686,9.42292418620603e-09,0.4706564751357749,9.42292418620603e-09,0.008206933141659408
1.024008843562305e-08,1.267968244446351e-06,1.024008843562305e-08,-3.823165839437316e-06,1.024008843562305e-08,-0.1833236469627731,1.024008843562305e-08,0.4709964593141043,1.024008843562305e-08,0.004744504253945145
1.044711663763625e-08,8.453321143766119e-07,1.044711663763625e-08,-9.758640771038845e-06,1.044711663763625e-08,-0.183323451566534,1.044711663763625e-08,0.4710787932815229,1.044711663763625e-08,0.004160657307460985
1.086117304166264e-08,1.294094451967542e-06,1.086117304166264e-08,-1.184555658412448e-05,1.086117304166264e-08,-0.1833191447033339,1.086117304166264e-08,0.4712585174117749,1.086117304166264e-08,0.003052606132197941
1.118384347611583e-08,8.86903065837688e-07,1.118384347611583e-08,0.0001205389152133071,1.118384347611583e-08,-0.1832499281730982,1.118384347611583e-08,0.4713977600517552,1.118384347611583e-08,0.002484605461465098
1.148268135398196e-08,1.903284962224596e-06,1.148268135398196e-08,0.001640217685223386,1.148268135398196e-08,-0.1824841499533499,1.148268135398196e-08,0.4715305071229304,1.148268135398196e-08,0.002005996410431109
1.180492095741764e-08,4.997368742807458e-06,1.180492095741764e-08,0.0135628289922027,1.180492095741764e-08,-0.1764928874311388,1.180492095741764e-08,0.4716618437404274,1.180492095741764e-08,0.001613678857769185
1.209977750807355e-08,1.69207051161235e-05,1.209977750807355e-08,0.05852757208871291,1.209977750807355e-08,-0.1538922016154785,1.209977750807355e-08,0.4717832831943288,1.209977750807355e-08,0.001300206888243565
1.223944537580124e-08,3.437971623503833e-05,1.223944537580124e-08,0.1116278732409515,1.223944537580124e-08,-0.1271001582391069,1.223944537580124e-08,0.4718359734608472,1.223944537580124e-08,0.001185802173773984
1.23387546999671e-08,6.284818352875353e-05,1.23387546999671e-08,0.1839314376450552,1.23387546999671e-08,-0.09015902999626477,1.23387546999671e-08,0.4718775621182474,1.23387546999671e-08,0.001091391295835787
1.244635332191423e-08,9.911857472081613e-05,1.244635332191423e-08,0.3095829606144513,1.244635332191423e-08,-0.02355485883215304,1.244635332191423e-08,0.471916714396379,1.244635332191423e-08,0.001023112407630182
1.255037161954427e-08,0.0001175857759751425,1.255037161954427e-08,0.4621795063201143,1.255037161954427e-08,0.06149101263353766,1.255037161954427e-08,0.4719588242987635,1.255037161954427e-08,0.0009377969377598838
1.264869632374004e-08,0.0001209971550126357,1.264869632374004e-08,0.6144889578018041,1.264869632374004e-08,0.1492612897186041,1.264869632374004e-08,0.4719945044920804,1.264869632374004e-08,0.0008800087858619682
1.273611536568215e-08,0.0001103274518359772,1.273611536568215e-08,0.7418834845711547,1.273611536568215e-08,0.2240441440968816,1.273611536568215e-08,0.4720308152653823,1.273611536568215e-08,0.0008174564838082149
1.279467356969248e-08,6.146016832045233e-05,1.279467356969248e-08,0.801006918433831,1.279467356969248e-08,0.2590079624453789,1.279467356969248e-08,0.4720521978974062,1.279467356969248e-08,0.0007910947849877954
1.2853777968975e-08,2.957858721390203e-05,1.2853777968975e-08,0.8315004905042906,1.2853777968975e-08,0.2770290092949382,1.2853777968975e-08,0.47207809884987,1.2853777968975e-08,0.0007512435919585059
1.292713142957004e-08,2.301008316291728e-05,1.292713142957004e-08,0.8539457864375375,1.292713142957004e-08,0.2902419755138791,1.292713142957004e-08,0.4721071407588408,1.292713142957004e-08,0.0007181260792088442
1.298131135924817e-08,1.624443178531779e-05,1.298131135924817e-08,0.8658110983864536,1.298131135924817e-08,0.2971894241593554,1.298131135924817e-08,0.4721313643391437,1.298131135924817e-08,0.0006854048251277106
1.305790985897481e-08,1.081066104083847e-05,1.305790985897481e-08,0.8770853544901022,1.305790985897481e-08,0.3037425540929571,1.305790985897481e-08,0.4721619193318646,1.305790985897481e-08,0.0006528822761824773
1.320734860998618e-08,5.280915803446023e-06,1.320734860998618e-08,0.8892780247423663,1.320734860998618e-08,0.3107304859509499,1.320734860998618e-08,0.4722243323154085,1.320734860998618e-08,0.0005823466450317386
1.334035600064096e-08,3.277016273070839e-06,1.334035600064096e-08,0.8942336391630392,1.334035600064096e-08,0.313496647946383,1.334035600064096e-08,0.4722760978280768,1.334035600064096e-08,0.0005337554272035839
1.352062595166236e-08,1.90986978443148e-06,1.352062595166236e-08,0.8973478227606093,1.352062595166236e-08,0.3151739747146134,1.352062595166236e-08,0.4723472446301473,1.352062595166236e-08,0.0004670094223275881
1.374165087767454e-08,1.23159968704052e-06,1.374165087767454e-08,0.8985639170752874,1.374165087767454e-08,0.315768937848442,1.374165087767454e-08,0.4724290653903453,1.374165087767454e-08,0.0004067245450013653
1.402550847096239e-08,1.233765669908554e-06,1.402550847096239e-08,0.8990506541224725,1.402550847096239e-08,0.3159760746211567,1.402550847096239e-08,0.4725339336576502,1.402550847096239e-08,0.0003359756598829914
1.441964587727808e-08,9.823598455609654e-07,1.441964587727808e-08,0.8991820120018269,1.441964587727808e-08,0.3160226498986125,1.441964587727808e-08,0.4726796894549877,1.441964587727808e-08,0.0002754049559330273
1.470018004778952e-08,1.213836656526772e-06,1.470018004778952e-08,0.8992724218018933,1.470018004778952e-08,0.3160828062028144,1.470018004778952e-08,0.4727898582207349,1.470018004778952e-08,0.0002422979946287638
1.508267948335187e-08,9.396705628709983e-07,1.508267948335187e-08,0.8992915597398596,1.508267948335187e-08,0.3161197611852178,1.508267948335187e-08,0.4729400251523042,1.508267948335187e-08,0.0002197780224084981
1.57536624703835e-08,1.212278242169124e-06,1.57536624703835e-08,0.8993540453515998,1.57536624703835e-08,0.3162174588396003,1.57536624703835e-08,0.4732076373287158,1.57536624703835e-08,0.0002130643884381489
1.67536624703835e-08,9.252765836199405e-07,1.67536624703835e-08,0.8993384679116212,1.67536624703835e-08,0.3163103955404653,1.67536624703835e-08,0.4736043533439507,1.67536624703835e-08,0.0002731343493499422
1.77536624703835e-08,1.216104322064328e-06,1.77536624703835e-08,0.8993626203080665,1.77536624703835e-08,0.316426773860604,1.77536624703835e-08,0.4740026184911447,1.77536624703835e-08,0.0003658694790467249
1.87536624703835e-08,9.187132510468596e-07,1.87536624703835e-08,0.8993196525290146,1.87536624703835e-08,0.3165035444882497,1.87536624703835e-08,0.474397713960384,1.87536624703835e-08,0.0004917217533366826
1.97536624703835e-08,1.222251327106087e-06,1.97536624703835e-08,0.8993309339788156,1.97536624703835e-08,0.3166108321467277,1.97536624703835e-08,0.4747940449118993,1.97536624703835e-08,0.000624900002879718
2.07536624703835e-08,9.135113149394461e-07,2.07536624703835e-08,0.8992814154543742,2.07536624703835e-08,0.3166822948112131,2.07536624703835e-08,0.4751871894566902,2.07536624703835e-08,0.0007721248092146697
2.17536624703835e-08,1.227621581471825e-06,2.17536624703835e-08,0.8992831766799729,2.17536624703835e-08,0.3167825622412562,2.17536624703835e-08,0.4755814708099351,2.17536624703835e-08,0.0009161198376291184
2.27536624703835e-08,9.093911422350465e-07,2.27536624703835e-08,0.8992290270991727,2.27536624703835e-08,0.316849888364918,2.27536624703835e-08,0.4759726851088014,2.27536624703835e-08,0.001068129555693961
2.37536624703835e-08,1.232035979834718e-06,2.37536624703835e-08,0.8992217808086436,2.37536624703835e-08,0.3169434594294064,2.37536624703835e-08,0.4763649765503395,2.37536624703835e-08,0.001213716806285758
2.475366247038349e-08,9.060756547956607e-07,2.475366247038349e-08,0.8991618936993018,2.475366247038349e-08,0.31700633888572,2.475366247038349e-08,0.4767542688155278,2.475366247038349e-08,0.00136540620031057
2.575366247038349e-08,1.235546992603131e-06,2.575366247038349e-08,0.8991447316688016,2.575366247038349e-08,0.317092789195255,2.575366247038349e-08,0.4771446124381177,2.575366247038349e-08,0.001509786306515908
2.675366247038349e-08,9.032850947146117e-07,2.675366247038349e-08,0.8990768456776328,2.675366247038349e-08,0.3171493676390765,2.675366247038349e-08,0.4775320011437267,2.675366247038349e-08,0.001659651595697124
2.692683123519175e-08,1.241996538955758e-06,2.692683123519175e-08,0.8990885929939356,2.692683123519175e-08,0.3171725497345908,2.692683123519175e-08,0.4776001445656888,2.692683123519175e-08,0.00168186456103973
2.701341561759588e-08,9.028834253906316e-07,2.701341561759588e-08,0.8990683861727369,2.701341561759588e-08,0.3171692598612906,2.701341561759588e-08,0.478673991111364,2.701341561759588e-08,0.002027855358931374
2.705743026671364e-08,1.236101090178435e-06,2.705743026671364e-08,0.8990737289615552,2.705743026671364e-08,0.3171763187032071,2.705743026671364e-08,0.482068826217211,2.705743026671364e-08,0.003112022354937261
2.712871513335682e-08,9.577154148060602e-07,2.712871513335682e-08,0.8990503023307055,2.712871513335682e-08,0.3171696243586731,2.712871513335682e-08,0.4900860385095706,2.712871513335682e-08,0.005617895039807468
2.716435756667841e-08,1.151424483167842e-06,2.716435756667841e-08,0.8990305651402223,2.716435756667841e-08,0.3171611058651395,2.716435756667841e-08,0.4955931834939921,2.716435756667841e-08,0.007382467050154233
2.72e-08,8.818635189247414e-07,2.72e-08,0.8989894391926422,2.72e-08,0.3171404829351988,2.72e-08,0.5014017098913045,2.72e-08,0.00917788854852946
2.720325e-08,9.883318932155698e-07,2.720325e-08,0.8989847950876014,2.720325e-08,0.3171379898243837,2.720325e-08,0.5036593806291211,2.720325e-08,0.01007835997160419
2.720975e-08,9.599405302031403e-07,2.720975e-08,0.8989746000529441,2.720975e-08,0.3171325284444182,2.720975e-08,0.5092942163624398,2.720975e-08,0.01197311840336721
2.722202703757448e-08,8.777552524118922e-07,2.722202703757448e-08,0.8989517079089103,2.722202703757448e-08,0.3171202040454127,2.722202703757448e-08,0.5210579762036436,2.722202703757448e-08,0.01566854164984879
2.723278257640557e-08,1.457835166658752e-06,2.723278257640557e-08,0.8989297792967696,2.723278257640557e-08,0.3171085162469143,2.723278257640557e-08,0.5309325173935769,2.723278257640557e-08,0.01888101275975342
2.724571662257141e-08,2.166246891531346e-06,2.724571662257141e-08,0.8988997916856096,2.724571662257141e-08,0.317092375270662,2.724571662257141e-08,0.5429725223495293,2.724571662257141e-08,0.02276057090256661
2.726884903242867e-08,3.253378910818034e-06,2.726884903242867e-08,0.898812141452317,2.726884903242867e-08,0.317043357393066,2.726884903242867e-08,0.5643228817141048,2.726884903242867e-08,0.0296882275439646
2.729997530768899e-08,4.973248126562751e-06,2.729997530768899e-08,0.8985105073558972,2.729997530768899e-08,0.3168694418183949,2.729997530768899e-08,0.593607091914211,2.729997530768899e-08,0.03901782061569688
2.73081128045796e-08,6.501399039144e-06,2.73081128045796e-08,0.8983679383805645,2.73081128045796e-08,0.3167867984478103,2.73081128045796e-08,0.6030641502487867,2.73081128045796e-08,0.04220287266447847
2.732128488279382e-08,6.653312101000397e-06,2.732128488279382e-08,0.898006687080863,2.732128488279382e-08,0.3165751658654569,2.732128488279382e-08,0.6200486128829832,2.732128488279382e-08,0.04749033137279291
2.733466097737826e-08,1.00303244094091e-05,2.733466097737826e-08,0.8973597600370875,2.733466097737826e-08,0.3161963997511531,2.733466097737826e-08,0.6369923206854716,2.733466097737826e-08,0.05282129144027115
2.734754791972763e-08,1.397607637811565e-05,2.734754791972763e-08,0.8961955982315701,2.734754791972763e-08,0.3155127907807161,2.734754791972763e-08,0.6537745699286852,2.734754791972763e-08,0.05797880444659519
2.737332180442638e-08,-3.950440228106437e-06,2.737332180442638e-08,0.8884354838985731,2.737332180442638e-08,0.3109284966354565,2.737332180442638e-08,0.687520560553523,2.737332180442638e-08,0.06827728474490989
2.73994016649859e-08,-0.0002986919209556448,2.73994016649859e-08,0.8503036332446738,2.73994016649859e-08,0.2882412830769159,2.73994016649859e-08,0.7218830554567538,2.73994016649859e-08,0.07870872476740383
2.74024755962116e-08,-0.0003239820223208252,2.74024755962116e-08,0.8419182425747563,2.74024755962116e-08,0.2832593705970151,2.74024755962116e-08,0.7249590452689741,2.74024755962116e-08,0.07929777834770205
2.740862345866298e-08,-0.0004063466085475631,2.740862345866298e-08,0.8191908590869815,2.740862345866298e-08,0.2697475959837882,2.740862345866298e-08,0.7283843449751459,2.740862345866298e-08,0.07997222096349446
2.741665332794052e-08,-0.0005805039886339114,2.741665332794052e-08,0.7733597898105873,2.741665332794052e-08,0.2425152390722312,2.741665332794052e-08,0.731867560428839,2.741665332794052e-08,0.08076909133059774
2.742427291020047e-08,-0.0008202489320259451,2.742427291020047e-08,0.70736194262973,2.742427291020047e-08,0.2034525301943512,2.742427291020047e-08,0.7352782109618269,2.742427291020047e-08,0.08153909757389111
2.743431506472733e-08,-0.001185374234491509,2.743431506472733e-08,0.5830023460500366,2.743431506472733e-08,0.1306406506089508,2.743431506472733e-08,0.739482027485412,2.743431506472733e-08,0.0824454779957198
2.744797433353789e-08,-0.001608711329189815,2.744797433353789e-08,0.3546163683676292,2.744797433353789e-08,0.0009960195889666158,2.744797433353789e-08,0.7448920692911618,2.744797433353789e-08,0.08361899766671016
2.745489239348004e-08,-0.001678864730350874,2.745489239348004e-08,0.2253561946954105,2.745489239348004e-08,-0.06866723481233501,2.745489239348004e-08,0.7475342059618136,2.745489239348004e-08,0.08421393209810064
2.746029796629867e-08,-0.001573151903887618,2.746029796629867e-08,0.1362331660155066,2.746029796629867e-08,-0.1147053375122092,2.746029796629867e-08,0.749579443343014,2.746029796629867e-08,0.08467888785094338
2.74662132347537e-08,-0.001290118020436942,2.74662132347537e-08,0.06803778691677538,2.74662132347537e-08,-0.1491389172519134,2.74662132347537e-08,0.7517914709502386,2.74662132347537e-08,0.0851876502381881
2.747156338394659e-08,-0.000980461512718096,2.747156338394659e-08,0.03311408490303008,2.747156338394659e-08,-0.1665771568442471,2.747156338394659e-08,0.7537738047927942,2.747156338394659e-08,0.0856520386839195
2.747723862640134e-08,-0.000703947439781196,2.747723862640134e-08,0.01455481848694634,2.747723862640134e-08,-0.1757823766774536,2.747723862640134e-08,0.7558580129229537,2.747723862640134e-08,0.08615047669864329
2.74835280177562e-08,-0.0004981322024721671,2.74835280177562e-08,0.005730738641383504,2.74835280177562e-08,-0.180135271091995,2.74835280177562e-08,0.7581468378927639,2.74835280177562e-08,0.08671162338813525
2.748999839656275e-08,-0.0003777728541182212,2.748999839656275e-08,0.002296675333189093,2.748999839656275e-08,-0.1818267492959448,2.748999839656275e-08,0.7604813899897152,2.748999839656275e-08,0.0872640527178459
2.749770882273665e-08,-0.0003015515119895044,2.749770882273665e-08,0.0008280629358205236,2.749770882273665e-08,-0.182559131378453,2.749770882273665e-08,0.7632405905507333,2.749770882273665e-08,0.08789269855861077
2.750772921182652e-08,-0.0002414515106754698,2.750772921182652e-08,0.0002552768387049462,2.750772921182652e-08,-0.1828584946615019,2.750772921182652e-08,0.7660119157253489,2.750772921182652e-08,0.08836033487727318
2.751789061595865e-08,-0.0001823270500764378,2.751789061595865e-08,9.314499052273205e-05,2.751789061595865e-08,-0.1829508072329838,2.751789061595865e-08,0.7680938802050046,2.751789061595865e-08,0.08838055665941265
2.752912629066225e-08,-9.140815401096977e-05,2.752912629066225e-08,3.803745374355205e-05,2.752912629066225e-08,-0.182975288047552,2.752912629066225e-08,0.7704171639340328,2.752912629066225e-08,0.0879211955589746
2.75427057432459e-08,8.318833892597286e-05,2.75427057432459e-08,2.042112613605458e-05,2.75427057432459e-08,-0.1829446199549446,2.75427057432459e-08,0.7731268226660628,2.75427057432459e-08,0.0873305074840804
2.756302129948045e-08,0.000581694999584673,2.756302129948045e-08,1.468534282860733e-05,2.756302129948045e-08,-0.1827638129227143,2.756302129948045e-08,0.777078563084888,2.756302129948045e-08,0.08616667621961081
2.759413077805743e-08,0.002454255881966308,2.759413077805743e-08,1.244948350597384e-05,2.759413077805743e-08,-0.181918667884649,2.759413077805743e-08,0.7828647341368916,2.759413077805743e-08,0.08309798085252645
2.76e-08,0.003021610535746782,2.76e-08,1.317092819270664e-05,2.76e-08,-0.1816504976488094,2.76e-08,0.7839281755797829,2.76e-08,0.08250349278909386
2.7608125e-08,0.004049457487474335,2.7608125e-08,1.401818190274004e-05,2.7608125e-08,-0.1811576540387713,2.7608125e-08,0.7835104150144482,2.7608125e-08,0.08092463327250679
2.761567359236228e-08,0.005125283845141247,2.761567359236228e-08,1.516163814631077e-05,2.761567359236228e-08,-0.1806390764184727,2.761567359236228e-08,0.782829473681421,2.761567359236228e-08,0.07943269443250588
2.762747478926589e-08,0.007307709016539076,2.762747478926589e-08,1.785166090081264e-05,2.762747478926589e-08,-0.1795775672414975,2.762747478926589e-08,0.7814484859661912,2.762747478926589e-08,0.0770758709578591
2.765107718307311e-08,0.01381453920403221,2.765107718307311e-08,2.456538730703213e-05,2.765107718307311e-08,-0.176384514744021,2.765107718307311e-08,0.7786946673833149,2.765107718307311e-08,0.07118262057769578
2.768711479331963e-08,0.03131295301940176,2.768711479331963e-08,4.148263926613788e-05,2.768711479331963e-08,-0.1677369531464781,2.768711479331963e-08,0.7740849391324131,2.768711479331963e-08,0.06132934445817197
2.77e-08,0.04048324537711289,2.77e-08,5.051012153052387e-05,2.77e-08,-0.1631915135093363,2.77e-08,0.7723760671885163,2.77e-08,0.05769152408900528
2.770541666666667e-08,0.04511778584558674,2.770541666666667e-08,5.410602730926989e-05,2.770541666666667e-08,-0.160892794719758,2.770541666666667e-08,0.7698257767119684,2.770541666666667e-08,0.05210662307262238
2.771151729111568e-08,0.0506329014795318,2.771151729111568e-08,5.880602025110791e-05,2.771151729111568e-08,-0.1581558467993099,2.771151729111568e-08,0.7664857617127216,2.771151729111568e-08,0.04328096235622884
2.772326956347843e-08,0.06301463465894371,2.772326956347843e-08,7.33763374270872e-05,2.772326956347843e-08,-0.1520043550766074,2.772326956347843e-08,0.759412918861519,2.772326956347843e-08,0.02216160823988501
2.773782299024889e-08,0.08206694505718545,2.773782299024889e-08,9.359808867187896e-05,2.773782299024889e-08,-0.1425280535696463,2.773782299024889e-08,0.7506618695111642,2.773782299024889e-08,-0.00479234086944044
2.775192857052408e-08,0.105387368077219,2.775192857052408e-08,0.0001145074156617846,2.775192857052408e-08,-0.13090926763697,2.775192857052408e-08,0.7419587066875338,2.775192857052408e-08,-0.03240955874888284
2.778013973107446e-08,0.1725662307307091,2.778013973107446e-08,0.0001825028943320343,2.778013973107446e-08,-0.09721731565680593,2.778013973107446e-08,0.724251836679495,2.778013973107446e-08,-0.09032821714733971
2.780893239905423e-08,0.2734078038560218,2.780893239905423e-08,0.0002719059478145904,2.780893239905423e-08,-0.04529576905100694,2.780893239905423e-08,0.7077256563616251,2.780893239905423e-08,-0.1540274637718928
2.78487175480832e-08,0.4538908562386947,2.78487175480832e-08,0.0003729912375176929,2.78487175480832e-08,0.0533835111690197,2.78487175480832e-08,0.6912744816243981,2.78487175480832e-08,-0.2537944031307543
2.786663470195909e-08,0.5446802728920985,2.786663470195909e-08,0.0003981026171620786,2.786663470195909e-08,0.1051253368066562,2.786663470195909e-08,0.6841233645594544,2.786663470195909e-08,-0.286529517950851
2.788934581370301e-08,0.6612749387056818,2.788934581370301e-08,0.0004073988392615877,2.788934581370301e-08,0.1727864378166583,2.788934581370301e-08,0.6745686580295892,2.788934581370301e-08,-0.3169026294687372
2.791786756487264e-08,0.786231458598925,2.791786756487264e-08,0.0003291169691760334,2.791786756487264e-08,0.2462766368289767,2.791786756487264e-08,0.662852072164989,2.791786756487264e-08,-0.334078294278353
2.793884619946166e-08,0.8424734082546894,2.793884619946166e-08,0.00018938159305712,2.793884619946166e-08,0.2793951623365691,2.793884619946166e-08,0.6539867037516712,2.793884619946166e-08,-0.3358838158184979
2.795885599015876e-08,0.8680122451716393,2.795885599015876e-08,8.480942580542059e-05,2.795885599015876e-08,0.2943927924757224,2.795885599015876e-08,0.6456976818200737,2.795885599015876e-08,-0.3376713336658836
2.798149795330653e-08,0.8819811402328073,2.798149795330653e-08,4.256089189333939e-05,2.798149795330653e-08,0.3026628755664565,2.798149795330653e-08,0.6361290043773961,2.798149795330653e-08,-0.3391875891780543
2.800096485697677e-08,0.8884221393226395,2.800096485697677e-08,2.441882091026275e-05,2.800096485697677e-08,0.306546634179014,2.800096485697677e-08,0.6281412531385128,2.800096485697677e-08,-0.3401911548171166
2.80190587661809e-08,0.8922550676228385,2.80190587661809e-08,1.66457240289394e-05,2.80190587661809e-08,0.3089131990434457,2.80190587661809e-08,0.6231828559673588,2.80190587661809e-08,-0.3390146078608109
2.803385449675486e-08,0.8943968289169624,2.803385449675486e-08,1.07632662749711e-05,2.803385449675486e-08,0.3102693884132114,2.803385449675486e-08,0.6196932214573793,2.803385449675486e-08,-0.3378034891498563
2.806211066984708e-08,0.896959562349359,2.806211066984708e-08,4.169153933213915e-06,2.806211066984708e-08,0.3119660711113001,2.806211066984708e-08,0.6122811163580814,2.806211066984708e-08,-0.33544002887655
2.808717357926041e-08,0.8981411935162672,2.808717357926041e-08,1.053476247290358e-07,2.808717357926041e-08,0.312822922485249,2.808717357926041e-08,0.6060559040905867,2.808717357926041e-08,-0.3333022891656649
2.812213812406513e-08,0.898975338319973,2.812213812406513e-08,-4.13160581265724e-06,2.812213812406513e-08,0.3135191458300362,2.812213812406513e-08,0.5969606981977522,2.812213812406513e-08,-0.3277772703814768
2.81740659724463e-08,0.8994445259856738,2.81740659724463e-08,-1.2782304147744e-05,2.81740659724463e-08,0.3140465586192414,2.81740659724463e-08,0.5837823533555431,2.81740659724463e-08,-0.3161802456072066
2.820902018155743e-08,0.899557875146524,2.820902018155743e-08,-2.378714115360459e-05,2.820902018155743e-08,0.3142467889934085,2.820902018155743e-08,0.5757509676355528,2.820902018155743e-08,-0.3065822186494439
2.825935160316014e-08,0.8996331935477493,2.825935160316014e-08,-5.447932361348794e-05,2.825935160316014e-08,0.3144361709400808,2.825935160316014e-08,0.5691035036452085,2.825935160316014e-08,-0.2768925702145362
2.828524950605101e-08,0.8996411469524151,2.828524950605101e-08,-8.820732174060149e-05,2.828524950605101e-08,0.3144924230580799,2.828524950605101e-08,0.5657221828770763,2.828524950605101e-08,-0.258539246056023
2.833260590968375e-08,0.8996515741499131,2.833260590968375e-08,-0.000153765370188089,2.833260590968375e-08,0.3145681533873739,2.833260590968375e-08,0.5594311947831256,2.833260590968375e-08,-0.2251260744164774
2.838269729559991e-08,0.8996542798053779,2.838269729559991e-08,-0.0001753920725347249,2.838269729559991e-08,0.3146375998204243,2.838269729559991e-08,0.5528198469856843,2.838269729559991e-08,-0.1899066792462829
2.844095747725434e-08,0.8996561862957669,2.844095747725434e-08,1.383636465145101e-05,2.844095747725434e-08,0.3147824152633431,2.844095747725434e-08,0.5450631452346939,2.844095747725434e-08,-0.1428899101472457
2.849559432457468e-08,0.8996598282424708,2.849559432457468e-08,0.001259595139800456,2.849559432457468e-08,0.3153546910595602,2.849559432457468e-08,0.5378278021776904,2.849559432457468e-08,-0.09541827925581281
2.856683764052e-08,0.8996810896866164,2.856683764052e-08,0.01078400057349112,2.856683764052e-08,0.3194400021949878,2.856683764052e-08,0.528341348815728,2.856683764052e-08,-0.05440932243718093
2.861811054111897e-08,0.8997234071024899,2.861811054111897e-08,0.03241125924948406,2.861811054111897e-08,0.3285818810371083,2.861811054111897e-08,0.5231020022620503,2.861811054111897e-08,-0.02797848151897424
2.867755849385584e-08,0.8998345385599146,2.867755849385584e-08,0.1001672684017236,2.867755849385584e-08,0.3566710906413794,2.867755849385584e-08,0.5204361408320375,2.867755849385584e-08,0.001823749421389367
2.872334974312855e-08,0.9000342381975279,2.872334974312855e-08,0.2225721349224245,2.872334974312855e-08,0.4070792025835132,2.872334974312855e-08,0.5185090061017097,2.872334974312855e-08,0.01888115231464222
2.875816765258572e-08,0.9001969729952539,2.875816765258572e-08,0.3740335600543831,2.875816765258572e-08,0.470641975956993,2.875816765258572e-08,0.516908441825769,2.875816765258572e-08,0.02727115484959864
2.879475899723842e-08,0.9002471672335023,2.879475899723842e-08,0.5661965182908919,2.879475899723842e-08,0.5548151119510835,2.879475899723842e-08,0.5153550889996367,2.879475899723842e-08,0.03467396686248698
2.88262553303762e-08,0.9001780729551008,2.88262553303762e-08,0.7319973961122276,2.88262553303762e-08,0.6329279809118517,2.88262553303762e-08,0.513914214576257,2.88262553303762e-08,0.04152522522823283
2.885248136698258e-08,0.8999694245675787,2.885248136698258e-08,0.8279757069348803,2.885248136698258e-08,0.6803896189575982,2.885248136698258e-08,0.512802633614476,2.885248136698258e-08,0.04665099597915401
2.887192460261684e-08,0.8998033275717512,2.887192460261684e-08,0.8607540913949639,2.887192460261684e-08,0.6967567502463393,2.887192460261684e-08,0.5119125917432523,2.887192460261684e-08,0.05030482414704249
2.889410379392634e-08,0.8997170631372921,2.889410379392634e-08,0.8767913132241242,2.889410379392634e-08,0.7048225966175892,2.889410379392634e-08,0.5109676270649821,2.889410379392634e-08,0.05449143614758329
2.891356009863164e-08,0.8996875374916934,2.891356009863164e-08,0.8825577758383654,2.891356009863164e-08,0.7077629103447141,2.891356009863164e-08,0.5100948714041312,2.891356009863164e-08,0.0581743403638258
2.893534498908e-08,0.899668724524939,2.893534498908e-08,0.8845290474689435,2.893534498908e-08,0.7088092800964748,2.893534498908e-08,0.5091612862148883,2.893534498908e-08,0.06230091441497331
2.896508821271152e-08,0.8996371130213755,2.896508821271152e-08,0.8788294962081524,2.896508821271152e-08,0.706021355580752,2.896508821271152e-08,0.5078515626797391,2.896508821271152e-08,0.06733042112211132
2.899545321744143e-08,0.8995315664494873,2.899545321744143e-08,0.8454082545825563,2.899545321744143e-08,0.6893191739892147,2.899545321744143e-08,0.5065410576386008,2.899545321744143e-08,0.07229053164739836
2.901156367505232e-08,0.899377082011742,2.901156367505232e-08,0.7981509333317134,2.901156367505232e-08,0.6657189173966764,2.901156367505232e-08,0.5058296315279458,2.901156367505232e-08,0.07486252845356019
2.902412423751033e-08,0.8991317949731239,2.902412423751033e-08,0.7262265227597346,2.902412423751033e-08,0.6301173889989943,2.902412423751033e-08,0.5052886132854457,2.902412423751033e-08,0.076854411555993
2.903717033718495e-08,0.8987422033389346,2.903717033718495e-08,0.6037270881082337,2.903717033718495e-08,0.5715808812913096,2.903717033718495e-08,0.5047150665693942,2.903717033718495e-08,0.07893059405189094
2.904975363301678e-08,0.8982973782122001,2.904975363301678e-08,0.4387770394642254,2.904975363301678e-08,0.497451815857324,2.904975363301678e-08,0.504169146251134,2.904975363301678e-08,0.08092885999276864
2.905855838743575e-08,0.8980174994013068,2.905855838743575e-08,0.3013003736233965,2.905855838743575e-08,0.4386485530261526,2.905855838743575e-08,0.5037833193043771,2.905855838743575e-08,0.08232961371443706
2.906491869693238e-08,0.8979154442240719,2.906491869693238e-08,0.1998056449773554,2.906491869693238e-08,0.3964164406515963,2.906491869693238e-08,0.5035069924068514,2.906491869693238e-08,0.08334125811889566
2.907084871705283e-08,0.8980098572142788,2.907084871705283e-08,0.1186132806568774,2.907084871705283e-08,0.3631175110102605,2.907084871705283e-08,0.5032480938551959,2.907084871705283e-08,0.08404780383523347
2.907690572973772e-08,0.8983184984892997,2.907690572973772e-08,0.06117346433390321,2.907690572973772e-08,0.3396856171043237,2.907690572973772e-08,0.5029842343208127,2.907690572973772e-08,0.08462261437165111
2.908311976813767e-08,0.8987280994419479,2.908311976813767e-08,0.02800755380182067,2.908311976813767e-08,0.3261239915039859,2.908311976813767e-08,0.5027133485309154,2.908311976813767e-08,0.08520525365477825
2.908940644156575e-08,0.89909387770166,2.908940644156575e-08,0.01196024607906773,2.908940644156575e-08,0.3195916143751173,2.908940644156575e-08,0.5024391357394737,2.908940644156575e-08,0.08579617117850306
2.909646433836761e-08,0.899373305302239,2.909646433836761e-08,0.004577926918187631,2.909646433836761e-08,0.3166389203430786,2.909646433836761e-08,0.5021310539217685,2.909646433836761e-08,0.08646610821621389
2.910375942007531e-08,0.8995305921571444,2.910375942007531e-08,0.001916524049606823,2.910375942007531e-08,0.3156052379011648,2.910375942007531e-08,0.5018127120318526,2.910375942007531e-08,0.08716602888745334
2.911250631196436e-08,0.8996132556141696,2.911250631196436e-08,0.0007952356673065928,2.911250631196436e-08,0.3151800261805024,2.911250631196436e-08,0.5014325247294714,2.911250631196436e-08,0.08796869357352806
2.912371693161652e-08,0.8996489813336727,2.912371693161652e-08,0.0002914072271292489,2.912371693161652e-08,0.3149878689609518,2.912371693161652e-08,0.5009495454537511,2.912371693161652e-08,0.08853511334446948
2.913628612109977e-08,0.8996609054791392,2.913628612109977e-08,9.732696476172649e-05,2.913628612109977e-08,0.3149145697355378,2.913628612109977e-08,0.5004143730292637,2.913628612109977e-08,0.0886475076470184
2.914794704829815e-08,0.899665927479274,2.914794704829815e-08,4.097112684179571e-05,2.914794704829815e-08,0.3148950706277739,2.914794704829815e-08,0.4999235838897702,2.914794704829815e-08,0.08874083145937964
2.916160482820864e-08,0.8996694841849429,2.916160482820864e-08,2.218833189238808e-05,2.916160482820864e-08,0.3148909584086132,2.916160482820864e-08,0.499354877563415,2.916160482820864e-08,0.08886844918877028
2.918016907401386e-08,0.8996717447231697,2.918016907401386e-08,1.360508015521522e-05,2.918016907401386e-08,0.3148903322786747,2.918016907401386e-08,0.4985910682781512,2.918016907401386e-08,0.08898853983492608
2.921254215046877e-08,0.8996727209963559,2.921254215046877e-08,8.60442406111416e-06,2.921254215046877e-08,0.3148901754165976,2.921254215046877e-08,0.4972803047420555,2.921254215046877e-08,0.08870419656243828
2.926234542251633e-08,0.8996721048850538,2.926234542251633e-08,4.522251780485243e-06,2.926234542251633e-08,0.3148865948915326,2.926234542251633e-08,0.4953061279227001,2.926234542251633e-08,0.08880790927127984
2.934218489391302e-08,0.8996704650438672,2.934218489391302e-08,2.849939884526147e-06,2.934218489391302e-08,0.3148756995982023,2.934218489391302e-08,0.4922210312935603,2.934218489391302e-08,0.08849889568111149
2.946097885793491e-08,0.8996596293587467,2.946097885793491e-08,1.463125253244303e-06,2.946097885793491e-08,0.3148445041226627,2.946097885793491e-08,0.4877543602872448,2.946097885793491e-08,0.08799554469088081
2.958791576267415e-08,0.8995316910413739,2.958791576267415e-08,1.231287049943394e-06,2.958791576267415e-08,0.3147366132225322,2.958791576267415e-08,0.4830868174201112,2.958791576267415e-08,0.08718544771308294
2.964552713048364e-08,0.8991935757080785,2.964552713048364e-08,3.121931609207034e-07,2.964552713048364e-08,0.3145249803290308,2.964552713048364e-08,0.4809933640513521,2.964552713048364e-08,0.08670865252673553
2.969014277254911e-08,0.8976104674370102,2.969014277254911e-08,-3.255939141402576e-06,2.969014277254911e-08,0.3136012960886632,2.969014277254911e-08,0.4793791675696356,2.969014277254911e-08,0.08633475781799535
2.973925325644861e-08,0.8827251203634586,2.973925325644861e-08,-3.860572384990058e-05,2.973925325644861e-08,0.3049986061515661,2.973925325644861e-08,0.4776073690825549,2.973925325644861e-08,0.08585510061008185
2.976186862431822e-08,0.8570487758361084,2.976186862431822e-08,-0.0001135146715079446,2.976186862431822e-08,0.2900531402797394,2.976186862431822e-08,0.4767909647808217,2.976186862431822e-08,0.08564408518234323
2.977851448882171e-08,0.8143930491785717,2.977851448882171e-08,-0.0002291086564951596,2.977851448882171e-08,0.2649971224663177,2.977851448882171e-08,0.4761894384215513,2.977851448882171e-08,0.08546119894647802
2.979833524261857e-08,0.7092760455503074,2.979833524261857e-08,-0.0004798542553680594,2.979833524261857e-08,0.2029421377680704,2.979833524261857e-08,0.4754725639525205,2.979833524261857e-08,0.08525344186225155
2.981325298578926e-08,0.5778942763684325,2.981325298578926e-08,-0.0007242624133980537,2.981325298578926e-08,0.1261024869379543,2.981325298578926e-08,0.4749324149520541,2.981325298578926e-08,0.08509241244717798
2.9829589778773e-08,0.3859840886877968,2.9829589778773e-08,-0.0009345376155568537,2.9829589778773e-08,0.0168027031095038,2.9829589778773e-08,0.4743406275772173,2.9829589778773e-08,0.08491956069422235
2.983860075902339e-08,0.2654238034423093,2.983860075902339e-08,-0.0009757585596265579,2.983860075902339e-08,-0.04896751558556333,2.983860075902339e-08,0.4740146782142305,2.983860075902339e-08,0.08482305238935993
2.984623474045921e-08,0.166724048464629,2.984623474045921e-08,-0.0009161103111605799,2.984623474045921e-08,-0.1004365806820865,2.984623474045921e-08,0.4737389774584796,2.984623474045921e-08,0.08473690176971534
2.985546554455384e-08,0.07686830017295027,2.985546554455384e-08,-0.0006823344507616839,2.985546554455384e-08,-0.1457481412080927,2.985546554455384e-08,0.4734059704023633,2.985546554455384e-08,0.08462620136131363
2.986249602638634e-08,0.03712134071344073,2.986249602638634e-08,-0.000449049563492608,2.986249602638634e-08,-0.1655038987323048,2.986249602638634e-08,0.4731533482910907,2.986249602638634e-08,0.08454155440868269
2.987195729994779e-08,0.01194029830962071,2.987195729994779e-08,-0.0002025841188585127,2.987195729994779e-08,-0.1779157714802685,2.987195729994779e-08,0.472813477280496,2.987195729994779e-08,0.08442765593219073
2.988126657799194e-08,0.003775052549620605,2.988126657799194e-08,-7.311634400124326e-05,2.988126657799194e-08,-0.1818864822136198,2.988126657799194e-08,0.4724783632765367,2.988126657799194e-08,0.08431554728676049
2.988993549344247e-08,0.001612024047961784,2.988993549344247e-08,-2.421734921615055e-05,2.988993549344247e-08,-0.1829042819307023,2.988993549344247e-08,0.4721662494601174,2.988993549344247e-08,0.08421119545485825
2.989991784041793e-08,0.0009078489853758878,2.989991784041793e-08,-5.674819631904137e-06,2.989991784041793e-08,-0.1832044557456737,2.989991784041793e-08,0.471809427155074,2.989991784041793e-08,0.08409110030795618
2.991332276006768e-08,0.0005635314068116455,2.991332276006768e-08,-7.32657238815596e-07,2.991332276006768e-08,-0.1833204728933126,2.991332276006768e-08,0.4713357737582495,2.991332276006768e-08,0.08393005198014182
2.992684016088158e-08,0.0002979877744210157,2.992684016088158e-08,-3.000065573649116e-07,2.992684016088158e-08,-0.1834025190621603,2.992684016088158e-08,0.4708475318609091,2.992684016088158e-08,0.08376820622519482
2.994642793066327e-08,8.751267963771567e-05,2.994642793066327e-08,7.507160959603073e-07,2.994642793066327e-08,-0.1834401684718781,2.994642793066327e-08,0.4701316619127901,2.994642793066327e-08,0.08353418054648043
2.996356946260544e-08,3.555553079117189e-05,2.996356946260544e-08,1.150993432415608e-06,2.996356946260544e-08,-0.1834127791579867,2.996356946260544e-08,0.4695057193792129,2.996356946260544e-08,0.08332567912509033
2.998117589963375e-08,2.135076210218864e-05,2.998117589963375e-08,1.144463683764252e-06,2.998117589963375e-08,-0.1833700902260481,2.998117589963375e-08,0.468867033080149,2.998117589963375e-08,0.08308954145695918
3e-08,1.540139396235506e-05,3e-08,1.077738929383335e-06,3e-08,-0.183324768022304,3e-08,0.4681877972004976,3e-08,0.08283499842776949
3.003559681911425e-08,1.176177758132318e-05,3.003559681911425e-08,9.962319903198448e-07,3.003559681911425e-08,-0.1832537715348621,3.003559681911425e-08,0.4681289230795038,3.003559681911425e-08,0.08272890989726855
3.0080079342687e-08,5.869445982213478e-06,3.0080079342687e-08,9.154575320950157e-07,3.0080079342687e-08,-0.1831755401559629,3.0080079342687e-08,0.4681062042275638,3.0080079342687e-08,0.08260209092738914
3.014463809142187e-08,4.505955538155906e-06,3.014463809142187e-08,9.041567413699335e-07,3.014463809142187e-08,-0.183088330850028,3.014463809142187e-08,0.4680683772340216,3.014463809142187e-08,0.0823538206252573
3.027375558889163e-08,2.12106114797608e-06,3.027375558889163e-08,8.934273078408574e-07,3.027375558889163e-08,-0.1829839019734125,3.027375558889163e-08,0.467897837628057,3.027375558889163e-08,0.08170872558926667
3.038687779444582e-08,1.906871258694304e-06,3.038687779444582e-08,9.04234173261898e-07,3.038687779444582e-08,-0.1829401879125106,3.038687779444582e-08,0.4675935206361453,3.038687779444582e-08,0.08100449714401337
3.05e-08,1.289289841086761e-06,3.05e-08,9.01961027290778e-07,3.05e-08,-0.1829191660623811,3.05e-08,0.4671246478339793,3.05e-08,0.08017463629342088
3.061935307165414e-08,1.22514202263324e-06,3.061935307165414e-08,8.955336637546241e-07,3.061935307165414e-08,-0.1829117796765307,3.061935307165414e-08,0.4665692401276403,3.061935307165414e-08,0.07503615147475783
3.078316836645832e-08,1.170518606539409e-06,3.078316836645832e-08,8.689174841783074e-07,3.078316836645832e-08,-0.1829060807445489,3.078316836645832e-08,0.4658401410910425,3.078316836645832e-08,0.06830712774291735
3.094669889308014e-08,1.093166433444242e-06,3.094669889308014e-08,8.091120781339374e-07,3.094669889308014e-08,-0.182906330793087,3.094669889308014e-08,0.465276727241772,3.094669889308014e-08,0.0621758484857307
3.127375994632376e-08,1.093331300528734e-06,3.127375994632376e-08,7.275462166444343e-07,3.127375994632376e-08,-0.1829109838447988,3.127375994632376e-08,0.4647084820925664,3.127375994632376e-08,0.05157005782450923
3.162982601320228e-08,1.045903062323245e-06,3.162982601320228e-08,5.615833379418621e-07,3.162982601320228e-08,-0.182916841401957,3.162982601320228e-08,0.4645839762903838,3.162982601320228e-08,0.04210157278640775
3.208738996240163e-08,1.088932747092054e-06,3.208738996240163e-08,3.046637660423231e-07,3.208738996240163e-08,-0.1829227382094371,3.208738996240163e-08,0.4645689935973793,3.208738996240163e-08,0.03213047428321963
3.26490311627877e-08,1.039297300658302e-06,3.26490311627877e-08,-2.93710536818327e-07,3.26490311627877e-08,-0.1829282992394171,3.26490311627877e-08,0.4646077448113236,3.26490311627877e-08,0.02306624191539578
3.36490311627877e-08,1.091572826320231e-06,3.36490311627877e-08,6.442628936665387e-07,3.36490311627877e-08,-0.1829341359781414,3.36490311627877e-08,0.4646294367309921,3.36490311627877e-08,0.01295360822469185
3.46490311627877e-08,1.037549556475601e-06,3.46490311627877e-08,-2.111322234321601e-07,3.46490311627877e-08,-0.1829388063724908,3.46490311627877e-08,0.4646576228626045,3.46490311627877e-08,0.00671823322895225
3.557130682674106e-08,1.09209168935478e-06,3.557130682674106e-08,-2.330245416697426e-06,3.557130682674106e-08,-0.1829428921748141,3.557130682674106e-08,0.4646799064170439,3.557130682674106e-08,0.003417087271357059
3.653648661980235e-08,1.037840694008213e-06,3.653648661980235e-08,-4.371787159361508e-06,3.653648661980235e-08,-0.1829467453121335,3.653648661980235e-08,0.4647118823046906,3.653648661980235e-08,0.00147772209619103
3.672009378860127e-08,1.094109439804922e-06,3.672009378860127e-08,-4.742378291633979e-06,3.672009378860127e-08,-0.1829474200260972,3.672009378860127e-08,0.4647166242586901,3.672009378860127e-08,0.00121178728266875
3.708730812619912e-08,1.063366957012358e-06,3.708730812619912e-08,6.469131245220504e-05,3.708730812619912e-08,-0.1829135638424411,3.708730812619912e-08,0.4647355182824027,3.708730812619912e-08,0.000702869944898374
3.754194522338795e-08,1.316603247434211e-06,3.754194522338795e-08,0.0009481347945655607,3.754194522338795e-08,-0.1824709235707666,3.754194522338795e-08,0.4647503362594185,3.754194522338795e-08,0.000299187205031695
3.788131535582833e-08,2.204862511915684e-06,3.788131535582833e-08,0.00459158510919907,3.788131535582833e-08,-0.1806415435940075,3.788131535582833e-08,0.464761548912446,3.788131535582833e-08,6.287282383739928e-05
3.829414886165097e-08,4.884594328264662e-06,3.829414886165097e-08,0.02026967514508293,3.829414886165097e-08,-0.1727671572869569,3.829414886165097e-08,0.4647676979161287,3.829414886165097e-08,-0.0001735616068912441
3.876543589896726e-08,1.285369708468165e-05,3.876543589896726e-08,0.07635471093509619,3.876543589896726e-08,-0.1445792391831303,3.876543589896726e-08,0.4647787839086485,3.876543589896726e-08,-0.0003802706992086053
3.897892285293316e-08,2.648330019537867e-05,3.897892285293316e-08,0.136932992685742,3.897892285293316e-08,-0.1139361033601729,3.897892285293316e-08,0.4647801489177852,3.897892285293316e-08,-0.0004489802925349984
3.914483452606345e-08,4.634567084870274e-05,3.914483452606345e-08,0.2246481869059999,3.914483452606345e-08,-0.06871520071261986,3.914483452606345e-08,0.4647849378460371,3.914483452606345e-08,-0.000498785053122209
3.931091079579868e-08,6.221729452247041e-05,3.931091079579868e-08,0.3499322735825267,3.931091079579868e-08,-0.001216468828298184,3.931091079579868e-08,0.4647848292395849,3.931091079579868e-08,-0.0005480919388415379
3.943655193583537e-08,6.37736317302864e-05,3.943655193583537e-08,0.45496882475659,3.943655193583537e-08,0.05759180160031535,3.943655193583537e-08,0.464788720280901,3.943655193583537e-08,-0.0005816176789981124
3.957217932386389e-08,6.754666560137682e-05,3.957217932386389e-08,0.570362132006807,3.957217932386389e-08,0.1237999620033298,3.957217932386389e-08,0.4647889815752719,3.957217932386389e-08,-0.000611383753335698
3.973321653781102e-08,6.198485338844603e-05,3.973321653781102e-08,0.7020310539178787,3.973321653781102e-08,0.2007279006453138,3.973321653781102e-08,0.4647941528303984,3.973321653781102e-08,-0.000644875392108368
3.984201942957677e-08,4.29201532485939e-05,3.984201942957677e-08,0.7715724629744065,3.984201942957677e-08,0.2417734017789133,3.984201942957677e-08,0.4647946637613294,3.984201942957677e-08,-0.0006672212338527029
3.995919489911956e-08,1.662381575267622e-05,3.995919489911956e-08,0.8119080395867693,3.995919489911956e-08,0.2656190051779114,3.995919489911956e-08,0.4647995015648578,3.995919489911956e-08,-0.0006849023382711443
4.006864680608673e-08,1.555969340902153e-05,4.006864680608673e-08,0.8323126821255709,4.006864680608673e-08,0.2776460565722684,4.006864680608673e-08,0.4648008694413358,4.006864680608673e-08,-0.000706248340010276
4.017495931291491e-08,1.06867670004266e-05,4.017495931291491e-08,0.8478269753956258,4.017495931291491e-08,0.2867565238896272,4.017495931291491e-08,0.4648052740200564,4.017495931291491e-08,-0.0007195034188526291
4.028755252984017e-08,8.293600648305372e-06,4.028755252984017e-08,0.8593183863277487,4.028755252984017e-08,0.293466971169814,4.028755252984017e-08,0.4648062695295489,4.028755252984017e-08,-0.0007359203535133155
4.051273896369069e-08,5.075024985946681e-06,4.051273896369069e-08,0.8745205173240486,4.051273896369069e-08,0.3022762975705958,4.051273896369069e-08,0.4648121607530514,4.051273896369069e-08,-0.0007634275096173109
4.072724787213056e-08,3.489565588063867e-06,4.072724787213056e-08,0.8827438993465578,4.072724787213056e-08,0.3069910522311498,4.072724787213056e-08,0.4648143179070945,4.072724787213056e-08,-0.0007857540151614003
4.104963508396038e-08,2.353988754518691e-06,4.104963508396038e-08,0.8898344310538822,4.104963508396038e-08,0.3110298174329443,4.104963508396038e-08,0.4648209924378328,4.104963508396038e-08,-0.0008117538935126034
4.140865728153048e-08,1.649015448353401e-06,4.140865728153048e-08,0.8937876174737291,4.140865728153048e-08,0.3132835296133215,4.140865728153048e-08,0.4648254996718032,4.140865728153048e-08,-0.0008343972120326472
4.192345484520349e-08,1.356113636416109e-06,4.192345484520349e-08,0.8964430187346949,4.192345484520349e-08,0.3148263356400082,4.192345484520349e-08,0.464835627736107,4.192345484520349e-08,-0.0008577226658086839
4.257525762882264e-08,1.083817297505993e-06,4.257525762882264e-08,0.8976248087362454,4.257525762882264e-08,0.3155600877999929,4.257525762882264e-08,0.4648456241756005,4.257525762882264e-08,-0.0008689110883759461
4.352934288452433e-08,1.142575029700683e-06,4.352934288452433e-08,0.8981734983155253,4.352934288452433e-08,0.3159701468978358,4.352934288452433e-08,0.4648653682618638,4.352934288452433e-08,-0.0008689711761131165
4.439817122017808e-08,1.006248960578058e-06,4.439817122017808e-08,0.8982548956416414,4.439817122017808e-08,0.3161030882129422,4.439817122017808e-08,0.464882616718975,4.439817122017808e-08,-0.0008581834440700096
4.534202730899311e-08,1.136347396985866e-06,4.534202730899311e-08,0.8983262126142993,4.534202730899311e-08,0.3162359792915109,4.534202730899311e-08,0.4649047252066391,4.534202730899311e-08,-0.0008385147437726352
4.634202730899311e-08,9.923965072390911e-07,4.634202730899311e-08,0.8982981479358777,4.634202730899311e-08,0.3163158068138337,4.634202730899311e-08,0.4649253538380113,4.634202730899311e-08,-0.000813041227039294
4.734202730899311e-08,1.139419187656894e-06,4.734202730899311e-08,0.8983083739143346,4.734202730899311e-08,0.3164167978385037,4.734202730899311e-08,0.464948687035626,4.734202730899311e-08,-0.0007852079404530988
4.834202730899312e-08,9.858596803043114e-07,4.834202730899312e-08,0.8982581369384213,4.834202730899312e-08,0.3164822351697077,4.834202730899312e-08,0.4649692595573422,4.834202730899312e-08,-0.0007568338933603209
4.917101365449655e-08,1.144350055827116e-06,4.917101365449655e-08,0.898260731692782,4.917101365449655e-08,0.3165613916096023,4.917101365449655e-08,0.4649886854983027,4.917101365449655e-08,-0.0007333474701023389
5e-08,9.80104459641577e-07,5e-08,0.8982120902203269,5e-08,0.3166106328434628,5e-08,0.4650054024411466,5e-08,-0.0007095225832700021
