/net7 (G=3) X,/net7 (G=3) Y,/net7 (G=5) X,/net7 (G=5) Y,/net7 (G=7) X,/net7 (G=7) Y,/net7 (G=9) X,/net7 (G=9) Y,/time (G=3) X,/time (G=3) Y,/time (G=5) X,/time (G=5) Y,/time (G=7) X,/time (G=7) Y,/time (G=9) X,/time (G=9) Y
0,0.8868946612135445,0,0.8868946612135445,0,0.8868946612135445,0,0.8868946612135445,0,0.317806328205165,0,0.317806328205165,0,0.317806328205165,0,0.317806328205165
1e-11,0.8868946649313467,1e-11,0.8868946656108675,1e-11,0.8868946662903882,1e-11,0.8868946669699088,1e-11,0.3178063303945061,1e-11,0.3178063308051159,1e-11,0.3178063312157257,1e-11,0.3178063316263354
3e-11,0.8868945914734808,3e-11,0.8868945418643094,3e-11,0.886894492242318,3e-11,0.8868944426075047,3e-11,0.3178062876505666,3e-11,0.317806258799442,3e-11,0.3178062299408819,3e-11,0.3178062010748844
6.999999999999999e-11,0.8868938728646806,6.999999999999999e-11,0.8868933431008654,6.999999999999999e-11,0.886892813213389,6.999999999999999e-11,0.8868922832035783,6.999999999999999e-11,0.3178058692210949,6.999999999999999e-11,0.3178055607895891,6.999999999999999e-11,0.3178052522862294,6.999999999999999e-11,0.3178049437118349
1.5e-10,0.8868835107200803,1.5e-10,0.8868760601355096,1.5e-10,0.8868686083550318,1.5e-10,0.8868611406756713,1.5e-10,0.3177998359065709,1.5e-10,0.3177954978573689,1.5e-10,0.3177911591124664,1.5e-10,0.31778681111026
3.1e-10,0.8867871213227831,3.1e-10,0.8867152051047186,3.1e-10,0.8866431444431294,3.1e-10,0.8865708183294833,3.1e-10,0.3177437387862868,3.1e-10,0.3177018827361887,3.1e-10,0.3176599426089876,3.1e-10,0.3176178362463442
5e-10,0.886482576067034,5e-10,0.8862000180495146,5e-10,0.8859086769155987,5e-10,0.8856114015475886,5e-10,0.3175665140995085,5e-10,0.3174020529974432,5e-10,0.3172324660554487,5e-10,0.3170593862065795
7.000000000000001e-10,0.8858592046282479,7.000000000000001e-10,0.8851246205647816,7.000000000000001e-10,0.8843528090148438,7.000000000000001e-10,0.8835416009084326,7.000000000000001e-10,0.3172037415575507,7.000000000000001e-10,0.3167760950491041,7.000000000000001e-10,0.3163266497911909,7.000000000000001e-10,0.3158542374775556
9.000000000000001e-10,0.8851664791438922,9.000000000000001e-10,0.8838898554311643,9.000000000000001e-10,0.8825048501568146,9.000000000000001e-10,0.8809999037313434,9.000000000000001e-10,0.3168004773412239,9.000000000000001e-10,0.3160571968563863,9.000000000000001e-10,0.3152502758640296,9.000000000000001e-10,0.314373084896943
1.1e-09,0.8844362876673864,1.1e-09,0.8825484777100036,1.1e-09,0.8804409769538276,1.1e-09,0.8780817277047358,1.1e-09,0.3163753815901815,1.1e-09,0.3152757881640552,1.1e-09,0.3140472252188849,1.1e-09,0.3126709447603387
1.3e-09,0.8837848884770436,1.3e-09,0.8813259443259343,1.3e-09,0.8785099568516087,1.3e-09,0.8752753003095958,1.3e-09,0.3159960779834716,1.3e-09,0.3145632371463863,1.3e-09,0.3129208904147835,1.3e-09,0.3110324516268149
1.5e-09,0.8832701436722121,1.5e-09,0.8803355356082961,1.5e-09,0.8769108088426549,1.5e-09,0.8729008695521614,1.5e-09,0.3156961715158118,1.5e-09,0.3139857361334561,1.5e-09,0.3119873796398319,1.5e-09,0.3096447307518411
1.7e-09,0.882904464863265,1.7e-09,0.8796304690007364,1.7e-09,0.8757624745994061,1.7e-09,0.871182301602544,1.7e-09,0.3154829672020362,1.7e-09,0.3135742874647233,1.7e-09,0.3113165081050376,1.7e-09,0.3086396733647628
1.9e-09,0.882686238876336,1.9e-09,0.8792114503259946,1.9e-09,0.8750799396170664,1.9e-09,0.8701647493829711,1.9e-09,0.3153556070344706,1.9e-09,0.3133294816373391,1.9e-09,0.3109174005069274,1.9e-09,0.3080437194253714
2e-09,0.8826247282565619,2e-09,0.8790989797694898,2e-09,0.8749060310331175,2e-09,0.8699195946790436,2e-09,0.3153196351061167,2e-09,0.3132636392309655,2e-09,0.3108154843490331,2e-09,0.3078998158667043
2.034210526315789e-09,0.882610631076544,2.034210526315789e-09,0.8790731933164446,2.034210526315789e-09,0.8748677022060286,2.034210526315789e-09,0.8698681058743136,2.034210526315789e-09,0.3153114244231244,2.034210526315789e-09,0.3132485164327043,2.034210526315789e-09,0.3107929698553157,2.034210526315789e-09,0.3078695124289895
2.080124653739612e-09,0.8825753419079703,2.080124653739612e-09,0.8790080140207794,2.080124653739612e-09,0.8747672096314054,2.080124653739612e-09,0.869727281212101,2.080124653739612e-09,0.315290785970646,2.080124653739612e-09,0.3132103503029473,2.080124653739612e-09,0.3107340548225573,2.080124653739612e-09,0.3077868149305574
2.121602035837784e-09,0.8824785248120867,2.121602035837784e-09,0.878820549828056,2.121602035837784e-09,0.8744603134238612,2.122560672467784e-09,0.8692529582632408,2.121602035837784e-09,0.3152342637974224,2.121602035837784e-09,0.3131007547906594,2.121602035837784e-09,0.3105544141140569,2.122560672467784e-09,0.3075087336124214
2.2e-09,0.8818174676845946,2.2e-09,0.8774812148064077,2.2e-09,0.8721960409411281,2.2e-09,0.8657702267516072,2.2e-09,0.3148486449631098,2.2e-09,0.3123185208894296,2.2e-09,0.3092298736054498,2.2e-09,0.3054681985782421
2.20325e-09,0.8817718814248003,2.20325e-09,0.8773871190008073,2.20325e-09,0.8720333437714591,2.20325e-09,0.8655134496522311,2.20325e-09,0.31482206554951,2.20325e-09,0.3122635679229933,2.20325e-09,0.3091347824020889,2.20325e-09,0.3053176548998361
2.20975e-09,0.8816758598200319,2.20975e-09,0.8771896907826271,2.20975e-09,0.8716915325856791,2.20975e-09,0.8649729191033525,2.20975e-09,0.3147660643109138,2.20975e-09,0.3121482893807763,2.20975e-09,0.3089347346708127,2.20975e-09,0.3050007461952491
2.22275e-09,0.8814611063198444,2.22275e-09,0.8767431841974557,2.22275e-09,0.8709136188488369,2.22275e-09,0.8637336358525052,2.22275e-09,0.3146407830442171,2.22275e-09,0.311887392480872,2.22275e-09,0.3084794698113449,2.22275e-09,0.3042739963708237
2.244247133828928e-09,0.8810163932328523,2.240917269265767e-09,0.875973475120131,2.239023010079403e-09,0.8697174190325392,2.237736505378906e-09,0.8619775576709344,2.244247133828928e-09,0.3143814368867889,2.240917269265767e-09,0.3114377722722645,2.239023010079403e-09,0.3077794149201268,2.237736505378906e-09,0.3032442440045445
2.272757053119185e-09,0.8800747497993043,2.264338876248034e-09,0.8744898727057061,2.259631365602498e-09,0.8675231588298724,2.256469559984345e-09,0.8588560872087463,2.272757053119185e-09,0.3138320204612439,2.264338876248034e-09,0.3105706819513712,2.259631365602498e-09,0.3064945501507595,2.256469559984345e-09,0.3014122678869449
2.30005687436651e-09,0.8784709183817268,2.308676685571044e-09,0.867809855905488,2.298279634863746e-09,0.8580761580849543,2.290414895491296e-09,0.8464638878041056,2.30005687436651e-09,0.3128957026131102,2.308676685571044e-09,0.306661506443101,2.298279634863746e-09,0.3009517749482714,2.290414895491296e-09,0.2941234016604489
2.308211327744516e-09,0.8778005888576551,2.322086126843366e-09,0.8641546002409355,2.307192581691001e-09,0.8544145637303155,2.306655292689529e-09,0.8350941339077333,2.308211327744516e-09,0.3125041559010969,2.322086126843366e-09,0.3045188020077131,2.307192581691001e-09,0.2987998128968022,2.306655292689529e-09,0.2874190074959583
2.320011316271872e-09,0.8766095681218774,2.336587260352157e-09,0.8585528161905197,2.325018475345512e-09,0.8434533269838911,2.339136087085996e-09,0.7794526504324154,2.320011316271872e-09,0.3118084450265856,2.336587260352157e-09,0.3012305698061253,2.325018475345512e-09,0.292346781421862,2.339136087085996e-09,0.2544776157780194
2.343611293326582e-09,0.8731693796808003,2.365589527369739e-09,0.8380025800748748,2.347399852280709e-09,0.8182705134668877,2.351157636085384e-09,0.7390724529755351,2.343611293326582e-09,0.3097973535810455,2.365589527369739e-09,0.2891327487049817,2.347399852280709e-09,0.2774743599354643,2.351157636085384e-09,0.2305284019639025
2.375695165575607e-09,0.8647695871137173,2.398890708705696e-09,0.7797917598828408,2.374992595071995e-09,0.7441647546516292,2.371252562654331e-09,0.6164400369192123,2.375695165575607e-09,0.3048781662299079,2.398890708705696e-09,0.2546755345199184,2.374992595071995e-09,0.2335470551366361,2.371252562654331e-09,0.1581201975994725
2.395481488452481e-09,0.8560269247542118,2.402152122279952e-09,0.7709894196809588,2.394919728751387e-09,0.6320105087352229,2.385487848502678e-09,0.4795041895054241,2.395481488452481e-09,0.2997455568955864,2.402152122279952e-09,0.2494546221528083,2.394919728751387e-09,0.1672534922568624,2.385487848502678e-09,0.0783155021488406
2.40046673948084e-09,0.8531789174362991,2.408674949428464e-09,0.7498658493053997,2.401642389767711e-09,0.5782188322336871,2.399262231947079e-09,0.3055703295413689,2.40046673948084e-09,0.2980711339775256,2.408674949428464e-09,0.2369264926644925,2.401642389767711e-09,0.1356926063121771,2.399262231947079e-09,-0.02058446423379724
2.40358445197872e-09,0.8512252567695396,2.415197776576975e-09,0.7233928665949098,2.405924771087766e-09,0.539412121183749,2.402573972623267e-09,0.2586616853991425,2.40358445197872e-09,0.2969216996361617,2.415197776576975e-09,0.2212352990147063,2.405924771087766e-09,0.1130436840025353,2.402573972623267e-09,-0.0465972878319106
2.406702164476601e-09,0.8491260784328662,2.426442956415923e-09,0.6634413858361285,2.410207152407821e-09,0.4970190164917413,2.409197453975643e-09,0.1676682796855618,2.406702164476601e-09,0.2956863814749385,2.426442956415923e-09,0.1857913056951639,2.410207152407821e-09,0.08842933002023187,2.409197453975643e-09,-0.09592758086089066
2.412937589472362e-09,0.8444372167980275,2.442879663969894e-09,0.5419804098833451,2.418514719003438e-09,0.4046594088826954,2.416478730401653e-09,0.08719544880621384,2.412937589472362e-09,0.2929248456998887,2.442879663969894e-09,0.1145792817649663,2.418514719003438e-09,0.03533620506166218,2.416478730401653e-09,-0.138155094142781
2.423219893371521e-09,0.8350242248572034,2.46836463493996e-09,0.2837468550263497,2.428675918677905e-09,0.2762490189490926,2.422760420761529e-09,0.04324103925136386,2.423219893371521e-09,0.2873733032387051,2.46836463493996e-09,-0.03269986652415453,2.428675918677905e-09,-0.03690707762711546,2.422760420761529e-09,-0.1607341877109296
2.443784074553823e-09,0.8077181624499936,2.474070334145942e-09,0.2179052854883815,2.43602866703102e-09,0.1806294849134554,2.430206209621655e-09,0.01662924747131323,2.443784074553823e-09,0.2712261386590962,2.474070334145942e-09,-0.06887125554530363,2.43602866703102e-09,-0.08902199229604438,2.430206209621655e-09,-0.174374440347984
2.472266839836727e-09,0.7364204415478498,2.485481732557907e-09,0.1051455009405111,2.445722606031312e-09,0.08114218650224643,2.439919329679688e-09,0.004257323855320343,2.472266839836727e-09,0.2289604878993807,2.485481732557907e-09,-0.1288373005878787,2.445722606031312e-09,-0.1412947667506807,2.439919329679688e-09,-0.1809191710877722
2.49523371771348e-09,0.6348921665361792,2.4941401312473e-09,0.0493867097313139,2.452589076325408e-09,0.03908401837679209,2.447524021284667e-09,0.001847802672041899,2.49523371771348e-09,0.1689891885591032,2.4941401312473e-09,-0.1576099086526226,2.452589076325408e-09,-0.1628815602567633,2.447524021284667e-09,-0.1824077191576288
2.517941471339316e-09,0.4902809063688018,2.503215599013668e-09,0.01957409378824949,2.460934156422558e-09,0.0140630775691114,2.456316761540186e-09,0.0008278673384827647,2.517941471339316e-09,0.08460951263550451,2.503215599013668e-09,-0.1729235878780089,2.460934156422558e-09,-0.1757361145453504,2.456316761540186e-09,-0.1832217942555978
2.540526581662729e-09,0.311368441996996,2.511276533945042e-09,0.008163409550389012,2.471608773416232e-09,0.003410235949225425,2.465862538202654e-09,0.0003551637494680531,2.540526581662729e-09,-0.0172870643968116,2.511276533945042e-09,-0.1789246619225936,2.471608773416232e-09,-0.1814490253758698,2.465862538202654e-09,-0.1837470618611256
2.554972170711267e-09,0.1889700268241814,2.520601854673222e-09,0.002998360272060123,2.479840732226678e-09,0.00156675386646813,2.478250824674774e-09,0.0001110832212991041,2.554972170711267e-09,-0.08448281537342633,2.520601854673222e-09,-0.1818368359443639,2.479840732226678e-09,-0.1826671204148123,2.478250824674774e-09,-0.1841807290302359
2.565884828560334e-09,0.1085648080080575,2.530472275616882e-09,0.001334478169194969,2.489558954078492e-09,0.0008620186125111763,2.489081617639414e-09,4.663647771163236e-05,2.565884828560334e-09,-0.127055221386833,2.530472275616882e-09,-0.182989420517257,2.489558954078492e-09,-0.1833364586425871,2.489081617639414e-09,-0.1844336293166653
2.577990358452497e-09,0.05014427184705347,2.543070573825138e-09,0.0007814513110565129,2.500101956734158e-09,0.0004652050518876593,2.501793809441116e-09,2.53155762306035e-05,2.577990358452497e-09,-0.1572750261191432,2.543070573825138e-09,-0.1836192776022241,2.500101956734158e-09,-0.1838309433050266,2.501793809441116e-09,-0.1846495363597095
2.588652489602672e-09,0.02363379235911497,2.559863740228923e-09,0.0004830027718503845,2.514438021925766e-09,0.0001696947979368228,2.51862153555588e-09,1.637869257682124e-05,2.588652489602672e-09,-0.1709768337575255,2.559863740228923e-09,-0.1841437831824898,2.514438021925766e-09,-0.1843050445228536,2.51862153555588e-09,-0.1848411719554538
2.6e-09,0.01038935456980876,2.574782706704225e-09,0.0002521058648215268,2.528359560795933e-09,6.173300969690043e-05,2.531201751997578e-09,1.456779800251474e-05,2.6e-09,-0.1780028276395073,2.574782706704225e-09,-0.1845103696836704,2.528359560795933e-09,-0.1846016359199649,2.531201751997578e-09,-0.184914272818318
2.608125e-09,0.006624776610452417,2.596378874381032e-09,6.931208442739821e-05,2.542149754251815e-09,3.045181012788193e-05,2.556362184880974e-09,1.133135819404315e-05,2.608125e-09,-0.1801469445594349,2.596378874381032e-09,-0.1848395904625573,2.542149754251815e-09,-0.184793308027742,2.556362184880974e-09,-0.1848241456854892
2.615278275639135e-09,0.004037419992214693,2.6e-09,5.924315239477272e-05,2.558631195008689e-09,1.965175941778712e-05,2.591912086072788e-09,1.265984705313201e-05,2.615278275639135e-09,-0.1816615803448763,2.6e-09,-0.1848697476096759,2.558631195008689e-09,-0.184923042408827,2.591912086072788e-09,-0.1837745020002747
2.627777987822477e-09,0.001805426765065199,2.607242251237935e-09,4.697015596660711e-05,2.583025561471654e-09,1.405795945053626e-05,2.6e-09,1.398547873695608e-05,2.627777987822477e-09,-0.1831206624439228,2.607242251237935e-09,-0.1849044703434039,2.583025561471654e-09,-0.1848906181715268,2.6e-09,-0.183318520455403
2.652777412189161e-09,0.0005735023388654904,2.614484502475871e-09,3.659837192033059e-05,2.6e-09,1.334283636441733e-05,2.608125e-09,1.534944805059149e-05,2.652777412189161e-09,-0.1842681972167449,2.614484502475871e-09,-0.1849259348680954,2.6e-09,-0.1846452587862131,2.608125e-09,-0.1826964672782908
2.678211635303753e-09,0.0004501287101611505,2.627345931907155e-09,2.591508345294132e-05,2.608125e-09,1.348468718427073e-05,2.61625e-09,1.725335636568546e-05,2.678211635303753e-09,-0.1846800783790775,2.627345931907155e-09,-0.1848950557416203,2.608125e-09,-0.1844160809033182,2.61625e-09,-0.1819917247861598
2.7e-09,0.0003021168256053079,2.653068790769725e-09,1.802736679635012e-05,2.616491479509449e-09,1.393231471447821e-05,2.629584833443644e-09,2.137872562744051e-05,2.7e-09,-0.1849107547704698,2.653068790769725e-09,-0.184484314751762,2.616491479509449e-09,-0.184130011162655,2.629584833443644e-09,-0.180467889354453
2.705416666666667e-09,0.0002680173183428867,2.676534395384863e-09,1.809052803724375e-05,2.633224438528347e-09,1.605365539761733e-05,2.656254500330933e-09,3.139359545855851e-05,2.705416666666667e-09,-0.1849409643171995,2.676534395384863e-09,-0.183499617938533,2.633224438528347e-09,-0.1832327553529231,2.656254500330933e-09,-0.17581155872586
2.71625e-09,0.000198335123106235,2.688267197692431e-09,1.957031199112461e-05,2.665628273825575e-09,2.318977892117829e-05,2.678127250165466e-09,4.340092064886785e-05,2.71625e-09,-0.184977840517237,2.688267197692431e-09,-0.1826892424896092,2.665628273825575e-09,-0.1798765123016499,2.678127250165466e-09,-0.1699551645605111
2.737916666666665e-09,9.71120766812126e-05,2.694133598846216e-09,2.055490103733613e-05,2.682814136912788e-09,2.963376352216492e-05,2.7e-09,6.049004063787438e-05,2.737916666666665e-09,-0.1848585741835043,2.694133598846216e-09,-0.1821817472946996,2.682814136912788e-09,-0.1769695312951503,2.7e-09,-0.1614944407237638
2.775445184016757e-09,3.010387107778513e-05,2.7e-09,2.176571817737224e-05,2.7e-09,3.819470482860718e-05,2.705416666666667e-09,6.544508223131606e-05,2.775445184016757e-09,-0.1837013174540171,2.7e-09,-0.1815976676103165,2.7e-09,-0.1729634619498168,2.705416666666667e-09,-0.1588206995228731
2.803235978442548e-09,2.76265811805782e-05,2.705416666666667e-09,2.292562197836185e-05,2.705416666666667e-09,4.108796226199018e-05,2.71625e-09,7.735086509621517e-05,2.803235978442548e-09,-0.1816027034889831,2.705416666666667e-09,-0.1809620208852842,2.705416666666667e-09,-0.1713919748364685,2.71625e-09,-0.1529200195246158
2.816721712466075e-09,2.852899484232559e-05,2.710833333333333e-09,2.428938786730681e-05,2.712950843251293e-09,4.57701942682159e-05,2.732342932495671e-09,0.0001004722057294967,2.816721712466075e-09,-0.1800152120519351,2.710833333333333e-09,-0.1802844307362713,2.712950843251293e-09,-0.1690478464301376,2.732342932495671e-09,-0.1418846702925956
2.829231032497358e-09,3.051643126333638e-05,2.721666666666666e-09,2.789136117673053e-05,2.728019196420546e-09,5.77115345419097e-05,2.757049794764182e-09,0.000150783201198134,2.829231032497358e-09,-0.1781154803309117,2.721666666666666e-09,-0.1786680187518821,2.728019196420546e-09,-0.1633374613452871,2.757049794764182e-09,-0.1177486987907383
2.854249672559922e-09,3.849749255070096e-05,2.743333333333332e-09,3.711440549017999e-05,2.753355261670821e-09,8.467144910697659e-05,2.787640034823873e-09,0.0002407883082342296,2.854249672559922e-09,-0.1727648059060483,2.743333333333332e-09,-0.1742366610438653,2.753355261670821e-09,-0.1498337543917015,2.787640034823873e-09,-0.07106062642774562
2.8976625256588e-09,6.618089501659375e-05,2.772492138234477e-09,5.512066618713715e-05,2.784350492192237e-09,0.0001382219432907652,2.805319392588273e-09,0.0002976791832319559,2.8976625256588e-09,-0.1561670910179768,2.772492138234477e-09,-0.1649585953787593,2.784350492192237e-09,-0.1233134140041684,2.805319392588273e-09,-0.03422938670585217
2.944755594291215e-09,0.0001369785959706682,2.799286461506019e-09,8.116456368219384e-05,2.804296601497716e-09,0.0001930154932684303,2.834716794123353e-09,0.0003656549195592378,2.944755594291215e-09,-0.1182260568154984,2.799286461506019e-09,-0.1515220092953546,2.804296601497716e-09,-0.09749564484424465,2.834716794123353e-09,0.04016164572166983
2.982980856046477e-09,0.0002442692606630791,2.810492782880796e-09,9.668962590290468e-05,2.82336006904088e-09,0.0002536900003666634,2.847219789343645e-09,0.0003858005966893968,2.982980856046477e-09,-0.05949031487333765,2.810492782880796e-09,-0.1439592686658743,2.82336006904088e-09,-0.0643553933257841,2.847219789343645e-09,0.07563236361737879
3.017092359987754e-09,0.0003391712581626461,2.82465973106459e-09,0.0001211103741169173,2.840141474499488e-09,0.0003036954485537603,2.872225779784229e-09,0.0004071772598184168,3.017092359987754e-09,0.01963826545729922,2.82465973106459e-09,-0.1320825994617919,2.840141474499488e-09,-0.02830655728600498,2.872225779784229e-09,0.1494932060231668
3.046920315274525e-09,0.0003807022836422376,2.852993627432179e-09,0.0001927216489632588,2.870723767047427e-09,0.0003730439674262846,2.901034977113028e-09,0.0003583583915023876,3.046920315274525e-09,0.103205035012538,2.852993627432179e-09,-0.09742456497164069,2.870723767047427e-09,0.05059544202644433,2.901034977113028e-09,0.2282911301795097
3.077497811916251e-09,0.0003805413617466537,2.881641574994806e-09,0.0002825777533190807,2.898931033242461e-09,0.0004059153721616212,2.924184063110564e-09,0.0002130203533731714,3.077497811916251e-09,0.1926689216736735,2.881641574994806e-09,-0.04461625225870235,2.898931033242461e-09,0.1328846093422736,2.924184063110564e-09,0.2697004915209547
3.106506507153413e-09,0.0002394479165495218,2.92298109784174e-09,0.0003817286724701383,2.930373104095525e-09,0.0003723293717135723,2.94363703478869e-09,9.859827483163227e-05,3.106506507153413e-09,0.2577044929466611,2.92298109784174e-09,0.06023129724354877,2.930373104095525e-09,0.2212907716289368,2.94363703478869e-09,0.2860460806302277
3.127211525081269e-09,9.08615012702077e-05,2.956853704028977e-09,0.0004109084895287896,2.955969095291174e-09,0.0002183496046389318,2.967646967454751e-09,4.587766775027726e-05,3.127211525081269e-09,0.2814408566465502,2.956853704028977e-09,0.1603672054642708,2.955969095291174e-09,0.269278320002857,2.967646967454751e-09,0.2956510734675041
3.148998751751185e-09,2.450255633942773e-06,2.987517001723652e-09,0.0003287432652806041,2.975827600125012e-09,9.658689258963556e-05,2.98686975722307e-09,2.74805222512016e-05,3.148998751751185e-09,0.2929083864703686,2.987517001723652e-09,0.2402068768663292,2.975827600125012e-09,0.2861491737676292,2.98686975722307e-09,0.2996029192575966
3.172173149610502e-09,-4.355250661067242e-05,3.011125289013332e-09,0.0001736578025702764,3.00158982502969e-09,4.287760741460557e-05,3.011106837959033e-09,1.649642446972608e-05,3.172173149610502e-09,0.2988536469329607,3.011125289013332e-09,0.2764435361933191,3.00158982502969e-09,0.2962347458439358,3.011106837959033e-09,0.3026446589230563
3.193575292928512e-09,-7.219517418153302e-05,3.031424126295312e-09,7.162000310145988e-05,3.021045735579453e-09,2.514988156080296e-05,3.042827317466768e-09,7.813977230832416e-06,3.193575292928512e-09,0.301942356920656,3.031424126295312e-09,0.2898947218571362,3.021045735579453e-09,0.2999856129800656,3.042827317466768e-09,0.3048045676375487
3.222424414263079e-09,-0.0001013974302457264,3.053582685378289e-09,3.546416231610259e-05,3.038867460961957e-09,1.735846030102994e-05,3.063699204487904e-09,5.160671164922719e-06,3.222424414263079e-09,0.3043585916945781,3.053582685378289e-09,0.2970990880962769,3.038867460961957e-09,0.3022559798791415,3.063699204487904e-09,0.3055687290539891
3.24757059836992e-09,-0.000116966615585258,3.07286905057114e-09,1.833589968301556e-05,3.069993585847443e-09,7.814201047524362e-06,3.105442978530175e-09,1.563006213915194e-06,3.24757059836992e-09,0.3054845600224044,3.07286905057114e-09,0.300577975981456,3.069993585847443e-09,0.3046095472318985,3.105442978530175e-09,0.3063869367938954
3.297862966583603e-09,-9.575435839599205e-05,3.098778140600224e-09,5.765263064100383e-06,3.114122815753605e-09,1.302482907403658e-06,3.157916961120281e-09,-1.099765903363127e-07,3.297862966583603e-09,0.3065487778069597,3.098778140600224e-09,0.3034078750685449,3.114122815753605e-09,0.3060691117686679,3.157916961120281e-09,0.3067631959040203
3.35195235768098e-09,0.0001796888603062364,3.134271482602302e-09,-6.196614562980495e-06,3.173556886565226e-09,-2.635849505150927e-06,3.213680131797192e-09,-2.523722047583454e-06,3.35195235768098e-09,0.3070251661822452,3.134271482602302e-09,0.3053583182685232,3.173556886565226e-09,0.3067231160964722,3.213680131797192e-09,0.3069190136921756
3.429080985159902e-09,0.003286633638477155,3.186344694111687e-09,-2.188131581190412e-05,3.212443517470649e-09,-6.573443153604281e-06,3.262014682269814e-09,-5.09491157234878e-06,3.429080985159902e-09,0.3085370804582074,3.186344694111687e-09,0.306470915919397,3.212443517470649e-09,0.3068790334381537,3.262014682269814e-09,0.306958224422186
3.506455247585477e-09,0.02010816533130051,3.214960918381507e-09,-3.456632237502038e-05,3.285342192062743e-09,-1.888977161236226e-05,3.289520567905711e-09,-9.254498478993854e-06,3.506455247585477e-09,0.3156934254019961,3.214960918381507e-09,0.3066937285387311,3.285342192062743e-09,0.3069894280092108,3.289520567905711e-09,0.3069618647198767
3.575407734453673e-09,0.06913967113960616,3.272193366921147e-09,-7.515848288042162e-05,3.311734628228475e-09,-3.178714167982633e-05,3.344532339177505e-09,-2.084867863872108e-05,3.575407734453673e-09,0.336154759065968,3.272193366921147e-09,0.3069306996083269,3.311734628228475e-09,0.3069909044581056,3.344532339177505e-09,0.3069463237160761
3.635501951727814e-09,0.1832191717568875,3.305636721718094e-09,-0.0001160284195446394,3.364519500559939e-09,-6.903157192844424e-05,3.393428715111748e-09,-4.686831731861257e-05,3.635501951727814e-09,0.3831190564667588,3.305636721718094e-09,0.3069545081244207,3.364519500559939e-09,0.3069701838054283,3.393428715111748e-09,0.3069111386608583
3.677979474287715e-09,0.3303870998279345,3.368662693033801e-09,-0.0001598093011617275,3.416195811591745e-09,-0.0001315534914862255,3.449899327082804e-09,-0.0001075768653321465,3.677979474287715e-09,0.4444828209593354,3.368662693033801e-09,0.3069780616258578,3.416195811591745e-09,0.3069210989735834,3.449899327082804e-09,0.3068443481793685
3.717372940779972e-09,0.5065985365429087,3.428686197520874e-09,-3.357191855992733e-05,3.479101978949842e-09,-0.0001668816268671003,3.509766924601583e-09,-0.0001734475379912612,3.717372940779972e-09,0.5207120010289896,3.428686197520874e-09,0.3070160796384926,3.479101978949842e-09,0.3068626691517861,3.509766924601583e-09,0.3067638670872452
3.745885102424053e-09,0.642958287267888,3.491602692598008e-09,0.00124098235883622,3.539710081977926e-09,3.27431247531144e-05,3.587174273800324e-09,-6.39417150385283e-06,3.745885102424053e-09,0.5831671182165145,3.491602692598008e-09,0.3075338687152543,3.539710081977926e-09,0.3068960301880904,3.587174273800324e-09,0.3067562693544966
3.777221193187033e-09,0.7753922069303205,3.560047100295869e-09,0.009686278004106142,3.600838909707143e-09,0.001729112279015604,3.625572331435999e-09,0.0005413591462663317,3.777221193187033e-09,0.6476187652763123,3.560047100295869e-09,0.3110841482851648,3.600838909707143e-09,0.307561573974763,3.625572331435999e-09,0.3069492434379527
3.802155956765679e-09,0.8404729713376639,3.616776171704414e-09,0.03268596391530287,3.632061375119321e-09,0.004531975512257238,3.69131836444938e-09,0.005765621149569218,3.802155956765679e-09,0.6802160233921269,3.616776171704414e-09,0.3207747438587716,3.632061375119321e-09,0.3087296824200886,3.69131836444938e-09,0.309108893537667
3.823292488827997e-09,0.8654400414000651,3.681975891871277e-09,0.1066694610521713,3.662384645944327e-09,0.01026417628549553,3.755174076584474e-09,0.02591972178386628,3.823292488827997e-09,0.6929466646232717,3.681975891871277e-09,0.3514049021604879,3.662384645944327e-09,0.3111429182639185,3.755174076584474e-09,0.317598992520642
3.833151656133659e-09,0.8722770774627124,3.729958396885173e-09,0.2325098167188708,3.723031187594338e-09,0.03817830243255343,3.82244980376512e-09,0.09197868706102046,3.833151656133659e-09,0.6965125061257391,3.729958396885173e-09,0.4032732838297429,3.723031187594338e-09,0.3228680007267054,3.82244980376512e-09,0.3450189651259755
3.852869990744983e-09,0.8817881555999099,3.767116010110098e-09,0.386575239847986,3.780851959118359e-09,0.1079333234319992,3.873233687598194e-09,0.2158949498432577,3.852869990744983e-09,0.7015783319793416,3.767116010110098e-09,0.4681666107434233,3.780851959118359e-09,0.3517203612266477,3.873233687598194e-09,0.3960790512878866
3.876238872523119e-09,0.8885555127018041,3.808028085164981e-09,0.5875569846833731,3.826822211734022e-09,0.2303314776612223,3.91108951264367e-09,0.3688645968267766,3.876238872523119e-09,0.7053343656685651,3.808028085164981e-09,0.5570704475378251,3.826822211734022e-09,0.4021671278677956,3.91108951264367e-09,0.460288499159798
3.91127258571714e-09,0.8941644383918206,3.840345438203739e-09,0.7438296457017007,3.862666906703282e-09,0.3790812224962002,3.950066828190173e-09,0.560649074390961,3.91127258571714e-09,0.708664557718124,3.840345438203739e-09,0.6317147928429705,3.862666906703282e-09,0.4647620726661915,3.950066828190173e-09,0.5444601816330858
3.95342697018009e-09,0.897258183478338,3.868358024009391e-09,0.8346073683953834,3.904436613247002e-09,0.5849753931006213,3.984784612509093e-09,0.7330033109190084,3.95342697018009e-09,0.7107614214170775,3.868358024009391e-09,0.6769759407371349,3.904436613247002e-09,0.5556781554632859,3.984784612509093e-09,0.6260731921844928
4.011801834922968e-09,0.8988348267892171,3.888869266462088e-09,0.864263549160635,3.936476468343086e-09,0.7414480216414814,4.012927094470591e-09,0.830119097589163,4.011801834922968e-09,0.7121542441020496,3.888869266462088e-09,0.6920309805334436,3.936476468343086e-09,0.6303290286201448,4.012927094470591e-09,0.6744024937137613
4.080088335128273e-09,0.8993530650115364,3.914368926729341e-09,0.8812566541836639,3.964612926116422e-09,0.8340605941723357,4.033687290937433e-09,0.8630122743311964,4.080088335128273e-09,0.7129240542833692,3.914368926729341e-09,0.7009293256064043,3.964612926116422e-09,0.6764858679256988,4.033687290937433e-09,0.6910676113502379
4.177778549955098e-09,0.8995248678883613,3.93436052164384e-09,0.8878943053049628,3.985055545244025e-09,0.8641554908415262,4.057121116152964e-09,0.8799390807945566,4.177778549955098e-09,0.7134874531396767,3.93436052164384e-09,0.7045852507563222,3.985055545244025e-09,0.6917581102679632,4.057121116152964e-09,0.6998964744458418
4.260998548331343e-09,0.8994985693172699,3.958963415494473e-09,0.8928890013328823,4.010190040100474e-09,0.8811339094480767,4.077453005730534e-09,0.8873459005059037,4.260998548331343e-09,0.7137307905869313,3.958963415494473e-09,0.7074849463297972,4.010190040100474e-09,0.7006441049805939,4.077453005730534e-09,0.7039443616657108
4.346134201350236e-09,0.8994799183901201,3.991367535610903e-09,0.8964020180695529,4.030183270622695e-09,0.8878801082535112,4.100568015356028e-09,0.8923671677505111,4.346134201350236e-09,0.713903276998315,3.991367535610903e-09,0.7097246105139466,4.030183270622695e-09,0.7043553819861879,4.100568015356028e-09,0.7068381262303433
4.450234757248503e-09,0.8993862093146204,4.042675577104283e-09,0.8986149138699786,4.054407926776404e-09,0.8928351000759708,4.131721395998427e-09,0.8960577013295129,4.450234757248503e-09,0.7140077706005621,4.042675577104283e-09,0.7114692128689992,4.054407926776404e-09,0.7072304791345877,4.131721395998427e-09,0.7091584967496621
4.586043774704251e-09,0.8992488848816851,4.102750702639996e-09,0.899329203115284,4.086635793902409e-09,0.8963647427977645,4.178648972581689e-09,0.8983686345725885,4.586043774704251e-09,0.7140194611715539,4.102750702639996e-09,0.7123896224584582,4.086635793902409e-09,0.7094782419744083,4.178648972581689e-09,0.7109206044596791
4.689868602469571e-09,0.8990649421182751,4.171291616957065e-09,0.8995631398327296,4.136665541732712e-09,0.8985625592286801,4.238698242544991e-09,0.8992349645117379,4.689868602469571e-09,0.7137112263338965,4.171291616957065e-09,0.7129613140651005,4.136665541732712e-09,0.7112045096198357,4.238698242544991e-09,0.7119479145240938
4.803119195084606e-09,0.898773483161862,4.267620625492068e-09,0.899593627361053,4.196601224916024e-09,0.8993029204588109,4.304362343816112e-09,0.8994761886230317,4.803119195084606e-09,0.7099440627143001,4.267620625492068e-09,0.7133962801800433,4.196601224916024e-09,0.7121434437683282,4.304362343816112e-09,0.712531330451102
4.886511191373672e-09,0.8983607780589703,4.33792714095135e-09,0.8995731014180522,4.264769710043087e-09,0.8995339498495296,4.374842745579188e-09,0.8994779114628996,4.886511191373672e-09,0.6839803610615023,4.33792714095135e-09,0.7135884196434112,4.264769710043087e-09,0.7127170840229833,4.374842745579188e-09,0.7128769755162784
4.915669206164366e-09,0.8981024163274778,4.427384061168475e-09,0.8995261680711305,4.360952637802157e-09,0.8995455547885116,4.445842238524516e-09,0.8993714585423316,4.915669206164366e-09,0.6575630164349789,4.427384061168475e-09,0.7137539929975526,4.360952637802157e-09,0.7131470979804532,4.445842238524516e-09,0.7130675440608194
4.937484334924871e-09,0.8977993376477592,4.564292705548231e-09,0.8993952155601883,4.431388304296397e-09,0.8995001818923712,4.530206624192201e-09,0.8989426096916494,4.937484334924871e-09,0.6205010031967029,4.564292705548231e-09,0.7138949236859923,4.431388304296397e-09,0.7133293042787001,4.530206624192201e-09,0.7130579154848763
4.961199699176358e-09,0.8973844098903776,4.764292705548231e-09,0.8988501175791618,4.521299689641478e-09,0.8993369586833436,4.630557847893391e-09,0.8968009949692261,4.961199699176358e-09,0.5600086792351623,4.764292705548231e-09,0.7138267209575667,4.521299689641478e-09,0.7134383121257509,4.630557847893391e-09,0.7121470378139111
4.985649925588293e-09,0.8969497795416638,4.964292705548231e-09,0.8961291295797211,4.701122460331638e-09,0.8981004486803247,4.738168614390045e-09,0.8804299321425049,4.985649925588293e-09,0.4820546820627547,4.964292705548231e-09,0.7125224613972524,4.701122460331638e-09,0.7130724580890262,4.738168614390045e-09,0.7039716143773758
5.004635442443629e-09,0.8966655459703327,5.057286834254825e-09,0.8917790847866734,4.865842392271943e-09,0.8877999717559165,4.786767922703643e-09,0.854126650949808,5.004635442443629e-09,0.4161574273538718,5.057286834254825e-09,0.7101340202603204,4.865842392271943e-09,0.7080017447249123,4.786767922703643e-09,0.6906992374443196
5.017772659855344e-09,0.896579439611491,5.087545073719288e-09,0.8892339667364203,4.955425130454799e-09,0.8599947686013248,4.823494978227895e-09,0.8109292941139365,5.017772659855344e-09,0.3738288384631179,5.087545073719288e-09,0.7086255384468343,4.955425130454799e-09,0.6939832932014731,4.823494978227895e-09,0.6689220886760812
5.032859495985103e-09,0.8967220227377652,5.148061552648213e-09,0.8810881328374384,5.006354718232171e-09,0.8210127279323806,4.867375725679254e-09,0.6994679682455294,5.032859495985103e-09,0.3406337265806088,5.148061552648213e-09,0.7026724103667538,5.006354718232171e-09,0.6743192822678887,4.867375725679254e-09,0.6134881930578084
5.044054820359174e-09,0.8969005815396452,5.211325686105649e-09,0.8653512159248223,5.046760900581094e-09,0.7637858721067963,4.898292340421173e-09,0.5647652614979833,5.044054820359174e-09,0.3281593701296601,5.211325686105649e-09,0.6833914776177092,5.046760900581094e-09,0.6456182210517148,4.898292340421173e-09,0.5498396722244939
5.061615910826978e-09,0.8970141156733789,5.243913865291557e-09,0.8524976729294841,5.093294676367687e-09,0.6408885962987487,4.930304732242223e-09,0.3829069791049299,5.061615910826978e-09,0.3199723556788496,5.243913865291557e-09,0.6582679961137932,5.093294676367687e-09,0.5857351950004122,4.930304732242223e-09,0.4698054337081156
5.074407474902021e-09,0.8969596013936896,5.267352106273667e-09,0.8401472379446847,5.128298117182192e-09,0.5041132860199534,4.952435101586527e-09,0.2437102440707182,5.074407474902021e-09,0.3180704827109253,5.267352106273667e-09,0.624340773461861,5.128298117182192e-09,0.5231334160265202,4.952435101586527e-09,0.4112562079876884
5.088819916780846e-09,0.896822069788643,5.293918570588272e-09,0.82202682038851,5.160111405646037e-09,0.358494411219568,4.969963738229318e-09,0.1405849923745703,5.088819916780846e-09,0.3170695473685872,5.293918570588272e-09,0.5562767422088439,5.160111405646037e-09,0.4600373204361379,4.969963738229318e-09,0.3687528203954579
5.106134347571894e-09,0.8966043357843154,5.314432154615593e-09,0.8043286375761888,5.195565711728866e-09,0.1896334659974335,4.989297659256213e-09,0.06293557576269385,5.106134347571894e-09,0.3164983046010753,5.314432154615593e-09,0.4805168092156739,5.195565711728866e-09,0.3894274982553613,4.989297659256213e-09,0.3369518573176636
5.133901813629851e-09,0.896175525331661,5.341745240436234e-09,0.7733708480916748,5.217377222576178e-09,0.1032177050730443,5.003981562880639e-09,0.03342456486320678,5.133901813629851e-09,0.3159987252342696,5.341745240436234e-09,0.3602023324639407,5.217377222576178e-09,0.3538800286293025,5.003981562880639e-09,0.3247758431177054
5.173702272647764e-09,0.8953805281894615,5.356179049453464e-09,0.7523470080029427,5.239963000332959e-09,0.05069621099119984,5.020060042630034e-09,0.01760872225430483,5.173702272647764e-09,0.3153780162716053,5.356179049453464e-09,0.29464555220988,5.239963000332959e-09,0.3321399049913463,5.020060042630034e-09,0.3181977027198333
5.208736527555397e-09,0.894443831734015,5.367013523980207e-09,0.733827303933073,5.25958818745236e-09,0.02942314242772144,5.036242732374975e-09,0.00991471434354717,5.208736527555397e-09,0.3146865695301158,5.367013523980207e-09,0.2533132965568457,5.25958818745236e-09,0.3230579489888899,5.036242732374975e-09,0.3149587891449685
5.241870006637817e-09,0.8932578312008097,5.378102499145485e-09,0.7122575692150522,5.286087854021033e-09,0.01531626481584287,5.054191247171778e-09,0.005366628784243701,5.241870006637817e-09,0.3139027694844506,5.378102499145485e-09,0.222215289785719,5.286087854021033e-09,0.3164392973924772,5.054191247171778e-09,0.3130179318691783
5.274208618938414e-09,0.8917279467024598,5.389974974375663e-09,0.6860489643137614,5.306516709016105e-09,0.009431482572831927,5.07693911937097e-09,0.00245535184659986,5.274208618938414e-09,0.3129458195392397,5.389974974375663e-09,0.1975766854562576,5.306516709016105e-09,0.3129154788207545,5.07693911937097e-09,0.3117509728155917
5.306046369468827e-09,0.8897990055895661,5.403119846949186e-09,0.6532869377173433,5.334252978779101e-09,0.004694424306113382,5.109962648679971e-09,0.0008432170021000053,5.306046369468827e-09,0.3117623840370937,5.403119846949186e-09,0.1743167955910677,5.334252978779101e-09,0.3079209121476362,5.109962648679971e-09,0.3110190979558728
5.350327765260949e-09,0.8863008039558736,5.414924847489882e-09,0.6207477754010114,5.373040854688411e-09,0.001636601681271598,5.155774116504228e-09,0.0003390264377289062,5.350327765260949e-09,0.3096416062955009,5.414924847489882e-09,0.1540051084035856,5.373040854688411e-09,0.2948630521085388,5.155774116504228e-09,0.3107338816891149
5.437824527979391e-09,0.8756104830631539,5.429357845700841e-09,0.5774450013848615,5.41268940705908e-09,0.0004632919916795911,5.217426725693339e-09,0.00021578284530018,5.437824527979391e-09,0.3032384007953606,5.429357845700841e-09,0.1281778960207527,5.41268940705908e-09,0.2578290488774759,5.217426725693339e-09,0.3105646562047529
5.547364460178249e-09,0.8504700516621322,5.44793914111524e-09,0.5168393745273445,5.442926467634601e-09,-6.730469131931662e-05,5.285019867933236e-09,4.232085059487438e-05,5.547364460178249e-09,0.2882731727267064,5.44793914111524e-09,0.09290001668796777,5.442926467634601e-09,0.1879719742699623,5.285019867933236e-09,0.3102278927646276
5.681356916783012e-09,0.7829268500194766,5.477051329585651e-09,0.4131662888098049,5.465650151723778e-09,-0.0003872029454054276,5.334117226774425e-09,2.40907437365614e-05,5.681356916783012e-09,0.2481364098365805,5.477051329585651e-09,0.03374977969485473,5.465650151723778e-09,0.09977871074906303,5.334117226774425e-09,0.309631987808965
5.753915926309944e-09,0.7052824192021191,5.505245025137733e-09,0.3053564232328338,5.4877931449954e-09,-0.0005588801233264171,5.400408802825766e-09,-7.723949100770764e-06,5.753915926309944e-09,0.2021823654102115,5.505245025137733e-09,-0.0261537108412848,5.4877931449954e-09,-0.008102981958615699,5.400408802825766e-09,0.3047181404440028
5.829045551452944e-09,0.5743279278848776,5.534111698374029e-09,0.1935046233137466,5.501012369190776e-09,-0.0005657419626029598,5.449666390240636e-09,-7.416079197159252e-05,5.829045551452944e-09,0.1254952494103055,5.534111698374029e-09,-0.08595235280221825,5.501012369190776e-09,-0.07507544616972427,5.449666390240636e-09,0.284780250553395
5.898535060029577e-09,0.4250456622437088,5.568201101683217e-09,0.09000689417653232,5.5115717388374e-09,-0.0004784972209551888,5.475359739476471e-09,-0.0001735594295376352,5.898535060029577e-09,0.03988516129965183,5.568201101683217e-09,-0.1391112194125748,5.5115717388374e-09,-0.1217469079351978,5.475359739476471e-09,0.2566956406934295
5.96299332970363e-09,0.280003891846995,5.592231167189106e-09,0.05014773363962325,5.523561002928111e-09,-0.0002676675622858309,5.495362879361034e-09,-0.0003136173523073309,5.96299332970363e-09,-0.04043990235679983,5.592231167189106e-09,-0.1592271057565576,5.523561002928111e-09,-0.1575441231200111,5.495362879361034e-09,0.2144539012509661
6.023508947533748e-09,0.1555958042199726,5.618505892487946e-09,0.02904012727520601,5.533339010288312e-09,-8.923839645949435e-05,5.516417257050481e-09,-0.0005111029619008202,6.023508947533748e-09,-0.1060509304952139,5.618505892487946e-09,-0.1698651890038433,5.533339010288312e-09,-0.1729347077633901,5.516417257050481e-09,0.1415709787966087
6.08014641153326e-09,0.08148677091560647,5.648608202560154e-09,0.0167035781683928,5.543879857867925e-09,3.24916672590738e-05,5.53608827048899e-09,-0.0006618848146118535,6.08014641153326e-09,-0.1438460054543702,5.648608202560154e-09,-0.1761063058847907,5.543879857867925e-09,-0.1808538128149038,5.53608827048899e-09,0.04981772056939852
6.123496096005196e-09,0.05596116048390603,5.674499865434373e-09,0.01034241009872663,5.555319535369266e-09,8.924263925722578e-05,5.54981742914551e-09,-0.0007130804152662865,6.123496096005196e-09,-0.1567750802218969,5.674499865434373e-09,-0.179342962805899,5.555319535369266e-09,-0.1843773104878758,5.54981742914551e-09,-0.02224150325985689
6.161813338656165e-09,0.04206731995362256,5.709794252493746e-09,0.005281470232137078,5.567253354738227e-09,0.0001008475488684078,5.562815119028513e-09,-0.0006905537382995849,6.161813338656165e-09,-0.1638332702767303,5.709794252493746e-09,-0.1819385017053551,5.567253354738227e-09,-0.1857139799414343,5.562815119028513e-09,-0.08919505989353031
6.20254827709338e-09,0.03149561443398675,5.763721631443427e-09,0.001826675644919017,5.581837710068726e-09,9.014444202585371e-05,5.572918304144327e-09,-0.0005780275335694583,6.20254827709338e-09,-0.1692201044480106,5.763721631443427e-09,-0.1837440061179524,5.581837710068726e-09,-0.1862297512339095,5.572918304144327e-09,-0.1323638222553775
6.259075760363074e-09,0.02149660436068927,5.831994486881899e-09,0.0005548761051084828,5.601330719265551e-09,6.766258381864076e-05,5.583526047293047e-09,-0.0003788390516240429,6.259075760363074e-09,-0.1743449771821581,5.831994486881899e-09,-0.1844446112873355,5.601330719265551e-09,-0.1863383738646285,5.583526047293047e-09,-0.1619078289674541
6.345511543738154e-09,0.01215166392763304,5.919006422102306e-09,0.0001890073635956867,5.63032603862585e-09,4.19841171855533e-05,5.593247351055784e-09,-0.0002055241126114962,6.345511543738154e-09,-0.1791728718723363,5.919006422102306e-09,-0.1846687677579366,5.63032603862585e-09,-0.1862609600365303,5.593247351055784e-09,-0.1758508840667623
6.448059912763821e-09,0.006330581652521127,6.036523832761375e-09,0.0001051552758000991,5.664841368572908e-09,2.656380712518797e-05,5.602901950318758e-09,-9.768523090404972e-05,6.448059912763821e-09,-0.1822119124351102,6.036523832761375e-09,-0.1847220972088118,5.664841368572908e-09,-0.1861939556724589,5.602901950318758e-09,-0.1823517928629925
6.584457624360336e-09,0.002708088961756942,6.15589276800006e-09,2.720775370747915e-05,5.691858491570539e-09,2.201747698669727e-05,5.613618779080783e-09,-3.701367041083824e-05,6.584457624360336e-09,-0.1841102038351877,6.15589276800006e-09,-0.1847467050544958,5.691858491570539e-09,-0.1861212185027532,5.613618779080783e-09,-0.1853866382648453
6.753673247079342e-09,0.001073726291644148,6.270180210995493e-09,1.66784597604245e-05,5.718780868863802e-09,1.80062117479465e-05,5.625374411358149e-09,-9.806803254524934e-06,6.753673247079342e-09,-0.1849458205894723,6.270180210995493e-09,-0.1847281471689372,5.718780868863802e-09,-0.1860300101111389,5.625374411358149e-09,-0.1865794749572459
6.953673247079343e-09,0.0004016510800568065,6.31836197265482e-09,7.737625373386537e-06,5.747417957511618e-09,1.434440238654339e-05,5.640006109017762e-09,1.160843562007074e-06,6.953673247079343e-09,-0.1852389082743046,6.31836197265482e-09,-0.1847215189754971,5.747417957511618e-09,-0.185934968602697,5.640006109017762e-09,-0.1869901999218909
7.153673247079343e-09,0.0002125243262712719,6.414725495973473e-09,1.075069301213329e-05,5.781609906239537e-09,1.102684430015724e-05,5.659597069872207e-09,4.317147240202221e-06,7.153673247079343e-09,-0.1852662577691117,6.414725495973473e-09,-0.1846972453681254,5.781609906239537e-09,-0.1858352487606784,5.659597069872207e-09,-0.1870202104534558
7.353673247079343e-09,0.0001004844752773044,6.536003429162999e-09,4.162851563603925e-06,5.83535053666106e-09,8.014067934440083e-06,5.68866636217696e-09,4.589176197530204e-06,7.353673247079343e-09,-0.1852527510320969,6.536003429162999e-09,-0.1846726903736135,5.83535053666106e-09,-0.1857058251351585,5.68866636217696e-09,-0.1869016871209633
7.553673247079343e-09,8.054840102714745e-05,6.736003429162999e-09,6.448084673381184e-06,5.923817783231138e-09,5.684381180884633e-06,5.718195318934181e-09,4.588928439034967e-06,7.553673247079343e-09,-0.1851983414344524,6.736003429162999e-09,-0.1846293473663556,5.923817783231138e-09,-0.1855489617121935,5.718195318934181e-09,-0.1868154093326945
7.753673247079343e-09,4.109236189009904e-05,6.936003429162999e-09,1.573164966476474e-06,6.053414797757173e-09,4.10149113422384e-06,5.745185843277475e-09,4.920640564138116e-06,7.753673247079343e-09,-0.185160806910681,6.936003429162999e-09,-0.1845956946253214,6.053414797757173e-09,-0.1854010856332396,5.745185843277475e-09,-0.1867181255083067
7.953673247079343e-09,4.434236181028279e-05,7.136003429162999e-09,4.38024298378463e-06,6.249045791993705e-09,2.962705294111286e-06,5.771731705814226e-09,4.421445405221979e-06,7.953673247079343e-09,-0.1851091009657866,7.136003429162999e-09,-0.184563844817532,6.249045791993705e-09,-0.1852695173837623,5.771731705814226e-09,-0.1866040513799233
8.153673247079343e-09,2.348355533725743e-05,7.336003429162999e-09,7.928410706942498e-07,6.449045791993705e-09,2.257974215157298e-06,5.799093751270088e-09,3.789070997033032e-06,8.153673247079343e-09,-0.1850757790743277,7.336003429162999e-09,-0.1845403099452122,6.449045791993705e-09,-0.1851860830774948,5.799093751270088e-09,-0.1864921845233214
8.353673247079344e-09,3.068622377217282e-05,7.536003429162998e-09,3.301435438519156e-06,6.649045791993705e-09,1.89094821219834e-06,5.833104713828621e-09,3.243194876158781e-06,8.353673247079344e-09,-0.1850342255036007,7.536003429162998e-09,-0.1845180318797448,6.649045791993705e-09,-0.185123213232791,5.833104713828621e-09,-0.1863706284971886
8.553673247079344e-09,1.78590056974086e-05,7.736003429162999e-09,5.403444793786769e-07,6.849045791993705e-09,1.620147460694791e-06,5.889408348710761e-09,2.728216206520032e-06,8.553673247079344e-09,-0.1850077644831701,7.736003429162999e-09,-0.184501983266228,6.849045791993705e-09,-0.1850721567290413,5.889408348710761e-09,-0.1862057783848939
8.753673247079344e-09,2.556519659184461e-05,7.936003429162999e-09,2.666183067916023e-06,7.049045791993705e-09,1.441638456700446e-06,5.980802283596867e-09,2.286203986415964e-06,8.753673247079344e-09,-0.1849753377094245,7.936003429162999e-09,-0.1844863535759668,7.049045791993705e-09,-0.1850294664742455,5.980802283596867e-09,-0.1860113193163311
8.953673247079344e-09,1.762089948181384e-05,8.136003429162999e-09,5.10225026890959e-07,7.249045791993705e-09,1.341496379316477e-06,6.114047738303657e-09,1.955844712103795e-06,8.953673247079344e-09,-0.1849545741909396,8.136003429162999e-09,-0.1844756012658932,7.249045791993705e-09,-0.184993913493077,6.114047738303657e-09,-0.185829944939961
9.153673247079344e-09,2.545667981978348e-05,8.336003429162999e-09,2.261878952772332e-06,7.449045791993706e-09,1.215946678492361e-06,6.31193042484603e-09,1.644885590285223e-06,9.153673247079344e-09,-0.1849291087217097,8.336003429162999e-09,-0.1844649819818083,7.449045791993706e-09,-0.1849639684450336,6.31193042484603e-09,-0.1856702155988884
9.353673247079344e-09,2.135425157384032e-05,8.536003429162999e-09,5.498449746651912e-07,7.649045791993705e-09,1.194357871253145e-06,6.51193042484603e-09,1.464557136216127e-06,9.353673247079344e-09,-0.1849123968966777,8.536003429162999e-09,-0.1844579571733832,7.649045791993705e-09,-0.1849389759247485,6.51193042484603e-09,-0.1855676511454358
9.553673247079344e-09,2.995438095645191e-05,8.736003429162999e-09,1.966339524560277e-06,7.849045791993705e-09,1.093412933649094e-06,6.71193042484603e-09,1.33050646984023e-06,9.553673247079344e-09,-0.1848918172343877,8.736003429162999e-09,-0.1844508207892326,7.849045791993705e-09,-0.1849179539440581,6.71193042484603e-09,-0.1854893433159208
9.753673247079344e-09,2.996049539740798e-05,8.936003429162999e-09,6.374411461269143e-07,8.049045791993705e-09,1.105355228872908e-06,6.91193042484603e-09,1.245826437752274e-06,9.753673247079344e-09,-0.1848776947483446,8.936003429162999e-09,-0.1844463854304718,8.049045791993705e-09,-0.1849004507161785,6.91193042484603e-09,-0.1854252953933691
9.876836623539672e-09,3.782254537015146e-05,9.136003429163e-09,1.784752780126684e-06,8.249045791993705e-09,1.019831036766665e-06,7.11193042484603e-09,1.178702854155502e-06,9.876836623539672e-09,-0.1848659299877916,9.136003429163e-09,-0.1844417194158357,8.249045791993705e-09,-0.1848857834581128,7.11193042484603e-09,-0.1853714316924398
1e-08,3.927049755097328e-05,9.336003429163e-09,7.508103481908165e-07,8.449045791993705e-09,1.047489129383222e-06,7.31193042484603e-09,1.132096653404513e-06,1e-08,-0.1848580636290603,9.336003429163e-09,-0.184439075782137,8.449045791993705e-09,-0.1848736044385269,7.31193042484603e-09,-0.1853260892005945
  ,  ,9.536003429163e-09,1.681830504247316e-06,8.649045791993706e-09,9.736870463594775e-07,7.51193042484603e-09,1.097699641346779e-06,  ,  ,9.536003429163e-09,-0.1844361586755184,8.649045791993706e-09,-0.1848634284722792,7.51193042484603e-09,-0.1852877503094149
  ,  ,9.736003429163e-09,8.851115339289694e-07,8.849045791993706e-09,1.00824016062173e-06,7.71193042484603e-09,1.068418403350149e-06,  ,  ,9.736003429163e-09,-0.1844347732126227,8.849045791993706e-09,-0.1848550156445091,7.71193042484603e-09,-0.1852555773198531
  ,  ,9.8680017145815e-09,1.612398766921333e-06,9.049045791993706e-09,9.448096244024829e-07,7.91193042484603e-09,1.048871988864361e-06,  ,  ,9.8680017145815e-09,-0.1844334988476146,9.049045791993706e-09,-0.1848480231852726,7.91193042484603e-09,-0.1852283243476345
  ,  ,1e-08,1.045913460795924e-06,9.249045791993706e-09,9.814200110555445e-07,8.11193042484603e-09,1.029289442879177e-06,  ,  ,1e-08,-0.1844331059042084,9.249045791993706e-09,-0.1848422796339855,8.11193042484603e-09,-0.1852055115763773
  ,  ,  ,  ,9.449045791993706e-09,9.277947564621581e-07,8.31193042484603e-09,1.01712777254773e-06,  ,  ,  ,  ,9.449045791993706e-09,-0.1848373804179958,8.31193042484603e-09,-0.1851862553466675
  ,  ,  ,  ,9.649045791993706e-09,9.640373691761256e-07,8.51193042484603e-09,1.0029996056581e-06,  ,  ,  ,  ,9.649045791993706e-09,-0.1848335877828181,8.51193042484603e-09,-0.185170040235791
  ,  ,  ,  ,9.849045791993706e-09,9.199661080828657e-07,8.711930424846031e-09,9.949099633023741e-07,  ,  ,  ,  ,9.849045791993706e-09,-0.1848305128987557,8.711930424846031e-09,-0.1851562032154536
  ,  ,  ,  ,1e-08,9.546380756367063e-07,8.911930424846031e-09,9.83978867950128e-07,  ,  ,  ,  ,1e-08,-0.1848286131573638,8.911930424846031e-09,-0.1851448614315658
  ,  ,  ,  ,  ,  ,9.111930424846031e-09,9.782164434355497e-07,  ,  ,  ,  ,  ,  ,9.111930424846031e-09,-0.1851352312623142
  ,  ,  ,  ,  ,  ,9.311930424846031e-09,9.698063610740268e-07,  ,  ,  ,  ,  ,  ,9.311930424846031e-09,-0.185127268034738
  ,  ,  ,  ,  ,  ,9.511930424846031e-09,9.655906863059045e-07,  ,  ,  ,  ,  ,  ,9.511930424846031e-09,-0.185120499479796
  ,  ,  ,  ,  ,  ,9.711930424846031e-09,9.59096422678455e-07,  ,  ,  ,  ,  ,  ,9.711930424846031e-09,-0.1851149333334362
  ,  ,  ,  ,  ,  ,9.855965212423017e-09,9.566366796667931e-07,  ,  ,  ,  ,  ,  ,9.855965212423017e-09,-0.1851114142947525
  ,  ,  ,  ,  ,  ,1e-08,9.528479973886134e-07,  ,  ,  ,  ,  ,  ,1e-08,-0.1851084203105122
