/net1 X,/net1 Y,/net7 X,/net7 Y,/time X,/time Y,/net20 X,/net20 Y,/net6 X,/net6 Y
0,1.068102063115343e-06,0,0.8995792588257626,0,0.326712260417011,0,0.4735682645349243,0,0.0005050244920611178
5e-11,1.068803075052683e-06,5e-11,0.8995792476475185,5e-11,0.3267122542579644,5e-11,0.4737638808728754,5e-11,0.0005764479976547375
1.5e-10,1.067096977270582e-06,1.5e-10,0.8995789886709498,1.5e-10,0.3267121039618739,1.5e-10,0.4741671242144597,1.5e-10,0.0007210062983347463
3.5e-10,1.061731273441777e-06,3.5e-10,0.8995777999160746,3.5e-10,0.3267114150919051,3.5e-10,0.4749834238704951,3.5e-10,0.001010274716089371
5e-10,1.058081949618942e-06,5e-10,0.8995759637477041,5e-10,0.3267103529950559,5e-10,0.475610678035119,5e-10,0.001227299931464561
8.000000000000001e-10,1.057540986961061e-06,8.000000000000001e-10,0.899571595961975,8.000000000000001e-10,0.3267078297336342,8.000000000000001e-10,0.4769020035821877,8.000000000000001e-10,0.001225347937326298
1.371180377562777e-09,1.057887593275705e-06,1.371180377562777e-09,0.8995663655744313,1.371180377562777e-09,0.3267048077154259,1.371180377562777e-09,0.4793768611227642,1.371180377562777e-09,0.0009823965497140306
1.735590188781388e-09,1.058545154754926e-06,1.735590188781388e-09,0.8995665116033373,1.735590188781388e-09,0.3267048908243156,1.735590188781388e-09,0.4809657626201629,1.735590188781388e-09,0.0008484078587429878
1.917795094390694e-09,1.059041363631636e-06,1.917795094390694e-09,0.8995674923190298,1.917795094390694e-09,0.3267054564888969,1.917795094390694e-09,0.481758634787881,1.917795094390694e-09,0.0007867799021352207
2.008897547195347e-09,1.0625559600698e-06,2.008897547195347e-09,0.8995679614604752,2.008897547195347e-09,0.3267057284249169,2.008897547195347e-09,0.4828138422757592,2.008897547195347e-09,0.001002521529792894
2.049759377477777e-09,1.07817545042334e-06,2.049759377477777e-09,0.8995681595227962,2.049759377477777e-09,0.3267058491640922,2.049759377477777e-09,0.4859513195906801,2.049759377477777e-09,0.002089324393819319
2.131483038042638e-09,1.106342544891782e-06,2.131483038042638e-09,0.8995675328040961,2.131483038042638e-09,0.3267054987405715,2.131483038042638e-09,0.495059380306068,2.131483038042638e-09,0.005228668979062294
2.165741519021319e-09,1.119119735066509e-06,2.165741519021319e-09,0.899566359449911,2.165741519021319e-09,0.3267048263634266,2.165741519021319e-09,0.5003342298903456,2.165741519021319e-09,0.007124380023940256
2.2e-09,1.019616120691119e-06,2.2e-09,0.8995632902425397,2.2e-09,0.326703011847202,2.2e-09,0.5059462022146087,2.2e-09,0.009067759904924767
2.20325e-09,1.108443313807717e-06,2.20325e-09,0.8995630825485725,2.20325e-09,0.3267029291041316,2.20325e-09,0.508196772689702,2.20325e-09,0.01006925142754087
2.209750000000001e-09,1.0630695596653e-06,2.209750000000001e-09,0.8995623873691622,2.209750000000001e-09,0.3267025083258225,2.209750000000001e-09,0.5138235678343623,2.209750000000001e-09,0.01222974013208294
2.222750000000002e-09,1.00706486535486e-06,2.222750000000002e-09,0.899559600861084,2.222750000000002e-09,0.3267008768839578,2.222750000000002e-09,0.5262603496498431,2.222750000000002e-09,0.01673589253688047
2.237202055173164e-09,1.869109711374324e-06,2.237202055173164e-09,0.899556840610606,2.237202055173164e-09,0.3266996454726602,2.237202055173164e-09,0.539537635107704,2.237202055173164e-09,0.02169762383514698
2.255130225241961e-09,2.964626950519535e-06,2.255130225241961e-09,0.8995550271356894,2.255130225241961e-09,0.3266990592841512,2.255130225241961e-09,0.556195271189869,2.255130225241961e-09,0.02788668540191629
2.288313953769113e-09,5.017216902504386e-06,2.288313953769113e-09,0.8995455566503828,2.288313953769113e-09,0.3266944597996716,2.288313953769113e-09,0.5870323135070036,2.288313953769113e-09,0.03932275873103828
2.304082527065947e-09,7.72941304670631e-06,2.304082527065947e-09,0.8995346153030235,2.304082527065947e-09,0.326689290234955,2.304082527065947e-09,0.60306412942377,2.304082527065947e-09,0.04520691938642784
2.320633656277163e-09,9.146915599660343e-06,2.320633656277163e-09,0.8995122115840091,2.320633656277163e-09,0.3266769523389656,2.320633656277163e-09,0.623409159975426,2.320633656277163e-09,0.05274955403434028
2.334224111685339e-09,1.387718696406669e-05,2.334224111685339e-09,0.8994778596411868,2.334224111685339e-09,0.3266591265527843,2.334224111685339e-09,0.6411190833015736,2.334224111685339e-09,0.05904727142119451
2.356347615460494e-09,3.005953317302821e-05,2.356347615460494e-09,0.8993336864218854,2.356347615460494e-09,0.3265827280090939,2.356347615460494e-09,0.6696272336982633,2.356347615460494e-09,0.0692066160283432
2.385301063016131e-09,-6.156910091791559e-05,2.385301063016131e-09,0.8981284796935878,2.385301063016131e-09,0.3258480851033976,2.385301063016131e-09,0.7078234514299767,2.385301063016131e-09,0.08256951828237105
2.397205501750387e-09,-0.0001368466910677478,2.397205501750387e-09,0.8963494197608282,2.397205501750387e-09,0.3247889634228722,2.397205501750387e-09,0.7233063273934253,2.397205501750387e-09,0.08804603409773633
2.403030920518476e-09,-0.0001530061049205374,2.403030920518476e-09,0.894543345072169,2.403030920518476e-09,0.3237388154252324,2.403030920518476e-09,0.729410770414565,2.403030920518476e-09,0.08984119009043999
2.414681758054654e-09,-0.0002130178350459676,2.414681758054654e-09,0.886022310420192,2.414681758054654e-09,0.3187804269728572,2.414681758054654e-09,0.7356473966718703,2.414681758054654e-09,0.09132970479205244
2.419933848254872e-09,-0.000262796153238932,2.419933848254872e-09,0.8787330086850018,2.419933848254872e-09,0.3145268007964622,2.419933848254872e-09,0.7376495607021166,2.419933848254872e-09,0.09189624251084014
2.430438028655308e-09,-0.0004344569820462098,2.430438028655308e-09,0.849487155877224,2.430438028655308e-09,0.2973761037378796,2.430438028655308e-09,0.7421970304453008,2.430438028655308e-09,0.09310675567607035
2.44105760988318e-09,-0.0007234338732658359,2.44105760988318e-09,0.7869697768109779,2.44105760988318e-09,0.2604044752197333,2.44105760988318e-09,0.7464150156232837,2.44105760988318e-09,0.09432321898559028
2.451006365579457e-09,-0.001117770733775874,2.451006365579457e-09,0.6813827000528641,2.451006365579457e-09,0.1978510121608575,2.451006365579457e-09,0.750273056877035,2.451006365579457e-09,0.09545785924867912
2.4603488444543e-09,-0.001530477269435784,2.4603488444543e-09,0.5356638238440647,2.4603488444543e-09,0.1123905895796494,2.4603488444543e-09,0.7537900320050609,2.4603488444543e-09,0.09652281891603029
2.473501029845825e-09,-0.001943211681716512,2.473501029845825e-09,0.2772801131989117,2.473501029845825e-09,-0.03469729636275831,2.473501029845825e-09,0.7586543819815494,2.473501029845825e-09,0.09801631601448189
2.479566469701491e-09,-0.00188669582427291,2.479566469701491e-09,0.1605969406335977,2.479566469701491e-09,-0.09801544753551465,2.479566469701491e-09,0.7608608755137186,2.479566469701491e-09,0.09870979499492133
2.486325329181494e-09,-0.001514747678540069,2.486325329181494e-09,0.07075076411592593,2.486325329181494e-09,-0.1448352794689337,2.486325329181494e-09,0.7632984849343902,2.486325329181494e-09,0.09947891600754716
2.491361894954766e-09,-0.00114622932201174,2.491361894954766e-09,0.03461714552215235,2.491361894954766e-09,-0.163249093228045,2.491361894954766e-09,0.7650991517921001,2.491361894954766e-09,0.1000713053715421
2.497083089094419e-09,-0.0007888477079868245,2.497083089094419e-09,0.01437893493465477,2.497083089094419e-09,-0.1735493411632985,2.497083089094419e-09,0.7671285587214126,2.497083089094419e-09,0.1007549821288886
2.503035380775387e-09,-0.000531148439330512,2.503035380775387e-09,0.005633280709631615,2.503035380775387e-09,-0.1780996283964233,2.503035380775387e-09,0.7689684604208979,2.503035380775387e-09,0.1012912849886209
2.509125715068615e-09,-0.0003669216906875046,2.509125715068615e-09,0.002198920433387852,2.509125715068615e-09,-0.180014455746894,2.509125715068615e-09,0.7703725540982947,2.509125715068615e-09,0.1016081275568044
2.516361879485698e-09,-0.0002437273353001789,2.516361879485698e-09,0.0007408962914559345,2.516361879485698e-09,-0.1809789670724938,2.516361879485698e-09,0.7718352410626732,2.516361879485698e-09,0.1019452859699429
2.525673385482373e-09,-0.0001231995589130978,2.525673385482373e-09,0.0002032357700390912,2.525673385482373e-09,-0.1815208606955928,2.525673385482373e-09,0.7737379718748982,2.525673385482373e-09,0.1024012871800649
2.53549367886117e-09,1.505223604120741e-05,2.53549367886117e-09,6.45626869094848e-05,2.53549367886117e-09,-0.1818224378551887,2.53549367886117e-09,0.7756992996097689,2.53549367886117e-09,0.1029106854908306
2.546938161505711e-09,0.0002411193217556094,2.546938161505711e-09,2.795790605468582e-05,2.546938161505711e-09,-0.1820263637830256,2.546938161505711e-09,0.777949038930414,2.546938161505711e-09,0.1035108268620268
2.562250356539695e-09,0.0007312006319258234,2.562250356539695e-09,1.911736174311002e-05,2.562250356539695e-09,-0.1821163960145535,2.562250356539695e-09,0.7808883151895413,2.562250356539695e-09,0.1039790121209521
2.585053294649189e-09,0.002133379289932851,2.585053294649189e-09,1.642111794582712e-05,2.585053294649189e-09,-0.181806551239889,2.585053294649189e-09,0.7851349144506334,2.585053294649189e-09,0.104486669984559
2.6e-09,0.003703726712523981,2.6e-09,1.684832436851979e-05,2.6e-09,-0.1812300208714736,2.6e-09,0.7878387647648365,2.6e-09,0.1048338110732432
2.608125e-09,0.004923776249343431,2.608125e-09,1.762568569210502e-05,2.608125e-09,-0.1807210617864859,2.608125e-09,0.7874224305710005,2.608125e-09,0.1041446339171191
2.615815568450271e-09,0.006217682836795096,2.615815568450271e-09,1.884190391902889e-05,2.615815568450271e-09,-0.1801679065721875,2.615815568450271e-09,0.7867269806063891,2.615815568450271e-09,0.103452094069779
2.631196705350811e-09,0.009678697115377919,2.631196705350811e-09,2.267716121200142e-05,2.631196705350811e-09,-0.178618547397428,2.631196705350811e-09,0.7849347972299555,2.631196705350811e-09,0.1020223477943707
2.65863510774347e-09,0.01933405441084517,2.65863510774347e-09,3.182011791965225e-05,2.65863510774347e-09,-0.174124030047713,2.65863510774347e-09,0.7816974456353826,2.65863510774347e-09,0.09889610828018106
2.679317553871735e-09,0.03039864528289726,2.679317553871735e-09,4.260230570747938e-05,2.679317553871735e-09,-0.1688749441174877,2.679317553871735e-09,0.7790472116529582,2.679317553871735e-09,0.09628310958643481
2.7e-09,0.04605078724614301,2.7e-09,5.770393456039454e-05,2.7e-09,-0.1613890002093678,2.7e-09,0.7763285778922097,2.7e-09,0.09358008103288303
2.705416666666667e-09,0.05123294937571739,2.705416666666667e-09,6.226583975881674e-05,2.705416666666667e-09,-0.1589029048813749,2.705416666666667e-09,0.7737926452107847,2.705416666666667e-09,0.0924273181005075
2.714116370931644e-09,0.06023137772511437,2.714116370931644e-09,7.089485256698427e-05,2.714116370931644e-09,-0.15457941251841,2.714116370931644e-09,0.7689724831973653,2.714116370931644e-09,0.09020421820657308
2.728993419175997e-09,0.07903809941810823,2.728993419175997e-09,8.984926576942807e-05,2.728993419175997e-09,-0.1455193631638848,2.728993419175997e-09,0.7599832472114031,2.728993419175997e-09,0.08463547039271023
2.751768683422732e-09,0.1186114901800844,2.751768683422732e-09,0.0001294440540689126,2.751768683422732e-09,-0.126371953902312,2.751768683422732e-09,0.7462068946702279,2.751768683422732e-09,0.07163667825679958
2.779253215537801e-09,0.1908297516625948,2.779253215537801e-09,0.0002023602041029966,2.779253215537801e-09,-0.09100659172221054,2.779253215537801e-09,0.7289320371455071,2.779253215537801e-09,0.05057359945960838
2.809470564610195e-09,0.3045305319292232,2.809470564610195e-09,0.0002952562789086086,2.809470564610195e-09,-0.03304069312255278,2.809470564610195e-09,0.7117343628524411,2.809470564610195e-09,0.02466683782973639
2.850336940312559e-09,0.4971698608796604,2.850336940312559e-09,0.0003864473838942605,2.850336940312559e-09,0.07296237495397501,2.850336940312559e-09,0.6948006910437577,2.850336940312559e-09,-0.01834139197260447
2.865641434798891e-09,0.5758320156994741,2.865641434798891e-09,0.0004018340744085513,2.865641434798891e-09,0.1180815034447282,2.865641434798891e-09,0.6887719976296033,2.865641434798891e-09,-0.03779943401807984
2.896250423771556e-09,0.7282643207946931,2.896250423771556e-09,0.0003918306756017461,2.896250423771556e-09,0.2069065328867398,2.896250423771556e-09,0.6759266129849707,2.896250423771556e-09,-0.07946485222620997
2.92199453766491e-09,0.8214548560450002,2.92199453766491e-09,0.0002567678172234409,2.92199453766491e-09,0.2617033305876482,2.92199453766491e-09,0.6653933926244261,2.92199453766491e-09,-0.1158207616877246
2.941609445690171e-09,0.8574051965599981,2.941609445690171e-09,0.00012737124675591,2.941609445690171e-09,0.2826892320578969,2.941609445690171e-09,0.6570777096183433,2.941609445690171e-09,-0.1362501035155591
2.963731990348791e-09,0.8766842110925533,2.963731990348791e-09,5.863704083557688e-05,2.963731990348791e-09,0.2939076538859682,2.963731990348791e-09,0.6479261722960792,2.963731990348791e-09,-0.1537035604694946
2.984509391175532e-09,0.8857060270297717,2.984509391175532e-09,3.245565190137806e-05,2.984509391175532e-09,0.2991650440660885,2.984509391175532e-09,0.6391294129245306,2.984509391175532e-09,-0.1680041623101834
3.006469524671159e-09,0.891259685380741,3.006469524671159e-09,1.998686584710659e-05,3.006469524671159e-09,0.3024365342799128,3.006469524671159e-09,0.6309377292158435,3.006469524671159e-09,-0.1810575218992624
3.035199039657227e-09,0.8953654266657364,3.035199039657227e-09,1.037702133165478e-05,3.035199039657227e-09,0.3048836919015965,3.035199039657227e-09,0.6234129181148677,3.035199039657227e-09,-0.1943989964785491
3.056285086771296e-09,0.8970127262434006,3.056285086771296e-09,6.71988509368846e-06,3.056285086771296e-09,0.3058951616631532,3.056285086771296e-09,0.6182311378996455,3.056285086771296e-09,-0.2019482354580482
3.094565931032164e-09,0.8985804635278072,3.094565931032164e-09,2.375250368948874e-06,3.094565931032164e-09,0.3068859465020031,3.094565931032164e-09,0.6083015380602809,3.094565931032164e-09,-0.2138271338391278
3.143377809989496e-09,0.8992899514403232,3.143377809989496e-09,4.17734408421811e-07,3.143377809989496e-09,0.3073818947769638,3.143377809989496e-09,0.5959504761363128,3.143377809989496e-09,-0.2226561727084603
3.206330067836962e-09,0.8995751141417286,3.206330067836962e-09,-2.135209222396765e-06,3.206330067836962e-09,0.3076014103487567,3.206330067836962e-09,0.5804370869051269,3.206330067836962e-09,-0.2217942131933181
3.233484054974865e-09,0.8996127786560579,3.233484054974865e-09,-3.380669506860603e-06,3.233484054974865e-09,0.307635636099116,3.233484054974865e-09,0.5767718285163338,3.233484054974865e-09,-0.2156129488157514
3.260129119678576e-09,0.899632386897625,3.260129119678576e-09,-5.587286115304053e-06,3.260129119678576e-09,0.3076468153625986,3.260129119678576e-09,0.5733515860733132,3.260129119678576e-09,-0.2042738523028837
3.306800966414326e-09,0.8996479579357837,3.306800966414326e-09,-1.194185621314337e-05,3.306800966414326e-09,0.3076475138033281,3.306800966414326e-09,0.5671092806377933,3.306800966414326e-09,-0.1791584328002058
3.347682610922771e-09,0.8996521581963679,3.347682610922771e-09,-2.363901940451343e-05,3.347682610922771e-09,0.3076237276617895,3.347682610922771e-09,0.5617572991643665,3.347682610922771e-09,-0.1574810485668552
3.396243718302239e-09,0.8996541131099072,3.396243718302239e-09,-5.1262181911381e-05,3.396243718302239e-09,0.3075813614550469,3.396243718302239e-09,0.5552438168614938,3.396243718302239e-09,-0.1359302958414089
3.4578802947009e-09,0.8996551876614571,3.4578802947009e-09,-0.000124245595012481,3.4578802947009e-09,0.3074929582576608,3.4578802947009e-09,0.5470982359348716,3.4578802947009e-09,-0.1100747965051679
3.516135104581481e-09,0.8996561984277421,3.516135104581481e-09,-0.0001770279579092933,3.516135104581481e-09,0.3074100077144757,3.516135104581481e-09,0.5392932126569768,3.516135104581481e-09,-0.08698707222508884
3.541368259158052e-09,0.8996567295780059,3.541368259158052e-09,-0.0001620480156493492,3.541368259158052e-09,0.3073856502303501,3.541368259158052e-09,0.5359812567736424,3.541368259158052e-09,-0.0782857279372605
3.591834568311193e-09,0.8996577756862139,3.591834568311193e-09,6.64088818398045e-05,3.591834568311193e-09,0.3074238547406593,3.591834568311193e-09,0.5292319221766869,3.591834568311193e-09,-0.06461738498231005
3.627337955604354e-09,0.8996602199493672,3.627337955604354e-09,0.0007388171625424903,3.627337955604354e-09,0.3076666557061359,3.627337955604354e-09,0.526844408243613,3.627337955604354e-09,-0.05562851172445569
3.673791091325447e-09,0.8996689698212591,3.673791091325447e-09,0.003915577911390561,3.673791091325447e-09,0.3089717968191713,3.673791091325447e-09,0.5248766245584301,3.673791091325447e-09,-0.04424392287230712
3.749683775879216e-09,0.8997104563228663,3.749683775879216e-09,0.02569539121207242,3.749683775879216e-09,0.3181573637041167,3.749683775879216e-09,0.5214870747872988,3.749683775879216e-09,-0.0280780046036975
3.815886830261993e-09,0.8998125400673248,3.815886830261993e-09,0.08848707559789842,3.815886830261993e-09,0.3442777512321813,3.815886830261993e-09,0.5186101401056408,3.815886830261993e-09,-0.01886333191465685
3.868177591305122e-09,0.9000088850468231,3.868177591305122e-09,0.2143586979852121,3.868177591305122e-09,0.396187767904561,3.868177591305122e-09,0.5162576241416341,3.868177591305122e-09,-0.01321424898509187
3.906261860587397e-09,0.9001633902704613,3.906261860587397e-09,0.3679664770079186,3.906261860587397e-09,0.4607153656621804,3.906261860587397e-09,0.514624614930689,3.906261860587397e-09,-0.009319191065531855
3.945393756624156e-09,0.9002142376438413,3.945393756624156e-09,0.5612515447433398,3.945393756624156e-09,0.5457048028223124,3.945393756624156e-09,0.5128802065404673,3.945393756624156e-09,-0.005662954070419696
3.980960598884717e-09,0.9001440089083208,3.980960598884717e-09,0.7380923851492582,3.980960598884717e-09,0.6297633805791305,3.980960598884717e-09,0.5113695664285156,3.980960598884717e-09,-0.002393360379471548
4.008862338905309e-09,0.8999435151376309,4.008862338905309e-09,0.8330826848082856,4.008862338905309e-09,0.6771386387581811,4.008862338905309e-09,0.5101434256527265,4.008862338905309e-09,-1.777418001465836e-05
4.02956915472558e-09,0.8997880592707076,4.02956915472558e-09,0.8647567373455033,4.02956915472558e-09,0.6932240500202442,4.02956915472558e-09,0.509280636410873,4.02956915472558e-09,0.001782993279157284
4.053202964315388e-09,0.8997177856423896,4.053202964315388e-09,0.8811765921038136,4.053202964315388e-09,0.7018358821846375,4.053202964315388e-09,0.5082620551252801,4.053202964315388e-09,0.003666481558074307
4.073169968675151e-09,0.8996956329583621,4.073169968675151e-09,0.8881723216208218,4.073169968675151e-09,0.7056986922517599,4.073169968675151e-09,0.507435545509756,4.073169968675151e-09,0.005274439266518897
4.096561113953478e-09,0.8996830234860207,4.096561113953478e-09,0.893053314751627,4.096561113953478e-09,0.7085562516100488,4.096561113953478e-09,0.5064483623760458,4.096561113953478e-09,0.007075354149886142
4.12813237841625e-09,0.899674025724469,4.12813237841625e-09,0.8965576152744694,4.12813237841625e-09,0.7108258151433792,4.12813237841625e-09,0.5051514542691541,4.12813237841625e-09,0.009465837356536904
4.175947450796845e-09,0.899668625595005,4.175947450796845e-09,0.8986568697737169,4.175947450796845e-09,0.7125375618200755,4.175947450796845e-09,0.5031930657623818,4.175947450796845e-09,0.01166271739863221
4.23217393261078e-09,0.8996677711153174,4.23217393261078e-09,0.8993561936468439,4.23217393261078e-09,0.7134879326898833,4.23217393261078e-09,0.5009444410734921,4.23217393261078e-09,0.01301718270396253
4.295735278569048e-09,0.8996675878211446,4.295735278569048e-09,0.8995855973360792,4.295735278569048e-09,0.714095371391022,4.295735278569048e-09,0.498430176727429,4.295735278569048e-09,0.01414143423113864
4.389377397057138e-09,0.8996670598646617,4.389377397057138e-09,0.8996228315941033,4.389377397057138e-09,0.7145986028390975,4.389377397057138e-09,0.4948066355638251,4.389377397057138e-09,0.01543368606920887
4.45574243783969e-09,0.8996665633440756,4.45574243783969e-09,0.8996001854116727,4.45574243783969e-09,0.7148140061721016,4.45574243783969e-09,0.4922719271381091,4.45574243783969e-09,0.01617829751125106
4.540999831227549e-09,0.8996598793512638,4.540999831227549e-09,0.8995453984488117,4.540999831227549e-09,0.7149962937467966,4.540999831227549e-09,0.4890736957196374,4.540999831227549e-09,0.01706164234987764
4.679713980434972e-09,0.8994804752110911,4.679713980434972e-09,0.8992955923274952,4.679713980434972e-09,0.715023549766021,4.679713980434972e-09,0.4839410641296017,4.679713980434972e-09,0.0182013520565403
4.739838781861423e-09,0.8989614277933794,4.739838781861423e-09,0.8990352276166924,4.739838781861423e-09,0.7147148633884431,4.739838781861423e-09,0.4817507105466015,4.739838781861423e-09,0.01865431970878149
4.758423220785561e-09,0.8984744431756788,4.758423220785561e-09,0.8989093544772777,4.758423220785561e-09,0.71443288492886,4.758423220785561e-09,0.48107062438656,4.758423220785561e-09,0.01876456700017737
4.795592098633838e-09,0.8945657998278681,4.795592098633838e-09,0.8985364228617797,4.795592098633838e-09,0.7123522324289966,4.795592098633838e-09,0.4797252026901221,4.795592098633838e-09,0.01904258172514032
4.8362819098499e-09,0.8693025197009772,4.8362819098499e-09,0.8977797744846804,4.8362819098499e-09,0.6995150768525955,4.8362819098499e-09,0.4782471135321382,4.8362819098499e-09,0.01928258122450113
4.857512982431856e-09,0.8281280245498613,4.857512982431856e-09,0.8970870327696251,4.857512982431856e-09,0.6788688273649403,4.857512982431856e-09,0.477478832879919,4.857512982431856e-09,0.01943539611889921
4.873152533199889e-09,0.7653631242636821,4.873152533199889e-09,0.8963208291627457,4.873152533199889e-09,0.6477767400198446,4.873152533199889e-09,0.4769087330840761,4.873152533199889e-09,0.01951652176179003
4.890052432375786e-09,0.6455436328605739,4.890052432375786e-09,0.8951436699564159,4.890052432375786e-09,0.5902311263075943,4.890052432375786e-09,0.4762956925556087,4.890052432375786e-09,0.01964141515862117
4.904559935729762e-09,0.4957264510158066,4.904559935729762e-09,0.8938256542307775,4.904559935729762e-09,0.5222862597086656,4.904559935729762e-09,0.4757664267640334,4.904559935729762e-09,0.01970764803766279
4.917495735909077e-09,0.3332259096947831,4.917495735909077e-09,0.8924627357599845,4.917495735909077e-09,0.4520365694298288,4.917495735909077e-09,0.475296547917904,4.917495735909077e-09,0.01979916505432332
4.926830450755687e-09,0.2092622495899608,4.926830450755687e-09,0.8914241411847104,4.926830450755687e-09,0.3999407563288365,4.926830450755687e-09,0.4749569172451684,4.926830450755687e-09,0.01983600335540495
4.934263520467847e-09,0.1223875776786013,4.934263520467847e-09,0.8906767256123396,4.934263520467847e-09,0.3639692436221173,4.934263520467847e-09,0.47468763530924,4.934263520467847e-09,0.01989518333119596
4.942242661352305e-09,0.05830103101044658,4.942242661352305e-09,0.890022076998544,4.942242661352305e-09,0.3375411917885388,4.942242661352305e-09,0.4743983240224535,4.942242661352305e-09,0.01992516563813561
4.949475906474303e-09,0.02670436237635617,4.949475906474303e-09,0.8894385414181939,4.949475906474303e-09,0.3243223331452212,4.949475906474303e-09,0.4741375159496596,4.949475906474303e-09,0.01998200525012791
4.95696488567786e-09,0.0110716656089598,4.95696488567786e-09,0.8886643595898172,4.95696488567786e-09,0.3174674320372727,4.95696488567786e-09,0.4738667797636407,4.95696488567786e-09,0.02000946016886386
4.965279795206961e-09,0.004090606043782946,4.965279795206961e-09,0.8875004388092641,4.965279795206961e-09,0.3139090759729778,4.965279795206961e-09,0.4735658960972785,4.965279795206961e-09,0.02006666542008281
4.973984881270673e-09,0.001694544776101475,4.973984881270673e-09,0.8859128934899102,4.973984881270673e-09,0.311973779825216,4.973984881270673e-09,0.4732506569900207,4.973984881270673e-09,0.02009729428888229
4.984504201902139e-09,0.0008794301395622095,4.984504201902139e-09,0.883496261960118,4.984504201902139e-09,0.3101927099645003,4.984504201902139e-09,0.4728724130803693,4.984504201902139e-09,0.02016470142265955
4.998288930352558e-09,0.0005136904708071647,4.998288930352558e-09,0.8794658680644972,4.998288930352558e-09,0.307636794640084,4.998288930352558e-09,0.4723826554337054,4.998288930352558e-09,0.02022265046396939
5.01182503378209e-09,0.0002602287571556114,5.01182503378209e-09,0.874395923420501,5.01182503378209e-09,0.3045161923755378,5.01182503378209e-09,0.4722476423633212,5.01182503378209e-09,0.02044333916502419
5.032763890181835e-09,3.1670698565409e-05,5.032763890181835e-09,0.863559416403503,5.032763890181835e-09,0.2979888744155471,5.032763890181835e-09,0.4722638587425402,5.032763890181835e-09,0.02080739481318418
5.050134289773963e-09,-3.157589829914803e-05,5.050134289773963e-09,0.8508253594027386,5.050134289773963e-09,0.2904099468011826,5.050134289773963e-09,0.4722150693809152,5.050134289773963e-09,0.02111739859373327
5.068215437191946e-09,-6.591617989732136e-05,5.068215437191946e-09,0.8325239850832298,5.068215437191946e-09,0.2795409356854587,5.068215437191946e-09,0.4722202497672959,5.068215437191946e-09,0.02141334802939266
5.090041747244904e-09,-0.0001103784565775142,5.090041747244904e-09,0.8012165091771811,5.090041747244904e-09,0.2609536528825697,5.090041747244904e-09,0.4721854186033345,5.090041747244904e-09,0.02179182794114058
5.125877738959255e-09,-0.0002332177803611372,5.125877738959255e-09,0.7099827222441747,5.125877738959255e-09,0.2069334891920887,5.125877738959255e-09,0.4721754784048415,5.125877738959255e-09,0.02238539560988792
5.152536963448715e-09,-0.0003462413132911784,5.152536963448715e-09,0.6003221867024762,5.152536963448715e-09,0.1426128482805556,5.152536963448715e-09,0.472147747259142,5.152536963448715e-09,0.02284453093365637
5.184147506593835e-09,-0.0004343018769732139,5.184147506593835e-09,0.4300274835392319,5.184147506593835e-09,0.0446914700743762,5.184147506593835e-09,0.4721402899342336,5.184147506593835e-09,0.02336270868030128
5.208712132554839e-09,-0.0004525702648397313,5.208712132554839e-09,0.2791265415412766,5.208712132554839e-09,-0.03900289372440755,5.208712132554839e-09,0.4721178994284174,5.208712132554839e-09,0.02377004901981499
5.236488502728069e-09,-0.000360387387703368,5.236488502728069e-09,0.1226937332562024,5.236488502728069e-09,-0.1211530375035785,5.236488502728069e-09,0.4721073758207132,5.236488502728069e-09,0.02420754820288572
5.256375295346029e-09,-0.000200267796066812,5.256375295346029e-09,0.05216797639583439,5.256375295346029e-09,-0.1568863217102161,5.256375295346029e-09,0.4720871428683374,5.256375295346029e-09,0.02453575851179425
5.273033362519355e-09,-8.359452044514011e-05,5.273033362519355e-09,0.02592799156955296,5.273033362519355e-09,-0.1701047128254137,5.273033362519355e-09,0.4720771730474018,5.273033362519355e-09,0.02478783153055234
5.288965045865496e-09,-3.974398287068931e-05,5.288965045865496e-09,0.01422997517161367,5.288965045865496e-09,-0.1760393951607397,5.288965045865496e-09,0.4720581528106608,5.288965045865496e-09,0.02504683841957256
5.304914656566376e-09,-1.91630327692324e-05,5.304914656566376e-09,0.008257472888160748,5.304914656566376e-09,-0.1791076838116875,5.304914656566376e-09,0.4720421133181614,5.304914656566376e-09,0.02528328008692416
5.324289032248327e-09,-8.911941150875603e-06,5.324289032248327e-09,0.004260725934691262,5.324289032248327e-09,-0.1812016833004312,5.324289032248327e-09,0.4720145752846193,5.324289032248327e-09,0.02559023556670565
5.350045993843839e-09,-1.972393518431072e-06,5.350045993843839e-09,0.001759902169093746,5.350045993843839e-09,-0.1825651173730661,5.350045993843839e-09,0.4719749439252396,5.350045993843839e-09,0.02597194530569527
5.388474740956022e-09,1.297339638545556e-06,5.388474740956022e-09,0.0005624670406731078,5.388474740956022e-09,-0.1833016433858192,5.388474740956022e-09,0.4718972807574691,5.388474740956022e-09,0.0265569107961319
5.439203858987721e-09,1.574130065470526e-06,5.439203858987721e-09,0.0002857480984288776,5.439203858987721e-09,-0.1835714881516615,5.439203858987721e-09,0.4717675881536081,5.439203858987721e-09,0.02729061925283606
5.508882116130987e-09,1.351092636727359e-06,5.508882116130987e-09,0.0001361395653385818,5.508882116130987e-09,-0.1837574327176213,5.508882116130987e-09,0.4715380451762121,5.508882116130987e-09,0.0283323565008769
5.561234892056531e-09,1.296879472777045e-06,5.561234892056531e-09,4.086669293228651e-05,5.561234892056531e-09,-0.1838510679561421,5.561234892056531e-09,0.4713403919143361,5.561234892056531e-09,0.02881932387937812
5.618375911648496e-09,1.261968541084619e-06,5.618375911648496e-09,1.440462775352063e-05,5.618375911648496e-09,-0.1838903417135612,5.618375911648496e-09,0.4711115318563046,5.618375911648496e-09,0.02887020443152745
5.676077382678293e-09,1.107517446133137e-06,5.676077382678293e-09,1.365960440731483e-05,5.676077382678293e-09,-0.1838993552583411,5.676077382678293e-09,0.4708789544231696,5.676077382678293e-09,0.0287595853870681
5.728901505087723e-09,1.092021759693729e-06,5.728901505087723e-09,7.673011506621481e-06,5.728901505087723e-09,-0.1838994989842408,5.728901505087723e-09,0.4706699703319958,5.728901505087723e-09,0.02862171637589734
5.82692734229535e-09,1.044344200262553e-06,5.82692734229535e-09,6.646939209358158e-06,5.82692734229535e-09,-0.1838778625418028,5.82692734229535e-09,0.4703202958222984,5.82692734229535e-09,0.02828276263841275
5.989332273328472e-09,1.020515199744157e-06,5.989332273328472e-09,2.818004433890649e-06,5.989332273328472e-09,-0.1838193910697731,5.989332273328472e-09,0.4698881795195482,5.989332273328472e-09,0.02767568925099081
6.208930151062243e-09,1.009152834020197e-06,6.208930151062243e-09,3.160119154915985e-06,6.208930151062243e-09,-0.1837249562025247,6.208930151062243e-09,0.4695953275145294,6.208930151062243e-09,0.02678510337177107
6.518531043081684e-09,1.01388709750606e-06,6.518531043081684e-09,1.009593742663094e-06,6.518531043081684e-09,-0.1836039237658011,6.518531043081684e-09,0.4695283007928542,6.518531043081684e-09,0.02559399074059842
6.947111036576415e-09,1.02938243105999e-06,6.947111036576415e-09,1.957202471896542e-06,6.947111036576415e-09,-0.1834709392697053,6.947111036576415e-09,0.4696636197654679,6.947111036576415e-09,0.02400713499928088
7.502448650724493e-09,1.041649634813921e-06,7.502448650724493e-09,4.363534169870922e-07,7.502448650724493e-09,-0.1833532422669727,7.502448650724493e-09,0.4698906331954491,7.502448650724493e-09,0.0221141842733505
8.098753408809539e-09,1.052531960420659e-06,8.098753408809539e-09,1.549144526136618e-06,8.098753408809539e-09,-0.1832719565685779,8.098753408809539e-09,0.4701340192724805,8.098753408809539e-09,0.02023741216991074
8.79477152632216e-09,1.056650814568549e-06,8.79477152632216e-09,2.086188345961413e-07,8.79477152632216e-09,-0.1832166491676354,8.79477152632216e-09,0.4704176305489748,8.79477152632216e-09,0.01827907938758788
9.654448438932565e-09,1.063068686037345e-06,9.654448438932565e-09,1.248505617334851e-06,9.654448438932565e-09,-0.1831790291957194,9.654448438932565e-09,0.4707677892365762,9.654448438932565e-09,0.01612147818641879
1.065444843893257e-08,1.062924320089529e-06,1.065444843893257e-08,-1.548936314336015e-07,1.065444843893257e-08,-0.1831598583501665,1.065444843893257e-08,0.4711732491941611,1.065444843893257e-08,0.01396705388267649
1.165444843893257e-08,1.066623020906467e-06,1.165444843893257e-08,7.234359339829101e-07,1.165444843893257e-08,-0.1831514001247891,1.165444843893257e-08,0.4715785942376655,1.165444843893257e-08,0.01210555912608833
1.265444843893257e-08,1.064516070300324e-06,1.265444843893257e-08,-6.245789916198473e-07,1.265444843893257e-08,-0.1831491469156778,1.265444843893257e-08,0.4719823849269104,1.265444843893257e-08,0.01054149860021909
1.365444843893257e-08,1.06851154971643e-06,1.365444843893257e-08,2.857435860772094e-06,1.365444843893257e-08,-0.1831465625952138,1.365444843893257e-08,0.4723889046581781,1.365444843893257e-08,0.009200705412546022
1.452171971115892e-08,1.082808777947478e-06,1.452171971115892e-08,0.0001187656510531623,1.452171971115892e-08,-0.1830884166940413,1.452171971115892e-08,0.472743891704274,1.452171971115892e-08,0.008217330020493118
1.524415481483569e-08,1.370204686865301e-06,1.524415481483569e-08,0.001888148506106612,1.524415481483569e-08,-0.1821999425677662,1.524415481483569e-08,0.4730379626519216,1.524415481483569e-08,0.007486416917139654
1.612870769859444e-08,4.355523570614553e-06,1.612870769859444e-08,0.02608624660522809,1.612870769859444e-08,-0.1700494592349945,1.612870769859444e-08,0.473390784038722,1.612870769859444e-08,0.006737833437294422
1.652060104760839e-08,1.168305780922818e-05,1.652060104760839e-08,0.06775034695367768,1.652060104760839e-08,-0.1491099398313746,1.652060104760839e-08,0.473547225037619,1.652060104760839e-08,0.006420192325294696
1.673502118671938e-08,2.041464091086514e-05,1.673502118671938e-08,0.1166637633466502,1.673502118671938e-08,-0.1244279530671391,1.673502118671938e-08,0.4736319168502596,1.673502118671938e-08,0.006269793485416644
1.689475499928401e-08,3.674432285173292e-05,1.689475499928401e-08,0.1831083342349003,1.689475499928401e-08,-0.09048140525835405,1.689475499928401e-08,0.4736954851690373,1.689475499928401e-08,0.006149418756354687
1.707162298640347e-08,5.824536224109732e-05,1.707162298640347e-08,0.3022407673977598,1.707162298640347e-08,-0.02746284183277066,1.707162298640347e-08,0.4737644059302108,1.707162298640347e-08,0.006036879980703093
1.723737388806423e-08,6.69861931736039e-05,1.723737388806423e-08,0.4417518366151734,1.723737388806423e-08,0.04995037195214475,1.723737388806423e-08,0.4738297051322249,1.723737388806423e-08,0.005917872507161364
1.739584473835012e-08,7.075151685073071e-05,1.739584473835012e-08,0.5832218216754933,1.739584473835012e-08,0.1311017079376775,1.739584473835012e-08,0.4738917950405412,1.739584473835012e-08,0.005825878547071832
1.754427526965135e-08,6.792289946775975e-05,1.754427526965135e-08,0.7132497596890293,1.754427526965135e-08,0.2071794979852375,1.754427526965135e-08,0.4739511521821625,1.754427526965135e-08,0.005724529760203135
1.763987224148755e-08,4.400212691561383e-05,1.763987224148755e-08,0.7779808084357266,1.763987224148755e-08,0.245411760678553,1.763987224148755e-08,0.4739889774899197,1.763987224148755e-08,0.005675612815730887
1.774467358819931e-08,1.922119501903018e-05,1.774467358819931e-08,0.8163341276227301,1.774467358819931e-08,0.2680927242510382,1.774467358819931e-08,0.4740316722081406,1.774467358819931e-08,0.005603599226391046
1.78456191145586e-08,1.668248112713759e-05,1.78456191145586e-08,0.8373466417719474,1.78456191145586e-08,0.2804843229521956,1.78456191145586e-08,0.4740724267454057,1.78456191145586e-08,0.005553939889040267
1.793975739435501e-08,1.23732938576488e-05,1.793975739435501e-08,0.8526943165293738,1.793975739435501e-08,0.2895025892967003,1.793975739435501e-08,0.4741108644853068,1.793975739435501e-08,0.005490667744734275
1.804654467947461e-08,8.769413070092358e-06,1.804654467947461e-08,0.8648905243871799,1.804654467947461e-08,0.2966294101641898,1.804654467947461e-08,0.4741534292198233,1.804654467947461e-08,0.005439524157009897
1.826011924971379e-08,5.478218506682927e-06,1.826011924971379e-08,0.8803882189176947,1.826011924971379e-08,0.3056109684795703,1.826011924971379e-08,0.4742385579720908,1.826011924971379e-08,0.005313691729522061
1.845995085341309e-08,3.27332468101642e-06,1.845995085341309e-08,0.8881836188868766,1.845995085341309e-08,0.3100732295496224,1.845995085341309e-08,0.4743168541417613,1.845995085341309e-08,0.005217857871961573
1.874503876350951e-08,2.424864860465134e-06,1.874503876350951e-08,0.8941745454766566,1.874503876350951e-08,0.3134721955296578,1.874503876350951e-08,0.474428554233463,1.874503876350951e-08,0.005065802848590465
1.90705494799739e-08,1.257596597101149e-06,1.90705494799739e-08,0.8970602645413599,1.90705494799739e-08,0.315097672320764,1.90705494799739e-08,0.4745547370841764,1.90705494799739e-08,0.004921777051328349
1.953841486424254e-08,1.409338862105425e-06,1.953841486424254e-08,0.8985111562478483,1.953841486424254e-08,0.3159274341336783,1.953841486424254e-08,0.4747348920299106,1.953841486424254e-08,0.004707926387745892
2.006524529437634e-08,8.652704363949236e-07,2.006524529437634e-08,0.89887891674111,2.006524529437634e-08,0.3161703712662258,2.006524529437634e-08,0.4749366995673853,2.006524529437634e-08,0.004508862604358637
2.069494952717728e-08,1.329838903298139e-06,2.069494952717728e-08,0.8991057956326296,2.069494952717728e-08,0.3163585374110456,2.069494952717728e-08,0.4751820166243286,2.069494952717728e-08,0.00428039825768252
2.122353249893978e-08,8.406189930853456e-07,2.122353249893978e-08,0.899158766617924,2.122353249893978e-08,0.3164410083150538,2.122353249893978e-08,0.4753892027813491,2.122353249893978e-08,0.004124053880461999
2.200158207858618e-08,1.31668618094436e-06,2.200158207858618e-08,0.8992572594883738,2.200158207858618e-08,0.3165751909038887,2.200158207858618e-08,0.4756943141551458,2.200158207858618e-08,0.003907587381011605
2.300158207858618e-08,8.38364328841867e-07,2.300158207858618e-08,0.8992894944361952,2.300158207858618e-08,0.3166924041598214,2.300158207858618e-08,0.4760858052161814,2.300158207858618e-08,0.003700456518150153
2.400158207858618e-08,1.310490374948076e-06,2.400158207858618e-08,0.8993476869736819,2.400158207858618e-08,0.3168238741605205,2.400158207858618e-08,0.476476744072336,2.400158207858618e-08,0.003521625544908121
2.500158207858618e-08,8.409024174268394e-07,2.500158207858618e-08,0.8993495338884381,2.500158207858618e-08,0.3169218401758303,2.500158207858618e-08,0.4768664968231034,2.500158207858618e-08,0.003403457916604887
2.600158207858618e-08,1.306088394719363e-06,2.600158207858618e-08,0.8993877340453467,2.600158207858618e-08,0.3170401760175962,2.600158207858618e-08,0.4772556713338,2.600158207858618e-08,0.003303787945616391
2.700158207858618e-08,8.441161948326027e-07,2.700158207858618e-08,0.8993761470507785,2.700158207858618e-08,0.317129035073526,2.700158207858618e-08,0.4777742856592604,2.700158207858618e-08,0.003272064764030495
2.703430942020395e-08,1.072131864135088e-06,2.703430942020395e-08,0.8993854761168864,2.703430942020395e-08,0.3171375482998299,2.703430942020395e-08,0.4803047947269423,2.703430942020395e-08,0.004189488371604747
2.709976410343948e-08,1.117320242729174e-06,2.709976410343948e-08,0.8993865585727405,2.709976410343948e-08,0.3171444168409103,2.709976410343948e-08,0.4855278423290297,2.709976410343948e-08,0.006064315168996152
2.713241779876581e-08,1.093901538391624e-06,2.713241779876581e-08,0.899381041629886,2.713241779876581e-08,0.3171442653561584,2.713241779876581e-08,0.4905260208888575,2.713241779876581e-08,0.007908044878935599
2.716544420208738e-08,1.097713639722035e-06,2.716544420208738e-08,0.8993745209348408,2.716544420208738e-08,0.3171435469202994,2.716544420208738e-08,0.4959352014468473,2.716544420208738e-08,0.009832988014132536
2.718272210104369e-08,1.117919626829716e-06,2.718272210104369e-08,0.8993686804650857,2.718272210104369e-08,0.3171417603562414,2.718272210104369e-08,0.4985518302985497,2.718272210104369e-08,0.01081067851500924
2.72e-08,1.037713907002562e-06,2.72e-08,0.899360734273028,2.72e-08,0.317138674270792,2.72e-08,0.5013897045570355,2.72e-08,0.0118180437689425
2.720325e-08,1.092793489784794e-06,2.720325e-08,0.8993590379066544,2.720325e-08,0.3171380069257064,2.720325e-08,0.5036650000587893,2.720325e-08,0.01282710557008874
2.720975e-08,1.027842429432328e-06,2.720975e-08,0.8993551203012153,2.720975e-08,0.3171362882499928,2.720975e-08,0.5093102660919466,2.720975e-08,0.01499885749901317
2.722039688857734e-08,9.378384866766428e-07,2.722039688857734e-08,0.8993468806074794,2.722039688857734e-08,0.3171324028686333,2.722039688857734e-08,0.5195344917624447,2.722039688857734e-08,0.01870827164565007
2.723481822791057e-08,1.662411585489575e-06,2.723481822791057e-08,0.8993353646512473,2.723481822791057e-08,0.3171272747278215,2.723481822791057e-08,0.5328285149889619,2.723481822791057e-08,0.02368384286235831
2.725178313076598e-08,2.600070329041721e-06,2.725178313076598e-08,0.8993207990463447,2.725178313076598e-08,0.3171206770854132,2.725178313076598e-08,0.548589655591274,2.725178313076598e-08,0.02956365342060249
2.728510511808622e-08,4.299117440630606e-06,2.728510511808622e-08,0.8992517889430115,2.728510511808622e-08,0.3170838462606971,2.728510511808622e-08,0.5795120782441765,2.728510511808622e-08,0.04109787420735408
2.730030289126716e-08,6.613747762427153e-06,2.730030289126716e-08,0.8991827856037803,2.730030289126716e-08,0.3170455545021751,2.730030289126716e-08,0.5940229846374416,2.730030289126716e-08,0.04639988233037756
2.730870008852772e-08,6.586337779596097e-06,2.730870008852772e-08,0.8991235276734131,2.730870008852772e-08,0.3170113976933668,2.730870008852772e-08,0.603813522953059,2.730870008852772e-08,0.05017565754485909
2.73164648852606e-08,7.300911355682647e-06,2.73164648852606e-08,0.899045698140066,2.73164648852606e-08,0.3169665472858594,2.73164648852606e-08,0.6139087852818005,2.73164648852606e-08,0.05379841715351726
2.733199447872636e-08,1.13395958147209e-05,2.733199447872636e-08,0.8987687200284397,2.733199447872636e-08,0.3168063663956291,2.733199447872636e-08,0.6335998652802194,2.733199447872636e-08,0.06095067170833164
2.734941500602463e-08,1.886552793914988e-05,2.734941500602463e-08,0.8980040960321776,2.734941500602463e-08,0.3163602718527078,2.734941500602463e-08,0.6562158259756756,2.734941500602463e-08,0.06901140820889901
2.737495455977293e-08,-1.387731355314749e-06,2.737495455977293e-08,0.8926285415630079,2.737495455977293e-08,0.3131832140385828,2.737495455977293e-08,0.6896936419675677,2.737495455977293e-08,0.08080772595548794
2.739841812695578e-08,-0.0002722497780594041,2.739841812695578e-08,0.8633285920131557,2.739841812695578e-08,0.2957467665028615,2.739841812695578e-08,0.7206079396398837,2.739841812695578e-08,0.09166836574369087
2.740235893803793e-08,-0.000310002089281514,2.740235893803793e-08,0.853307035756884,2.740235893803793e-08,0.2897941549232644,2.740235893803793e-08,0.7247348487709253,2.740235893803793e-08,0.09281303417436533
2.741024056020224e-08,-0.0004449535784451745,2.741024056020224e-08,0.8214338602670714,2.741024056020224e-08,0.2708405511388593,2.741024056020224e-08,0.729245093680252,2.741024056020224e-08,0.09387234770483323
2.741473136725135e-08,-0.0005593025063024489,2.741473136725135e-08,0.7942964766865642,2.741473136725135e-08,0.2547044197709417,2.741473136725135e-08,0.7310311228488245,2.741473136725135e-08,0.09437063715500742
2.742371298134958e-08,-0.0008857173094361212,2.742371298134958e-08,0.711029478696377,2.742371298134958e-08,0.2053701463614749,2.742371298134958e-08,0.7350297711766797,2.742371298134958e-08,0.09543007744562432
2.74321305304253e-08,-0.001255133541220089,2.74321305304253e-08,0.5951496849372715,2.74321305304253e-08,0.1374555461152381,2.74321305304253e-08,0.7385803126511626,2.74321305304253e-08,0.09641304289874424
2.744577450636414e-08,-0.001761839332683469,2.744577450636414e-08,0.3412070749174796,2.744577450636414e-08,-0.006576406903904392,2.744577450636414e-08,0.7440258790030749,2.744577450636414e-08,0.0980070236271305
2.74519032715673e-08,-0.001814291750360944,2.74519032715673e-08,0.215281656192636,2.74519032715673e-08,-0.07410918875019774,2.74519032715673e-08,0.746376154306082,2.74519032715673e-08,0.09871983736161034
2.745685169273513e-08,-0.001677504816477461,2.745685169273513e-08,0.1287133322044422,2.745685169273513e-08,-0.1186700931331912,2.745685169273513e-08,0.748257055097855,2.745685169273513e-08,0.0992990681873193
2.746209681836148e-08,-0.001373968915634893,2.746209681836148e-08,0.06594923864607909,2.746209681836148e-08,-0.1503055777034729,2.746209681836148e-08,0.7502283672943564,2.746209681836148e-08,0.09991244509578366
2.746720611145482e-08,-0.001035452190780062,2.746720611145482e-08,0.03160167991531383,2.746720611145482e-08,-0.1674344415719637,2.746720611145482e-08,0.7521308564326338,2.746720611145482e-08,0.1005300525398534
2.747262155395949e-08,-0.0007392672220244928,2.747262155395949e-08,0.01373882421330047,2.747262155395949e-08,-0.1762777410577149,2.747262155395949e-08,0.7541294698722247,2.747262155395949e-08,0.1011947802889266
2.747836863121682e-08,-0.0005291317591832827,2.747836863121682e-08,0.005555933331760641,2.747836863121682e-08,-0.1803032006418502,2.747836863121682e-08,0.7562332630567629,2.747836863121682e-08,0.1018639799445752
2.748445387135302e-08,-0.00040033719211225,2.748445387135302e-08,0.002151636588472342,2.748445387135302e-08,-0.1819726270732528,2.748445387135302e-08,0.7584450187767878,2.748445387135302e-08,0.1025239478934509
2.749179842397034e-08,-0.0003176953336275913,2.749179842397034e-08,0.0006960859728283846,2.749179842397034e-08,-0.1826923475768324,2.749179842397034e-08,0.7610952034207432,2.749179842397034e-08,0.103326573015351
2.750081718176842e-08,-0.000261171657747421,2.750081718176842e-08,0.0001838971546195599,2.750081718176842e-08,-0.1829576279546371,2.750081718176842e-08,0.7642419930431634,2.750081718176842e-08,0.1042945323594048
2.751052125490867e-08,-0.0002112433854011941,2.751052125490867e-08,5.695890995304907e-05,2.751052125490867e-08,-0.1830338510517227,2.751052125490867e-08,0.7666584043143546,2.751052125490867e-08,0.104850697100257
2.752213639134747e-08,-0.0001347302154286599,2.752213639134747e-08,2.446005893252099e-05,2.752213639134747e-08,-0.1830542687809544,2.752213639134747e-08,0.7689257025550665,2.752213639134747e-08,0.1054292322275625
2.753730290091974e-08,2.784526566866491e-05,2.753730290091974e-08,1.651952103788455e-05,2.753730290091974e-08,-0.1830284310606947,2.753730290091974e-08,0.7720895153390648,2.753730290091974e-08,0.1061888715630429
2.756200690997546e-08,0.0006009320548125996,2.756200690997546e-08,1.177495819980304e-05,2.756200690997546e-08,-0.1828200525919592,2.756200690997546e-08,0.7768733861507898,2.756200690997546e-08,0.10710021848875
2.76e-08,0.003210294343905898,2.76e-08,1.179254520335495e-05,2.76e-08,-0.1816180682839805,2.76e-08,0.783966626126525,2.76e-08,0.1084803104155136
2.7608125e-08,0.004252352141879617,2.7608125e-08,1.280961363031673e-05,2.7608125e-08,-0.1811167713728907,2.7608125e-08,0.783534439642702,2.7608125e-08,0.1077988729865519
2.7624375e-08,0.006936316137563895,2.7624375e-08,1.632125650564067e-05,2.7624375e-08,-0.1798134268526898,2.7624375e-08,0.7819041155387445,2.7624375e-08,0.1063125909213464
2.764940058438339e-08,0.01368085356066794,2.764940058438339e-08,2.396198827898799e-05,2.764940058438339e-08,-0.176500916918721,2.764940058438339e-08,0.7788564999129772,2.764940058438339e-08,0.1035423161371139
2.76747002921917e-08,0.02464260177522847,2.76747002921917e-08,3.467926740942864e-05,2.76747002921917e-08,-0.1710841995089394,2.76747002921917e-08,0.7757728313976623,2.76747002921917e-08,0.1003789183416154
2.77e-08,0.04152384741305461,2.77e-08,5.12608764274902e-05,2.77e-08,-0.1627147908372045,2.77e-08,0.7723600868352433,2.77e-08,0.09691881045639096
2.770541666666667e-08,0.04624858767092391,2.770541666666667e-08,5.545215719447003e-05,2.770541666666667e-08,-0.1603693410803959,2.770541666666667e-08,0.7698344202329737,2.770541666666667e-08,0.09577570212421987
2.771625e-08,0.05666865603730753,2.771625e-08,6.55559509052896e-05,2.771625e-08,-0.1551927245691445,2.771625e-08,0.7637525533681654,2.771625e-08,0.09300176955269274
2.773292459130628e-08,0.07691915965561384,2.773292459130628e-08,8.588570975862829e-05,2.773292459130628e-08,-0.145119551191903,2.773292459130628e-08,0.7535689853216448,2.773292459130628e-08,0.0862091075271697
2.775650418046709e-08,0.1170558664739245,2.775650418046709e-08,0.0001260138959241626,2.775650418046709e-08,-0.1251025388308928,2.775650418046709e-08,0.7391975852556216,2.775650418046709e-08,0.07153221785926182
2.778599876516594e-08,0.1947533557064683,2.778599876516594e-08,0.0002047275734027213,2.778599876516594e-08,-0.08596224884092313,2.778599876516594e-08,0.7204831484811637,2.778599876516594e-08,0.04869859072776296
2.780611866677475e-08,0.267997956815422,2.780611866677475e-08,0.0002704490787981675,2.780611866677475e-08,-0.04811524842238808,2.780611866677475e-08,0.7089345885001479,2.780611866677475e-08,0.03116398127872337
2.784499109899655e-08,0.4427816078788468,2.784499109899655e-08,0.000367985516770023,2.784499109899655e-08,0.04719369145008851,2.784499109899655e-08,0.6927700558639307,2.784499109899655e-08,-0.008547941373172148
2.786109812117424e-08,0.5239693247180376,2.786109812117424e-08,0.0003924918134296937,2.786109812117424e-08,0.09330840473887483,2.786109812117424e-08,0.6864511363051099,2.786109812117424e-08,-0.02859995227633588
2.789331216552961e-08,0.6879027341688008,2.789331216552961e-08,0.0004062636495698881,2.789331216552961e-08,0.1884654866035102,2.789331216552961e-08,0.6729076873062748,2.789331216552961e-08,-0.07220582236397906
2.792105859761936e-08,0.8018077678164769,2.792105859761936e-08,0.0003008605432291922,2.792105859761936e-08,0.2555508993581836,2.792105859761936e-08,0.6615650360371856,2.792105859761936e-08,-0.1114678322468919
2.794225645825221e-08,0.8505231576402364,2.794225645825221e-08,0.0001590834976507889,2.794225645825221e-08,0.2842137874228263,2.794225645825221e-08,0.6525557118025187,2.794225645825221e-08,-0.1335032875815512
2.796276207645923e-08,0.8723010929892842,2.796276207645923e-08,7.179358576164335e-05,2.796276207645923e-08,0.2970178452857737,2.796276207645923e-08,0.644094115304414,2.796276207645923e-08,-0.1498630008081106
2.799025847461978e-08,0.8859051175756101,2.799025847461978e-08,3.2041541187506e-05,2.799025847461978e-08,0.3051149346728464,2.799025847461978e-08,0.6324490482006047,2.799025847461978e-08,-0.1685131119232251
2.80106372692938e-08,0.890961223944939,2.80106372692938e-08,2.014149893926721e-05,2.80106372692938e-08,0.3082091242077727,2.80106372692938e-08,0.6255455612592893,2.80106372692938e-08,-0.180102771120364
2.803880899695359e-08,0.8951487084016373,2.803880899695359e-08,1.137138599761907e-05,2.803880899695359e-08,0.3108577005206272,2.803880899695359e-08,0.618292494570125,2.803880899695359e-08,-0.1926961950237604
2.806387950803268e-08,0.8971343356811072,2.806387950803268e-08,6.543782986049235e-06,2.806387950803268e-08,0.3121960688409144,2.806387950803268e-08,0.6119777496448019,2.806387950803268e-08,-0.2014083266234203
2.810723379902797e-08,0.8987462067471925,2.810723379902797e-08,2.127830321710031e-06,2.810723379902797e-08,0.3134173737277319,2.810723379902797e-08,0.600832487922501,2.810723379902797e-08,-0.2143647099994323
2.81584751262911e-08,0.8993532724182643,2.81584751262911e-08,3.876288600513226e-07,2.81584751262911e-08,0.3140458229763974,2.81584751262911e-08,0.5877646479796721,2.81584751262911e-08,-0.2203484843510728
2.821338183578672e-08,0.8995769216328553,2.821338183578672e-08,-2.139873271746471e-06,2.821338183578672e-08,0.3144012049195192,2.821338183578672e-08,0.5752276346029692,2.821338183578672e-08,-0.2179313986039554
2.826122811263069e-08,0.8996338246925958,2.826122811263069e-08,-4.235725470707175e-06,2.826122811263069e-08,0.314582974160547,2.826122811263069e-08,0.5688410873270379,2.826122811263069e-08,-0.2009014553683196
2.828951693406918e-08,0.8996439296085194,2.828951693406918e-08,-8.440111920378388e-06,2.828951693406918e-08,0.3146578796512117,2.828951693406918e-08,0.5651949518596733,2.828951693406918e-08,-0.1859629793164862
2.834609457694618e-08,0.8996528165898953,2.834609457694618e-08,-1.927462008282641e-05,2.834609457694618e-08,0.3147707780071216,2.834609457694618e-08,0.55762546831753,2.834609457694618e-08,-0.155148164972804
2.839343819098668e-08,0.8996542222094189,2.839343819098668e-08,-4.340275395504436e-05,2.839343819098668e-08,0.3148294372329139,2.839343819098668e-08,0.5514080620164112,2.839343819098668e-08,-0.1342154386091234
2.844808049194669e-08,0.8996550291686362,2.844808049194669e-08,-9.977152594900016e-05,2.844808049194669e-08,0.3148633472222976,2.844808049194669e-08,0.5440764015828923,2.844808049194669e-08,-0.111324152588217
2.850808471648598e-08,0.8996560407586944,2.850808471648598e-08,-0.0001727850227727083,2.850808471648598e-08,0.3148743181209727,2.850808471648598e-08,0.5361518370173671,2.850808471648598e-08,-0.08702694414921114
2.857821135598671e-08,0.8996574782274208,2.857821135598671e-08,-8.305418815284639e-05,2.857821135598671e-08,0.3149418650853544,2.857821135598671e-08,0.526773661004956,2.857821135598671e-08,-0.06544133519267133
2.862507036324876e-08,0.8996594252974637,2.862507036324876e-08,0.0004535340381158929,2.862507036324876e-08,0.315181314712595,2.862507036324876e-08,0.5227374782300885,2.862507036324876e-08,-0.0534184163003632
2.8687755227915e-08,0.8996704740397985,2.8687755227915e-08,0.004701738781908898,2.8687755227915e-08,0.3170000368322371,2.8687755227915e-08,0.519970142369946,2.8687755227915e-08,-0.03835103740077564
2.873722814316382e-08,0.8996967735325819,2.873722814316382e-08,0.01629829792974508,2.873722814316382e-08,0.321927355941482,2.873722814316382e-08,0.517843881210953,2.873722814316382e-08,-0.02792212228100312
2.880815070368796e-08,0.899778723190139,2.880815070368796e-08,0.06729219282473191,2.880815070368796e-08,0.3432265883638698,2.880815070368796e-08,0.5146922825981114,2.880815070368796e-08,-0.01727696541183096
2.88621135412633e-08,0.8999452735090556,2.88621135412633e-08,0.1711872245943579,2.88621135412633e-08,0.3859908624866642,2.88621135412633e-08,0.5123583492430696,2.88621135412633e-08,-0.01116580699530804
2.890282014794059e-08,0.9001278540535912,2.890282014794059e-08,0.3170991731874328,2.890282014794059e-08,0.446636422658669,2.890282014794059e-08,0.5105501972116337,2.890282014794059e-08,-0.007077488097004023
2.893861951252468e-08,0.9002143582267438,2.893861951252468e-08,0.4869838243729525,2.893861951252468e-08,0.5195716250360506,2.893861951252468e-08,0.5090214418501677,2.893861951252468e-08,-0.003676152392692611
2.896379129290074e-08,0.9002110701342795,2.896379129290074e-08,0.6167744934291365,2.896379129290074e-08,0.5780753423178967,2.896379129290074e-08,0.5079117147815961,2.896379129290074e-08,-0.001398611597271712
2.899351555517485e-08,0.9001212159334468,2.899351555517485e-08,0.7592232813672211,2.899351555517485e-08,0.6463404512844032,2.899351555517485e-08,0.506654149389502,2.899351555517485e-08,0.001241110948068102
2.901806279777253e-08,0.8999308701871065,2.901806279777253e-08,0.8366373985124016,2.901806279777253e-08,0.6847606328970856,2.901806279777253e-08,0.5055920573813798,2.901806279777253e-08,0.003337292602351323
2.903750380501783e-08,0.8997877384475184,2.903750380501783e-08,0.8649087647600425,2.903750380501783e-08,0.6988882048246527,2.903750380501783e-08,0.5047807092278291,2.903750380501783e-08,0.004904710154151843
2.906420390454586e-08,0.8997132173990224,2.906420390454586e-08,0.8826898152204743,2.906420390454586e-08,0.7078421320734218,2.906420390454586e-08,0.503648345047379,2.906420390454586e-08,0.007061059971291095
2.908346823291515e-08,0.8996947334744427,2.908346823291515e-08,0.8887681845309472,2.908346823291515e-08,0.7109367189850079,2.908346823291515e-08,0.5028524112041528,2.908346823291515e-08,0.008575615713691857
2.91081686850698e-08,0.8996834144741579,2.91081686850698e-08,0.893555005697608,2.91081686850698e-08,0.7133978718526666,2.91081686850698e-08,0.5018232825191276,2.91081686850698e-08,0.01040261873551688
2.913982500215885e-08,0.8996751228259178,2.913982500215885e-08,0.8967630833123088,2.913982500215885e-08,0.7150778235701124,2.913982500215885e-08,0.5005296802270149,2.913982500215885e-08,0.01232957116602956
2.919249145907802e-08,0.8996701493671205,2.919249145907802e-08,0.8988010232006166,2.919249145907802e-08,0.7161997533368643,2.919249145907802e-08,0.4983940240175551,2.919249145907802e-08,0.01465393276149884
2.924859089717463e-08,0.899669657131543,2.924859089717463e-08,0.899366553149107,2.924859089717463e-08,0.7165651155711779,2.924859089717463e-08,0.4961653703725321,2.924859089717463e-08,0.01580869257613638
2.931858978707656e-08,0.8996691520276118,2.931858978707656e-08,0.8995780423091001,2.931858978707656e-08,0.716743698362565,2.931858978707656e-08,0.4934195687645377,2.931858978707656e-08,0.01690360259787705
2.940181878734404e-08,0.8996674248479206,2.940181878734404e-08,0.89956951675695,2.940181878734404e-08,0.716795022624217,2.940181878734404e-08,0.4902151367872302,2.940181878734404e-08,0.01796736447760276
2.947068352612792e-08,0.8996632549489008,2.947068352612792e-08,0.8995185056049799,2.947068352612792e-08,0.7167970642883733,2.947068352612792e-08,0.4875968066088934,2.947068352612792e-08,0.01871358641219089
2.956095469640174e-08,0.8996311732808212,2.956095469640174e-08,0.8993088181014803,2.956095469640174e-08,0.7167003385526893,2.956095469640174e-08,0.484219299967187,2.956095469640174e-08,0.01957163632239369
2.962552371779097e-08,0.8995317630312016,2.962552371779097e-08,0.8989814929154205,2.962552371779097e-08,0.7164971193145289,2.962552371779097e-08,0.4818272105530235,2.962552371779097e-08,0.02010288474470382
2.967628680792475e-08,0.8991409394388815,2.967628680792475e-08,0.8983948404081904,2.967628680792475e-08,0.7160136148932766,2.967628680792475e-08,0.4799642962032252,2.967628680792475e-08,0.02048059198381986
2.973576886890955e-08,0.8945302243562953,2.973576886890955e-08,0.8966634585361236,2.973576886890955e-08,0.7128511853510385,2.973576886890955e-08,0.4777883752032974,2.973576886890955e-08,0.02089043885308369
2.978041009290962e-08,0.8629876742846097,2.978041009290962e-08,0.8933507847183382,2.978041009290962e-08,0.6954775048769098,2.978041009290962e-08,0.4761637200814973,2.978041009290962e-08,0.02118165450406932
2.979886244991718e-08,0.823159414574293,2.979886244991718e-08,0.8908962217376357,2.979886244991718e-08,0.6744461208971109,2.979886244991718e-08,0.4754887383017637,2.979886244991718e-08,0.02130373807500663
2.981324615868026e-08,0.7618509398476724,2.981324615868026e-08,0.8881857062308401,2.981324615868026e-08,0.6427637143131546,2.981324615868026e-08,0.4749649792241417,2.981324615868026e-08,0.02139222117172453
2.982926768048993e-08,0.6446130603038477,2.982926768048993e-08,0.8840671716763637,2.982926768048993e-08,0.5838963462032237,2.982926768048993e-08,0.474378817941456,2.982926768048993e-08,0.02149555303426975
2.984356880076952e-08,0.4936535781083273,2.984356880076952e-08,0.8791840549907082,2.984356880076952e-08,0.5120616759739385,2.984356880076952e-08,0.4738563725331373,2.984356880076952e-08,0.02157307714118946
2.985564454474888e-08,0.3390803458139255,2.985564454474888e-08,0.8740215941276207,2.985564454474888e-08,0.4421598083990936,2.985564454474888e-08,0.4734146759819988,2.985564454474888e-08,0.02165059005410263
2.986482156099076e-08,0.2147113166587797,2.986482156099076e-08,0.8694049280994703,2.986482156099076e-08,0.3874488432146183,2.986482156099076e-08,0.4730800444031663,2.986482156099076e-08,0.02169774440866926
2.98721425436203e-08,0.1265485310920829,2.98721425436203e-08,0.8653507335071232,2.98721425436203e-08,0.3488462742569635,2.98721425436203e-08,0.4728133147676721,2.98721425436203e-08,0.021747343041251
2.98800306304936e-08,0.06052115367507612,2.98800306304936e-08,0.8606562729831294,2.98800306304936e-08,0.3192032238424626,2.98800306304936e-08,0.4725262904250985,2.98800306304936e-08,0.0217871572458433
2.988710822895658e-08,0.02795888737572039,2.988710822895658e-08,0.856002883767923,2.988710822895658e-08,0.3032391229173009,2.988710822895658e-08,0.4722699985701704,2.988710822895658e-08,0.02183484431215983
2.989453376185465e-08,0.01150423891591676,2.989453376185465e-08,0.8504101551164942,2.989453376185465e-08,0.2932475032244399,2.989453376185465e-08,0.4720006260745704,2.989453376185465e-08,0.02187219464863588
2.990276656020314e-08,0.00417062914516775,2.990276656020314e-08,0.8431342852239362,2.990276656020314e-08,0.2859557355183499,2.990276656020314e-08,0.4717016513548699,2.990276656020314e-08,0.02192546629654016
2.991129805526514e-08,0.001674493469506511,2.991129805526514e-08,0.8342373181237549,2.991129805526514e-08,0.2796616641308821,2.991129805526514e-08,0.4713918414978558,2.991129805526514e-08,0.02196517599283941
2.992154890543182e-08,0.000810319802268783,2.992154890543182e-08,0.8215217735185009,2.992154890543182e-08,0.2717635065601472,2.992154890543182e-08,0.4710229401146642,2.992154890543182e-08,0.02202436906098943
2.993492671912941e-08,0.000405140657226966,2.993492671912941e-08,0.801030820175119,2.993492671912941e-08,0.2594410724330835,2.993492671912941e-08,0.4705466322855034,2.993492671912941e-08,0.02209001794661611
2.994807158767565e-08,0.0001232749997600863,2.994807158767565e-08,0.7751371088330401,2.994807158767565e-08,0.2439820104520668,2.994807158767565e-08,0.4700663731306752,2.994807158767565e-08,0.02216547990545171
2.997101155585288e-08,-0.0001959916573664062,2.997101155585288e-08,0.7082458095021587,2.997101155585288e-08,0.204351810134702,2.997101155585288e-08,0.4692214379974253,2.997101155585288e-08,0.0222837005492868
2.998755011514684e-08,-0.000310139997740928,2.998755011514684e-08,0.6401790972144645,2.998755011514684e-08,0.1643798635133477,2.998755011514684e-08,0.4686128105622376,2.998755011514684e-08,0.02236781624566007
3e-08,-0.0003669928568046319,3e-08,0.5783853518840817,3e-08,0.1283997943696213,3e-08,0.4681586511131325,3e-08,0.02242135107248153
3.000948951780665e-08,-0.000402982857963139,3.000948951780665e-08,0.5241079850658239,3.000948951780665e-08,0.09707032068260896,3.000948951780665e-08,0.4681107733202709,3.000948951780665e-08,0.02257967877386861
3.002846855341993e-08,-0.0004559791099989962,3.002846855341993e-08,0.4090582717587241,3.002846855341993e-08,0.03170702095092917,3.002846855341993e-08,0.4680855943747336,3.002846855341993e-08,0.02290208511039222
3.004430580926285e-08,-0.0004749506370466191,3.004430580926285e-08,0.3049360809433865,3.004430580926285e-08,-0.02575349617616163,3.004430580926285e-08,0.4680795839650601,3.004430580926285e-08,0.02317398522958487
3.005966073719468e-08,-0.0004591195467799494,3.005966073719468e-08,0.2026584162200049,3.005966073719468e-08,-0.08009467363421575,3.005966073719468e-08,0.4680627454310188,3.005966073719468e-08,0.02343595586884072
3.007378277840231e-08,-0.0003837811350706497,3.007378277840231e-08,0.1199651914449947,3.007378277840231e-08,-0.1225463342180104,3.007378277840231e-08,0.4680552842541553,3.007378277840231e-08,0.02367182014741345
3.008864450139073e-08,-0.000243053898657306,3.008864450139073e-08,0.06090868988889159,3.008864450139073e-08,-0.1523411150745064,3.008864450139073e-08,0.4680411341600727,3.008864450139073e-08,0.02391737968457144
3.010234135715872e-08,-0.0001236460472071024,3.010234135715872e-08,0.03221501814881927,3.010234135715872e-08,-0.1667137965103874,3.010234135715872e-08,0.4680316925239844,3.010234135715872e-08,0.02414551710573984
3.01158251679081e-08,-5.99887814048387e-05,3.01158251679081e-08,0.01795432368286775,3.01158251679081e-08,-0.1738452656580764,3.01158251679081e-08,0.468018885989728,3.01158251679081e-08,0.02436806850278831
3.013073887417941e-08,-2.669994203889804e-05,3.013073887417941e-08,0.009940490931578214,3.013073887417941e-08,-0.1778531920419901,3.013073887417941e-08,0.4680060863723443,3.013073887417941e-08,0.02461201408970025
3.014739878676146e-08,-1.123936787577384e-05,3.014739878676146e-08,0.005325284471793063,3.014739878676146e-08,-0.1801644901763823,3.014739878676146e-08,0.4679891721137259,3.014739878676146e-08,0.02487935344280992
3.016875965330223e-08,-2.759080630953119e-06,3.016875965330223e-08,0.002417949725832676,3.016875965330223e-08,-0.1816238468249296,3.016875965330223e-08,0.4679668257976743,3.016875965330223e-08,0.02522173558973341
3.019816321076038e-08,1.745726443573081e-06,3.019816321076038e-08,0.0008895526373947273,3.019816321076038e-08,-0.1823956435116343,3.019816321076038e-08,0.4679306843231497,3.019816321076038e-08,0.02568497529377895
3.023971002681169e-08,2.804025299591024e-06,3.023971002681169e-08,0.0003623829293913994,3.023971002681169e-08,-0.1826690300047083,3.023971002681169e-08,0.4678685315577022,3.023971002681169e-08,0.02633331870895167
3.029641679004574e-08,2.330530169580839e-06,3.029641679004574e-08,0.0002309012693032159,3.029641679004574e-08,-0.1827453452673523,3.029641679004574e-08,0.4677520775589744,3.029641679004574e-08,0.02719861081035311
3.034354377875868e-08,1.897773374755815e-06,3.034354377875868e-08,9.45411242218813e-05,3.034354377875868e-08,-0.1828201191136466,3.034354377875868e-08,0.4676244994582474,3.034354377875868e-08,0.02790066787932029
3.038960618201864e-08,1.894630305490778e-06,3.038960618201864e-08,3.505000466078623e-05,3.038960618201864e-08,-0.1828546215271434,3.038960618201864e-08,0.4674729257533236,3.038960618201864e-08,0.02855765119758944
3.043197674936646e-08,1.566071251610169e-06,3.043197674936646e-08,1.773947747519407e-05,3.043197674936646e-08,-0.1828667658790571,3.043197674936646e-08,0.467312495125114,3.043197674936646e-08,0.02916418732436946
3.047697604097971e-08,1.474835333791548e-06,3.047697604097971e-08,1.4815489975549e-05,3.047697604097971e-08,-0.1828709558264355,3.047697604097971e-08,0.4671223111480987,3.047697604097971e-08,0.02978754322680791
3.05310696188437e-08,1.288976538379307e-06,3.05310696188437e-08,9.555018077286954e-06,3.05310696188437e-08,-0.1828760366873955,3.05310696188437e-08,0.4668747162997926,3.05310696188437e-08,0.03055751248734115
3.062954562371846e-08,1.230966500417856e-06,3.062954562371846e-08,7.027268407296782e-06,3.062954562371846e-08,-0.1828799544685635,3.062954562371846e-08,0.4664053131867447,3.062954562371846e-08,0.03076326843471331
3.077835874747939e-08,1.117429839228666e-06,3.077835874747939e-08,3.381795638541999e-06,3.077835874747939e-08,-0.1828834054025763,3.077835874747939e-08,0.4657522476591562,3.077835874747939e-08,0.03031886627177549
3.097568382151659e-08,1.117708786765397e-06,3.097568382151659e-08,2.964443214198305e-06,3.097568382151659e-08,-0.1828837322796838,3.097568382151659e-08,0.4651330725368733,3.097568382151659e-08,0.02954961305870825
3.125534678256998e-08,1.049571809309854e-06,3.125534678256998e-08,1.362312738844367e-06,3.125534678256998e-08,-0.1828837521881455,3.125534678256998e-08,0.4647211779865457,3.125534678256998e-08,0.02836101830306048
3.16168292396642e-08,1.084092449002306e-06,3.16168292396642e-08,1.712785116301468e-06,3.16168292396642e-08,-0.1828825929446994,3.16168292396642e-08,0.4645976182071673,3.16168292396642e-08,0.02690254580530756
3.208667239208877e-08,1.042971061513717e-06,3.208667239208877e-08,7.885327763133333e-07,3.208667239208877e-08,-0.1828825782401892,3.208667239208877e-08,0.4645985113382272,3.208667239208877e-08,0.02508537085963302
3.263488128598791e-08,1.083718784392023e-06,3.263488128598791e-08,1.335596844094967e-06,3.263488128598791e-08,-0.1828825615338019,3.263488128598791e-08,0.4646106180777123,3.263488128598791e-08,0.02313760573709128
3.324456631510779e-08,1.043432243658905e-06,3.324456631510779e-08,6.226631114865778e-07,3.324456631510779e-08,-0.1828839548785693,3.324456631510779e-08,0.4646270372025507,3.324456631510779e-08,0.02113690127107299
3.397155870134995e-08,1.083718567457307e-06,3.397155870134995e-08,1.119070617497943e-06,3.397155870134995e-08,-0.1828854785454587,3.397155870134995e-08,0.4646449967506571,3.397155870134995e-08,0.01899508153084606
3.492274730023611e-08,1.043850004023094e-06,3.492274730023611e-08,4.866745608177256e-07,3.492274730023611e-08,-0.182888668621614,3.492274730023611e-08,0.4646692636389079,3.492274730023611e-08,0.01651177950819769
3.592274730023611e-08,1.083600294832402e-06,3.592274730023611e-08,7.474549745375237e-07,3.592274730023611e-08,-0.1828918137394273,3.592274730023611e-08,0.4646937927378872,3.592274730023611e-08,0.01425197422158592
3.692274730023611e-08,1.044173451198673e-06,3.692274730023611e-08,1.479400362616881e-07,3.692274730023611e-08,-0.1828955399847962,3.692274730023611e-08,0.4647187253047784,3.692274730023611e-08,0.01229271062223813
3.792274730023611e-08,1.083407605266671e-06,3.792274730023611e-08,1.109378207225319e-07,3.792274730023611e-08,-0.1828989693601805,3.792274730023611e-08,0.4647431741291302,3.792274730023611e-08,0.01062187885057456
3.892274730023611e-08,1.044722991664473e-06,3.892274730023611e-08,1.249577075696036e-07,3.892274730023611e-08,-0.182902397367854,3.892274730023611e-08,0.4647690058648956,3.892274730023611e-08,0.009174739539450701
3.917274730023611e-08,1.082963223483643e-06,3.917274730023611e-08,-1.070274625024545e-06,3.917274730023611e-08,-0.1829038285097409,3.917274730023611e-08,0.4647758135342542,3.917274730023611e-08,0.008848579827246131
3.967274730023611e-08,1.049031277508616e-06,3.967274730023611e-08,9.150118822978907e-06,3.967274730023611e-08,-0.1829004069852241,3.967274730023611e-08,0.4647922191670071,3.967274730023611e-08,0.008207147576033106
4.023049143032888e-08,1.104532605859697e-06,4.023049143032888e-08,0.0001180655548921388,4.023049143032888e-08,-0.1828475490484663,4.023049143032888e-08,0.4648102554901522,4.023049143032888e-08,0.00758283768791945
4.105850005888158e-08,1.425112642399753e-06,4.105850005888158e-08,0.002655093026802797,4.105850005888158e-08,-0.1815759946443337,4.105850005888158e-08,0.4648338142884988,4.105850005888158e-08,0.0067403020173721
4.165875167739583e-08,3.791936569475492e-06,4.165875167739583e-08,0.01683217411685452,4.165875167739583e-08,-0.1744576215261044,4.165875167739583e-08,0.4648479336024502,4.165875167739583e-08,0.006188150614180358
4.204769466153678e-08,8.151314288946699e-06,4.204769466153678e-08,0.04597456994754696,4.204769466153678e-08,-0.159819729360553,4.204769466153678e-08,0.4648571736496638,4.204769466153678e-08,0.005852159734147672
4.230150324338984e-08,1.524211669043935e-05,4.230150324338984e-08,0.08717161157315025,4.230150324338984e-08,-0.1390914025500214,4.230150324338984e-08,0.4648625368560122,4.230150324338984e-08,0.005651886500845638
4.247611703931301e-08,2.674996487594339e-05,4.247611703931301e-08,0.1401524497119856,4.247611703931301e-08,-0.1122649067499366,4.247611703931301e-08,0.4648665229067142,4.247611703931301e-08,0.005509233144751493
4.26857462276207e-08,5.437185823048508e-05,4.26857462276207e-08,0.2627962857736077,4.26857462276207e-08,-0.04844829156433068,4.26857462276207e-08,0.464870154624861,4.26857462276207e-08,0.005355358896888351
4.283678634949117e-08,6.740598748221526e-05,4.283678634949117e-08,0.3887731073383546,4.283678634949117e-08,0.02038723753874787,4.283678634949117e-08,0.4648728364145935,4.283678634949117e-08,0.005237824306333697
4.295477176755734e-08,7.059505833795751e-05,4.295477176755734e-08,0.495968322585635,4.295477176755734e-08,0.08100307443517404,4.295477176755734e-08,0.4648746969756414,4.295477176755734e-08,0.005157732421063545
4.309090348930811e-08,7.506212250793527e-05,4.309090348930811e-08,0.6235920128768041,4.309090348930811e-08,0.1547911688273298,4.309090348930811e-08,0.4648777467410706,4.309090348930811e-08,0.005056728686839981
4.326656371667785e-08,5.64255996608675e-05,4.326656371667785e-08,0.7672387824516497,4.326656371667785e-08,0.2392558619051673,4.326656371667785e-08,0.4648817536533298,4.326656371667785e-08,0.004939411247858341
4.339000547135305e-08,1.761939222917922e-05,4.339000547135305e-08,0.820160207728845,4.339000547135305e-08,0.2705669089992435,4.339000547135305e-08,0.4648855596714962,4.339000547135305e-08,0.004851255931194243
4.349115650610918e-08,1.613485878089709e-05,4.349115650610918e-08,0.8399330961099951,4.349115650610918e-08,0.2822237325553546,4.349115650610918e-08,0.4648887538116193,4.349115650610918e-08,0.004788180114481487
4.358563723283912e-08,1.382638396653422e-05,4.358563723283912e-08,0.8560027087337605,4.358563723283912e-08,0.2916727302286573,4.358563723283912e-08,0.4648919762593556,4.358563723283912e-08,0.004722595200894536
4.367710896148105e-08,7.370512333135301e-06,4.367710896148105e-08,0.8662407667297867,4.367710896148105e-08,0.2976532781963782,4.367710896148105e-08,0.46489438731207,4.367710896148105e-08,0.004667326006311796
4.382778140452937e-08,7.989224781053819e-06,4.382778140452937e-08,0.8784240517604804,4.382778140452937e-08,0.3047311880535228,4.382778140452937e-08,0.4648983308381556,4.382778140452937e-08,0.004568470934855642
4.398622558850134e-08,2.537894393701485e-06,4.398622558850134e-08,0.8860754054210912,4.398622558850134e-08,0.3091287430099088,4.398622558850134e-08,0.4649015307937074,4.398622558850134e-08,0.004473443724004151
4.430311395644527e-08,3.808688804127828e-06,4.430311395644527e-08,0.8941528696729851,4.430311395644527e-08,0.3137251012759312,4.430311395644527e-08,0.4649074556012673,4.430311395644527e-08,0.004281670229156951
4.459065382321759e-08,1.43964191514199e-07,4.459065382321759e-08,0.8970006869694256,4.459065382321759e-08,0.315322516014746,4.459065382321759e-08,0.464911635245194,4.459065382321759e-08,0.004121796293282124
4.501229820150432e-08,2.54506778687789e-06,4.501229820150432e-08,0.8985400988075646,4.501229820150432e-08,0.3161907132298959,4.501229820150432e-08,0.4649163038192104,4.501229820150432e-08,0.00389135437958101
4.547643653338259e-08,-2.092103452946636e-07,4.547643653338259e-08,0.8989013238588999,4.547643653338259e-08,0.3164134992718924,4.547643653338259e-08,0.4649202203010988,4.547643653338259e-08,0.00366020038781008
4.56333486284095e-08,2.294208985989795e-06,4.56333486284095e-08,0.8990293910546271,4.56333486284095e-08,0.3164998724503628,4.56333486284095e-08,0.4649222704938158,4.56333486284095e-08,0.003582883921607834
4.59471728184633e-08,-4.92432036491199e-08,4.59471728184633e-08,0.8990775769438737,4.59471728184633e-08,0.3165510753087173,4.59471728184633e-08,0.4649272622831941,4.59471728184633e-08,0.003439085946598729
4.646892652339867e-08,2.181055118982446e-06,4.646892652339867e-08,0.8992325878884931,4.646892652339867e-08,0.3166889892932316,4.646892652339867e-08,0.4649375131283386,4.646892652339867e-08,0.003209391529813293
4.746892652339867e-08,-1.436700984844914e-08,4.746892652339867e-08,0.8992901139653395,4.746892652339867e-08,0.3168160021024956,4.746892652339867e-08,0.4649582320463914,4.746892652339867e-08,0.002831537870311195
4.846892652339867e-08,2.138370892859551e-06,4.846892652339867e-08,0.8993950524235843,4.846892652339867e-08,0.3169732437874151,4.846892652339867e-08,0.4649799215333475,4.846892652339867e-08,0.002495866187250353
4.923446326169933e-08,2.219839197538656e-08,4.923446326169933e-08,0.8993808782213011,4.923446326169933e-08,0.3170359755823566,4.923446326169933e-08,0.4649963184570629,4.923446326169933e-08,0.002273751960327972
5e-08,2.092519023774875e-06,5e-08,0.8994472095948127,5e-08,0.317147376436233,5e-08,0.4650129705139519,5e-08,0.002073922990417024
