/v_preamp (iin=2e-05) X,/v_preamp (iin=2e-05) Y,/v_preamp (iin=4e-05) X,/v_preamp (iin=4e-05) Y,/v_preamp (iin=6e-05) X,/v_preamp (iin=6e-05) Y,/v_preamp (iin=8e-05) X,/v_preamp (iin=8e-05) Y,/CFD_shaped (iin=2e-05) X,/CFD_shaped (iin=2e-05) Y,/CFD_shaped (iin=4e-05) X,/CFD_shaped (iin=4e-05) Y,/CFD_shaped (iin=6e-05) X,/CFD_shaped (iin=6e-05) Y,/CFD_shaped (iin=8e-05) X,/CFD_shaped (iin=8e-05) Y,/vin (iin=2e-05) X,/vin (iin=2e-05) Y,/vin (iin=4e-05) X,/vin (iin=4e-05) Y,/vin (iin=6e-05) X,/vin (iin=6e-05) Y,/vin (iin=8e-05) X,/vin (iin=8e-05) Y,/I7/MINUS (iin=2e-05) X,/I7/MINUS (iin=2e-05) Y,/I7/MINUS (iin=4e-05) X,/I7/MINUS (iin=4e-05) Y,/I7/MINUS (iin=6e-05) X,/I7/MINUS (iin=6e-05) Y,/I7/MINUS (iin=8e-05) X,/I7/MINUS (iin=8e-05) Y
0,0.03858787840597144,0,0.03858787840597144,0,0.03858787840597144,0,0.03858787840597144,0,0.01086144400803712,0,0.01086144400803712,0,0.01086144400803712,0,0.01086144400803712,0,0.7350398038786814,0,0.7350398038786814,0,0.7350398038786814,0,0.7350398038786814,0,0,0,0,0,0,0,0
5.000000000000001e-12,0.03858787840659202,5.000000000000001e-12,0.03858787840659202,5.000000000000001e-12,0.03858787840659202,5.000000000000001e-12,0.03858787840659202,5.000000000000001e-12,0.01086144400819063,5.000000000000001e-12,0.01086144400819063,5.000000000000001e-12,0.01086144400819063,5.000000000000001e-12,0.01086144400819063,5.000000000000001e-12,0.7350398038785175,5.000000000000001e-12,0.7350398038785175,5.000000000000001e-12,0.7350398038785175,5.000000000000001e-12,0.7350398038785175,5.000000000000001e-12,0,5.000000000000001e-12,0,5.000000000000001e-12,0,5.000000000000001e-12,0
1.5e-11,0.03858787840651907,1.5e-11,0.03858787840651907,1.5e-11,0.03858787840651907,1.5e-11,0.03858787840651907,1.5e-11,0.01086144400818358,1.5e-11,0.01086144400818358,1.5e-11,0.01086144400818358,1.5e-11,0.01086144400818358,1.5e-11,0.7350398038784025,1.5e-11,0.7350398038784025,1.5e-11,0.7350398038784025,1.5e-11,0.7350398038784025,1.5e-11,0,1.5e-11,0,1.5e-11,0,1.5e-11,0
3.5e-11,0.0385878784058269,3.5e-11,0.0385878784058269,3.5e-11,0.0385878784058269,3.5e-11,0.0385878784058269,3.5e-11,0.01086144400800819,3.5e-11,0.01086144400800819,3.5e-11,0.01086144400800819,3.5e-11,0.01086144400800819,3.5e-11,0.7350398038783373,3.5e-11,0.7350398038783373,3.5e-11,0.7350398038783373,3.5e-11,0.7350398038783373,3.5e-11,0,3.5e-11,0,3.5e-11,0,3.5e-11,0
7.499999999999999e-11,0.03858787840377578,7.499999999999999e-11,0.03858787840377578,7.499999999999999e-11,0.03858787840377578,7.499999999999999e-11,0.03858787840377578,7.499999999999999e-11,0.0108614440074512,7.499999999999999e-11,0.0108614440074512,7.499999999999999e-11,0.0108614440074512,7.499999999999999e-11,0.0108614440074512,7.499999999999999e-11,0.73503980387773,7.499999999999999e-11,0.73503980387773,7.499999999999999e-11,0.73503980387773,7.499999999999999e-11,0.73503980387773,7.499999999999999e-11,0,7.499999999999999e-11,0,7.499999999999999e-11,0,7.499999999999999e-11,0
1.55e-10,0.03858787839775441,1.55e-10,0.03858787839775441,1.55e-10,0.03858787839775441,1.55e-10,0.03858787839775441,1.55e-10,0.01086144400583373,1.55e-10,0.01086144400583373,1.55e-10,0.01086144400583373,1.55e-10,0.01086144400583373,1.55e-10,0.7350398038773986,1.55e-10,0.7350398038773986,1.55e-10,0.7350398038773986,1.55e-10,0.7350398038773986,1.55e-10,0,1.55e-10,0,1.55e-10,0,1.55e-10,0
2.55e-10,0.03858787838807286,2.55e-10,0.03858787838807286,2.55e-10,0.03858787838807286,2.55e-10,0.03858787838807286,2.55e-10,0.01086144400321548,2.55e-10,0.01086144400321548,2.55e-10,0.01086144400321548,2.55e-10,0.01086144400321548,2.55e-10,0.735039803876846,2.55e-10,0.735039803876846,2.55e-10,0.735039803876846,2.55e-10,0.735039803876846,2.55e-10,0,2.55e-10,0,2.55e-10,0,2.55e-10,0
3.55e-10,0.03858787838266353,3.55e-10,0.03858787838266353,3.55e-10,0.03858787838266353,3.55e-10,0.03858787838266353,3.55e-10,0.01086144400174136,3.55e-10,0.01086144400174136,3.55e-10,0.01086144400174136,3.55e-10,0.01086144400174136,3.55e-10,0.7350398038797403,3.55e-10,0.7350398038797403,3.55e-10,0.7350398038797403,3.55e-10,0.7350398038797403,3.55e-10,0,3.55e-10,0,3.55e-10,0,3.55e-10,0
4.275e-10,0.03858787838442268,4.275e-10,0.03858787838442268,4.275e-10,0.03858787838442268,4.275e-10,0.03858787838442268,4.275e-10,0.01086144400220268,4.275e-10,0.01086144400220268,4.275e-10,0.01086144400220268,4.275e-10,0.01086144400220268,4.275e-10,0.7350398038813727,4.275e-10,0.7350398038813727,4.275e-10,0.7350398038813727,4.275e-10,0.7350398038813727,4.275e-10,0,4.275e-10,0,4.275e-10,0,4.275e-10,0
5e-10,0.03858787839144802,5e-10,0.03858787839144802,5e-10,0.03858787839144802,5e-10,0.03858787839144802,5e-10,0.01086144400409075,5e-10,0.01086144400409075,5e-10,0.01086144400409075,5e-10,0.01086144400409075,5e-10,0.7350398038816797,5e-10,0.7350398038816797,5e-10,0.7350398038816797,5e-10,0.7350398038816797,5e-10,0,5e-10,0,5e-10,0,5e-10,0
6e-10,0.03858787839193127,6e-10,0.03858787839193127,6e-10,0.03858787839193127,6e-10,0.03858787839193127,6e-10,0.01086144400603093,6e-10,0.01086144400603093,6e-10,0.01086144400603093,6e-10,0.01086144400603093,6e-10,0.7350398038784886,6e-10,0.7350398038784886,6e-10,0.7350398038784886,6e-10,0.7350398038784886,6e-10,0,6e-10,0,6e-10,0,6e-10,0
7e-10,0.03858787838717671,7e-10,0.03858787838717671,7e-10,0.03858787838717671,7e-10,0.03858787838717671,7e-10,0.0108614440095242,7e-10,0.0108614440095242,7e-10,0.0108614440095242,7e-10,0.0108614440095242,7e-10,0.7350398038752928,7e-10,0.7350398038752928,7e-10,0.7350398038752928,7e-10,0.7350398038752928,7e-10,0,7e-10,0,7e-10,0,7e-10,0
7.999999999999999e-10,0.03858787837871192,7.999999999999999e-10,0.03858787837871192,7.999999999999999e-10,0.03858787837871192,7.999999999999999e-10,0.03858787837871192,7.999999999999999e-10,0.01086144401231545,7.999999999999999e-10,0.01086144401231545,7.999999999999999e-10,0.01086144401231545,7.999999999999999e-10,0.01086144401231545,7.999999999999999e-10,0.7350398038762395,7.999999999999999e-10,0.7350398038762395,7.999999999999999e-10,0.7350398038762395,7.999999999999999e-10,0.7350398038762395,7.999999999999999e-10,0,7.999999999999999e-10,0,7.999999999999999e-10,0,7.999999999999999e-10,0
8.999999999999999e-10,0.03858787836988563,8.999999999999999e-10,0.03858787836988563,8.999999999999999e-10,0.03858787836988563,8.999999999999999e-10,0.03858787836988563,8.999999999999999e-10,0.0108614440122302,8.999999999999999e-10,0.0108614440122302,8.999999999999999e-10,0.0108614440122302,8.999999999999999e-10,0.0108614440122302,8.999999999999999e-10,0.7350398038780818,8.999999999999999e-10,0.7350398038780818,8.999999999999999e-10,0.7350398038780818,8.999999999999999e-10,0.7350398038780818,8.999999999999999e-10,0,8.999999999999999e-10,0,8.999999999999999e-10,0,8.999999999999999e-10,0
9.999999999999999e-10,0.03858787836836568,9.999999999999999e-10,0.03858787836836568,9.999999999999999e-10,0.03858787836836568,9.999999999999999e-10,0.03858787836836568,9.999999999999999e-10,0.01086144400851776,9.999999999999999e-10,0.01086144400851776,9.999999999999999e-10,0.01086144400851776,9.999999999999999e-10,0.01086144400851776,9.999999999999999e-10,0.7350398038805362,9.999999999999999e-10,0.7350398038805362,9.999999999999999e-10,0.7350398038805362,9.999999999999999e-10,0.7350398038805362,9.999999999999999e-10,0,9.999999999999999e-10,0,9.999999999999999e-10,0,9.999999999999999e-10,0
1.043455804055859e-09,0.03913959147519435,1.025e-09,0.03883140762470105,1.025e-09,0.03895317225168141,1.025e-09,0.03907493687866155,1.043455804055859e-09,0.01100853683447905,1.025e-09,0.01092578425185421,1.025e-09,0.01095795437340267,1.025e-09,0.01099012449495106,1.043455804055859e-09,0.7354571164743615,1.025e-09,0.7353529680935695,1.025e-09,0.7355095502000157,1.025e-09,0.7356661323064617,1.043455804055859e-09,-2.483188803191963e-06,1.025e-09,-2.857142857142836e-06,1.025e-09,-4.285714285714253e-06,1.025e-09,-5.714285714285672e-06
1.125471318014582e-09,0.04183056910694754,1.075e-09,0.04017087215710981,1.075e-09,0.04097341537149163,1.075e-09,0.0417838306794638,1.125471318014582e-09,0.0117291748440288,1.075e-09,0.01128232070371135,1.075e-09,0.01149567445595794,1.075e-09,0.01171110593189906,1.125471318014582e-09,0.7367468256906624,1.075e-09,0.7365180405633858,1.075e-09,0.7372561182401348,1.075e-09,0.7379934337695344,1.125471318014582e-09,-7.16978960083323e-06,1.075e-09,-8.571428571428554e-06,1.075e-09,-1.285714285714283e-05,1.075e-09,-1.714285714285711e-05
1.225471318014582e-09,0.05085002403937451,1.150194820945364e-09,0.04744213032593007,1.120289312308213e-09,0.04605900332378786,1.115221296231591e-09,0.0475834190488602,1.225471318014582e-09,0.01415409318147418,1.150194820945364e-09,0.01322987395279676,1.120289312308213e-09,0.01285494278171672,1.115221296231591e-09,0.01326035787999523,1.225471318014582e-09,0.7387771859690584,1.150194820945364e-09,0.7396031292883675,1.120289312308213e-09,0.7399564184508093,1.115221296231591e-09,0.7411511861366102,1.225471318014582e-09,-1.288407531511895e-05,1.150194820945364e-09,-1.716512239375585e-05,1.120289312308213e-09,-2.062102496712223e-05,1.115221296231591e-09,-2.633629628150659e-05
1.287735659007291e-09,0.06002741820480154,1.203516285889625e-09,0.05848688338199257,1.165185500711169e-09,0.05620749111924801,1.155535384890135e-09,0.05892783130071268,1.287735659007291e-09,0.01662732263295457,1.203516285889625e-09,0.01619526890168634,1.165185500711169e-09,0.01557484636762633,1.155535384890135e-09,0.01629868890314325,1.287735659007291e-09,0.7395889414335078,1.203516285889625e-09,0.7419457060747632,1.165185500711169e-09,0.7430358168703781,1.155535384890135e-09,0.7448071547569837,1.287735659007291e-09,-1.644203765755948e-05,1.203516285889625e-09,-2.32590041016714e-05,1.165185500711169e-09,-2.831751440762902e-05,1.155535384890135e-09,-3.555094511774524e-05
1.35e-09,0.07004719045758563,1.268061261358941e-09,0.07838310565186568,1.213982684832073e-09,0.07447231819295504,1.197873298927884e-09,0.07859499082314696,1.35e-09,0.0193368438589735,1.268061261358941e-09,0.02155613006414686,1.213982684832073e-09,0.02048281588511731,1.197873298927884e-09,0.02157857554626791,1.35e-09,0.7396721206792144,1.268061261358941e-09,0.7436808564315096,1.213982684832073e-09,0.7459289246019293,1.197873298927884e-09,0.7483249267924312,1.35e-09,-2e-05,1.268061261358941e-09,-3.063557272673607e-05,1.213982684832073e-09,-3.668274597121255e-05,1.197873298927884e-09,-4.522818261208775e-05
1.351e-09,0.07022398714684254,1.30903063067947e-09,0.09314667485151025,1.255175961625648e-09,0.09515627306134093,1.249841581056658e-09,0.1122106010195084,1.351e-09,0.01938358157838381,1.30903063067947e-09,0.02554298334720098,1.255175961625648e-09,0.02605505323381155,1.249841581056658e-09,0.03063238746710641,1.351e-09,0.7396637574441058,1.30903063067947e-09,0.7438336357128623,1.255175961625648e-09,0.7473784206853771,1.249841581056658e-09,0.7509980987461127,1.351e-09,-2e-05,1.30903063067947e-09,-3.531778636336802e-05,1.255175961625648e-09,-4.374445056439678e-05,1.249841581056658e-09,-5.710664709866472e-05
1.353e-09,0.07055911149052424,1.35e-09,0.1064560244696347,1.288070119390921e-09,0.1131357381625656,1.292105182711094e-09,0.1416224835823116,1.353e-09,0.0194737872035533,1.35e-09,0.02915338478086424,1.288070119390921e-09,0.03091341076680969,1.292105182711094e-09,0.03858916367029548,1.353e-09,0.7396528916243353,1.35e-09,0.7433021896667147,1.288070119390921e-09,0.7476666725021318,1.292105182711094e-09,0.7514886161073997,1.353e-09,-1.996521739130434e-05,1.35e-09,-4e-05,1.288070119390921e-09,-4.938344903844368e-05,1.292105182711094e-09,-6.676689890539291e-05
1.357000000000001e-09,0.07120331085430227,1.351e-09,0.106762819317888,1.322977137803368e-09,0.1304546243158416,1.322580828452405e-09,0.1590050949063603,1.357000000000001e-09,0.01964852159261918,1.351e-09,0.02923547577591659,1.322977137803368e-09,0.03560984698672459,1.322580828452405e-09,0.04331929361968547,1.357000000000001e-09,0.7396256546041844,1.351e-09,0.7432776728812062,1.322977137803368e-09,0.7472449710634043,1.322580828452405e-09,0.7511453139700055,1.357000000000001e-09,-1.989565217391303e-05,1.351e-09,-4e-05,1.322977137803368e-09,-5.53675093377202e-05,1.322580828452405e-09,-7.373276078912124e-05
1.363750058871901e-09,0.07222286704216915,1.353e-09,0.1073487594975453,1.35e-09,0.1409584945108719,1.336290414226203e-09,0.1650832253177163,1.363750058871901e-09,0.01992610093704496,1.353e-09,0.02939407884070308,1.35e-09,0.03846969986304691,1.336290414226203e-09,0.0449760834378591,1.363750058871901e-09,0.7395552726575673,1.353e-09,0.7432347163604011,1.35e-09,0.7466253972972219,1.336290414226203e-09,0.750915701821899,1.363750058871901e-09,-1.977825984570607e-05,1.353e-09,-3.993043478260868e-05,1.35e-09,-6e-05,1.336290414226203e-09,-7.686638039456064e-05
1.374957873860195e-09,0.07380899160687565,1.357000000000001e-09,0.1084810949665165,1.351e-09,0.1412839508959515,1.35e-09,0.1698733535310958,1.374957873860195e-09,0.02035657726116384,1.357000000000001e-09,0.02970196722218779,1.351e-09,0.03855847671380053,1.35e-09,0.04628947839813435,1.374957873860195e-09,0.7393962174842175,1.357000000000001e-09,0.7431401747620424,1.351e-09,0.7465995831460829,1.35e-09,0.7507185435509792,1.374957873860195e-09,-1.958334132417053e-05,1.357000000000001e-09,-3.979130434782606e-05,1.351e-09,-6e-05,1.35e-09,-8.000000000000001e-05
1.397373503836783e-09,0.07650908833572577,1.363381027320371e-09,0.1101549963354163,1.353e-09,0.1419113853102626,1.351e-09,0.1701800943142672,1.397373503836783e-09,0.02109144604425141,1.363381027320371e-09,0.0301587115303972,1.353e-09,0.03872990159027025,1.351e-09,0.04637289164491583,1.397373503836783e-09,0.7389189556038516,1.363381027320371e-09,0.7429550179680231,1.353e-09,0.7465445990312536,1.351e-09,0.750702596644694,1.397373503836783e-09,-1.919350428109944e-05,1.363381027320371e-09,-3.956935557146537e-05,1.353e-09,-5.989565217391303e-05,1.351e-09,-8.000000000000001e-05
1.429041935418473e-09,0.07893796833426082,1.374907110060645e-09,0.1128284140815995,1.357000000000001e-09,0.143120367623636,1.353e-09,0.1707632931398963,1.429041935418473e-09,0.02175748702176433,1.374907110060645e-09,0.03088799461044076,1.357000000000001e-09,0.03906054315543306,1.353e-09,0.04653234554919911,1.429041935418473e-09,0.7379925214314771,1.374907110060645e-09,0.7425475668516833,1.357000000000001e-09,0.7464261363074561,1.353e-09,0.7506724371603001,1.429041935418473e-09,-1.864274894924395e-05,1.374907110060645e-09,-3.916844834571669e-05,1.357000000000001e-09,-5.968695652173909e-05,1.353e-09,-7.986086956521737e-05
1.492378798581855e-09,0.07794278908456879,1.397959275541194e-09,0.1167180710073309,1.365000000000002e-09,0.1452678673555219,1.357000000000001e-09,0.1718801434875517,1.492378798581855e-09,0.02151046072530292,1.397959275541194e-09,0.03195446167803517,1.365000000000002e-09,0.03964901904453252,1.357000000000001e-09,0.04683827404251772,1.492378798581855e-09,0.7359714120911369,1.397959275541194e-09,0.7414912083320625,1.365000000000002e-09,0.746144740574417,1.357000000000001e-09,0.7506037535673551,1.492378798581855e-09,-1.754123828553296e-05,1.397959275541194e-09,-3.836663389421933e-05,1.365000000000002e-09,-5.926956521739123e-05,1.357000000000001e-09,-7.958260869565212e-05
1.563080253667522e-09,0.06889431431426447,1.42996055121049e-09,0.1186299104611943,1.381000000000003e-09,0.1485250907477894,1.364866292831072e-09,0.173792641758156,1.563080253667522e-09,0.01854677139725976,1.42996055121049e-09,0.03249403143700177,1.381000000000003e-09,0.04054479770969437,1.364866292831072e-09,0.0473638786659703,1.563080253667522e-09,0.7345851432286258,1.42996055121049e-09,0.739731305944806,1.381000000000003e-09,0.7454403633852827,1.364866292831072e-09,0.7504226778194143,1.563080253667522e-09,-1.631164776230396e-05,1.42996055121049e-09,-3.725354604485253e-05,1.381000000000003e-09,-5.843478260869549e-05,1.364866292831072e-09,-7.903538832479501e-05
1.621121268498095e-09,0.05897479018737651,1.49396310254908e-09,0.1115369323863868,1.413000000000006e-09,0.1511797782029136,1.380598878493214e-09,0.1765905055640493,1.621121268498095e-09,0.0149580294605796,1.49396310254908e-09,0.0306136687374516,1.413000000000006e-09,0.04129030956577833,1.380598878493214e-09,0.04813561770625029,1.621121268498095e-09,0.7347072455609956,1.49396310254908e-09,0.7365413852272369,1.413000000000006e-09,0.7436856507870439,1.380598878493214e-09,0.7499218265360176,1.621121268498095e-09,-1.530223880872878e-05,1.49396310254908e-09,-3.502737034611895e-05,1.413000000000006e-09,-5.676521739130402e-05,1.380598878493214e-09,-7.794094758308078e-05
1.670510097607649e-09,0.05113905589689621,1.544230940270952e-09,0.09870834605144509,1.453810343347508e-09,0.1482774532970843,1.406358401020171e-09,0.178669015917821,1.670510097607649e-09,0.01058412753191826,1.544230940270952e-09,0.02686937574262696,1.453810343347508e-09,0.04053258972703604,1.406358401020171e-09,0.04871745826734196,1.670510097607649e-09,0.7356048705130989,1.544230940270952e-09,0.735220225464267,1.453810343347508e-09,0.741295508267241,1.406358401020171e-09,0.7488149677591733,1.670510097607649e-09,-1.444330265030175e-05,1.544230940270952e-09,-3.327892381666253e-05,1.453810343347508e-09,-5.463598208621696e-05,1.406358401020171e-09,-7.614898079859684e-05
1.717033458015474e-09,0.04628617940707556,1.587320205715024e-09,0.08606951260497479,1.493594990918901e-09,0.1405933921792004,1.442831042799808e-09,0.1775331266598122,1.717033458015474e-09,0.006944388743204384,1.587320205715024e-09,0.02255036667139463,1.493594990918901e-09,0.03847074869472664,1.442831042799808e-09,0.04842967938942979,1.717033458015474e-09,0.7367251712767832,1.587320205715024e-09,0.7353046953584145,1.493594990918901e-09,0.7393324286319715,1.442831042799808e-09,0.7469556410436874,1.717033458015474e-09,-1.363420073016567e-05,1.587320205715024e-09,-3.17801667577383e-05,1.493594990918901e-09,-5.256026134336168e-05,1.442831042799808e-09,-7.36117535443612e-05
1.779894492645868e-09,0.04279168788776995,1.626238770082443e-09,0.07552809076661758,1.53333322562636e-09,0.1300794820732147,1.478708465004671e-09,0.1730732969128283,1.779894492645868e-09,0.0006886713424926871,1.626238770082443e-09,0.01788698618011998,1.53333322562636e-09,0.03537585505910614,1.478708465004671e-09,0.04723541199963684,1.779894492645868e-09,0.7378941460229664,1.626238770082443e-09,0.7362220775998198,1.53333322562636e-09,0.7380907655674634,1.478708465004671e-09,0.7451015078686583,1.779894492645868e-09,-1.254096534528925e-05,1.626238770082443e-09,-3.042647756234982e-05,1.53333322562636e-09,-5.04869621412334e-05,1.478708465004671e-09,-7.111593286924032e-05
1.829108729622321e-09,0.0412806303593404,1.665099434055487e-09,0.06730035052899391,1.573376164398091e-09,0.1184566545484922,1.520440309263498e-09,0.1652010746995923,1.829108729622321e-09,-0.005185137609519238,1.665099434055487e-09,0.01284763897558696,1.573376164398091e-09,0.03157487047661315,1.520440309263498e-09,0.04497714118664009,1.829108729622321e-09,0.7381250187689323,1.665099434055487e-09,0.7375883384068871,1.573376164398091e-09,0.7376821281782301,1.520440309263498e-09,0.7432341259108349,1.829108729622321e-09,-1.168506557178573e-05,1.665099434055487e-09,-2.907480229372219e-05,1.573376164398091e-09,-4.839776533575178e-05,1.520440309263498e-09,-6.82128480512349e-05
1.887390991845649e-09,0.03964000835813656,1.712696666730482e-09,0.06007484584530501,1.615106093055051e-09,0.1064594979779945,1.564162188495952e-09,0.1548038659028375,1.887390991845649e-09,-0.01232324164115719,1.712696666730482e-09,0.004733941141939542,1.615106093055051e-09,0.02626987780850056,1.564162188495952e-09,0.04128459322598832,1.887390991845649e-09,0.7374361197201154,1.712696666730482e-09,0.7392346149196577,1.615106093055051e-09,0.7380498979165079,1.564162188495952e-09,0.7417981562778574,1.887390991845649e-09,-1.067146101138001e-05,1.712696666730482e-09,-2.741924637459194e-05,1.615106093055051e-09,-4.622055166669301e-05,1.564162188495952e-09,-6.517132601767289e-05
1.937815371354565e-09,0.03755981478888772,1.782738658655014e-09,0.05168815456756728,1.658307617448468e-09,0.09473399864713625,1.61391611470257e-09,0.1411546946381296,1.937815371354565e-09,-0.01682226499092894,1.782738658655014e-09,-0.01262180603181544,1.658307617448468e-09,0.01843870760713357,1.61391611470257e-09,0.03482162122682827,1.937815371354565e-09,0.7362284940311774,1.782738658655014e-09,0.7402890638636422,1.658307617448468e-09,0.738957390696441,1.61391611470257e-09,0.740865731381355,1.937815371354565e-09,-9.794515280790167e-06,1.782738658655014e-09,-2.498300317721691e-05,1.658307617448468e-09,-4.396655908964514e-05,1.61391611470257e-09,-6.171018332503864e-05
1.988754261160829e-09,0.03477711266817581,1.832657264637339e-09,0.04503097257723646,1.707249787932139e-09,0.08173911566739782,1.666071491132667e-09,0.1231540432865612,1.988754261160829e-09,-0.01856733706234763,1.832657264637339e-09,-0.02848859415566354,1.707249787932139e-09,0.004806646506467362,1.666071491132667e-09,0.02126932126304567,1.988754261160829e-09,0.7349260439419663,1.832657264637339e-09,0.73959258445805,1.707249787932139e-09,0.740045494357127,1.666071491132667e-09,0.7405195624086308,1.988754261160829e-09,-8.908621545029068e-06,1.832657264637339e-09,-2.324670383870124e-05,1.707249787932139e-09,-4.1413054542671e-05,1.666071491132667e-09,-5.808198322555358e-05
2.051348017461424e-09,0.03191647790323286,1.879055904746196e-09,0.0367635289255125,1.779158664233589e-09,0.05859251892627933,1.723159441329747e-09,0.09610414134880584,2.051348017461424e-09,-0.01535578140417442,1.879055904746196e-09,-0.04340161653724067,1.779158664233589e-09,-0.02813323522719297,1.723159441329747e-09,-0.006629201959064599,2.051348017461424e-09,0.7339348448389375,1.879055904746196e-09,0.7379713702798472,1.779158664233589e-09,0.7405422062155793,1.723159441329747e-09,0.7404514937347069,2.051348017461424e-09,-7.820034478931759e-06,1.879055904746196e-09,-2.16328380957845e-05,1.779158664233589e-09,-3.766128708346494e-05,1.723159441329747e-09,-5.411064755966975e-05
2.118322503836226e-09,0.03069235354488701,1.918906705413446e-09,0.02937860226629583,1.835168471112559e-09,0.03696868292899388,1.793725546755949e-09,0.05248443013719849,2.118322503836226e-09,-0.008293804401244841,1.918906705413446e-09,-0.05222142625130634,1.835168471112559e-09,-0.06018999359533153,1.793725546755949e-09,-0.05896189909184321,2.118322503836226e-09,0.7340160977703805,1.918906705413446e-09,0.7362473169699538,1.835168471112559e-09,0.7396066134473551,1.793725546755949e-09,0.740100245893449,2.118322503836226e-09,-6.655260802848235e-06,1.918906705413446e-09,-2.024672328996711e-05,1.835168471112559e-09,-3.473903628977954e-05,1.793725546755949e-09,-4.920170109523831e-05
2.169867838170985e-09,0.03152653239052006,1.964658317014649e-09,0.02268901099425799,1.88225792065778e-09,0.01993396647607635,1.872787206163659e-09,0.0063224594493977,2.169867838170985e-09,-0.002109593732705544,1.964658317014649e-09,-0.05452461717520459,1.88225792065778e-09,-0.08245850255653694,1.872787206163659e-09,-0.1142364897822652,2.169867838170985e-09,0.7347581872799632,1.964658317014649e-09,0.7345519169436378,1.88225792065778e-09,0.7381031466716996,1.872787206163659e-09,0.7389990102714621,2.169867838170985e-09,-5.758820205722e-06,1.964658317014649e-09,-1.865536288644698e-05,1.88225792065778e-09,-3.228219544394193e-05,1.872787206163659e-09,-4.37017595712237e-05
2.223106306217476e-09,0.03389820090541133,2.004022227516505e-09,0.01733840384201718,1.925702430960441e-09,0.009165290609326917,1.928277703894622e-09,-0.01032845228208786,2.223106306217476e-09,0.003199317339803851,2.004022227516505e-09,-0.05325870038788676,1.925702430960441e-09,-0.09195661701355724,1.928277703894622e-09,-0.1289577314780404,2.223106306217476e-09,0.735729187171081,2.004022227516505e-09,0.7337202784632254,1.925702430960441e-09,0.7366186863494907,1.928277703894622e-09,0.7380136186391719,2.223106306217476e-09,-4.832933804913466e-06,2.004022227516505e-09,-1.728618339073027e-05,1.925702430960441e-09,-3.001552534119436e-05,1.928277703894622e-09,-3.984155103341758e-05
2.295428337190975e-09,0.0385259884418787,2.046865041434614e-09,0.01455904969612118,1.977524296567728e-09,0.001808202610464192,1.979413959438214e-09,-0.01658011716485928,2.295428337190975e-09,0.00798336742376363,2.046865041434614e-09,-0.04620341177403555,1.977524296567728e-09,-0.09193270233860119,1.979413959438214e-09,-0.1295357951334269,2.295428337190975e-09,0.7366055649555964,2.046865041434614e-09,0.7336804207832786,1.977524296567728e-09,0.7353737681564303,1.979413959438214e-09,0.7372936265787243,2.295428337190975e-09,-3.575159353200441e-06,2.046865041434614e-09,-1.579599855879602e-05,1.977524296567728e-09,-2.731177583124897e-05,1.979413959438214e-09,-3.628424629995034e-05
2.352861086644207e-09,0.04305279012973667,2.089680705298054e-09,0.01590378787287252,2.034517525716382e-09,-0.0002800828181448778,2.051551974158439e-09,-0.01591490061550124,2.352861086644207e-09,0.01089771845256697,2.089680705298054e-09,-0.03566796482575705,2.034517525716382e-09,-0.08155504561471327,2.051551974158439e-09,-0.1158926216479834,2.352861086644207e-09,0.7365738013012065,2.089680705298054e-09,0.7344310748993129,2.034517525716382e-09,0.7350858743317532,2.051551974158439e-09,0.7368451629794729,2.352861086644207e-09,-2.576328927926841e-06,2.089680705298054e-09,-1.430675807658942e-05,2.034517525716382e-09,-2.433821604958007e-05,2.051551974158439e-09,-3.126594962376079e-05
2.415151750800967e-09,0.04711743565205344,2.129830577593583e-09,0.01925324076961936,2.08050555580737e-09,0.002716221275149742,2.1179242549333e-09,-0.007729537155460502,2.415151750800967e-09,0.01358015563316141,2.129830577593583e-09,-0.0256241304362008,2.08050555580737e-09,-0.06835638345926649,2.1179242549333e-09,-0.09531383377867308,2.415151750800967e-09,0.735768060155933,2.129830577593583e-09,0.7355740913452533,2.08050555580737e-09,0.7356373815278018,2.1179242549333e-09,0.7368944143767557,2.415151750800967e-09,-1.493013029548402e-06,2.129830577593583e-09,-1.291024077935365e-05,2.08050555580737e-09,-2.193884056657201e-05,2.1179242549333e-09,-2.664874748290087e-05
2.458075875400484e-09,0.04863022463024986,2.181566766597884e-09,0.02601387322368649,2.126407774153985e-09,0.008622330680595477,2.183928794686133e-09,0.006969660950351951,2.458075875400484e-09,0.0153087712571185,2.181566766597884e-09,-0.01446659472838455,2.126407774153985e-09,-0.05424520973920229,2.183928794686133e-09,-0.0676009475685275,2.458075875400484e-09,0.7349180253792489,2.181566766597884e-09,0.7370472712487743,2.126407774153985e-09,0.7365516388175301,2.183928794686133e-09,0.7370031199295146,2.458075875400484e-09,-7.465065147741941e-07,2.181566766597884e-09,-1.111072116181274e-05,2.126407774153985e-09,-1.954394221805293e-05,2.183928794686133e-09,-2.205712732618202e-05
2.501e-09,0.04845218628493922,2.235759398114776e-09,0.03469355629675196,2.178777749803281e-09,0.01854666670002132,2.281254982803921e-09,0.04156473925165871,2.501e-09,0.01668623756878976,2.235759398114776e-09,-0.005133501922748411,2.178777749803281e-09,-0.0381178831971268,2.281254982803921e-09,-0.01303484708950679,2.501e-09,0.7340692887785846,2.235759398114776e-09,0.7379661746648775,2.178777749803281e-09,0.7374798753884622,2.281254982803921e-09,0.7365780060475857,2.501e-09,0,2.235759398114776e-09,-9.225760065573008e-06,2.178777749803281e-09,-1.681159566243753e-05,2.281254982803921e-09,-1.528660989190117e-05
2.586848249199033e-09,0.0451654175522354,2.293168800025732e-09,0.0451149692162169,2.226402378485925e-09,0.02992385744434029,2.366755644994216e-09,0.06947491295501529,2.586848249199033e-09,0.01807206850518616,2.293168800025732e-09,0.003780033644708152,2.226402378485925e-09,-0.02313580398848897,2.366755644994216e-09,0.03065312046387799,2.586848249199033e-09,0.7339045294010357,2.293168800025732e-09,0.7377609146432172,2.226402378485925e-09,0.7378146498496166,2.366755644994216e-09,0.7354865348037022,2.586848249199033e-09,0,2.293168800025732e-09,-7.228911303452811e-06,2.226402378485925e-09,-1.432683242682131e-05,2.366755644994216e-09,-9.338737739532764e-06
2.640076434135041e-09,0.04284373029676519,2.344129548616316e-09,0.05328498870271417,2.284851270703731e-09,0.04551766891432057,2.443579628020485e-09,0.07899103724535023,2.640076434135041e-09,0.01803501756361765,2.344129548616316e-09,0.01114033459090379,2.284851270703731e-09,-0.003827795983661299,2.443579628020485e-09,0.0501119381533413,2.640076434135041e-09,0.7340246521147176,2.344129548616316e-09,0.7365878210660102,2.284851270703731e-09,0.7372891901937308,2.443579628020485e-09,0.7341607113385453,2.640076434135041e-09,0,2.344129548616316e-09,-5.456363526388994e-06,2.284851270703731e-09,-1.127732500676185e-05,2.443579628020485e-09,-3.994460659444498e-06
2.707975076301221e-09,0.0397734658342954,2.391791514414851e-09,0.05851179787837376,2.335858445981388e-09,0.05846742870394597,2.501e-09,0.07657550011799563,2.707975076301221e-09,0.01652278179122624,2.391791514414851e-09,0.0180777593175532,2.335858445981388e-09,0.01348859844468741,2.501e-09,0.05412926451722398,2.707975076301221e-09,0.7346663335693648,2.391791514414851e-09,0.7349947210629416,2.335858445981388e-09,0.7361124604538465,2.501e-09,0.7331982997274782,2.707975076301221e-09,0,2.391791514414851e-09,-3.798556020353017e-06,2.335858445981388e-09,-8.616081079231911e-06,2.501e-09,0
2.794569609255077e-09,0.03761872014648335,2.441457458257345e-09,0.05990232507814463,2.387561039630354e-09,0.06740707473618071,2.541674727633048e-09,0.0733817610332247,2.794569609255077e-09,0.01327838549510452,2.441457458257345e-09,0.02404039635793032,2.387561039630354e-09,0.0283135233499362,2.541674727633048e-09,0.0549091339984271,2.794569609255077e-09,0.7356097925458078,2.441457458257345e-09,0.7333958380188378,2.387561039630354e-09,0.7346309477512798,2.541674727633048e-09,0.7331406385168658,2.794569609255077e-09,0,2.441457458257345e-09,-2.071044930179322e-06,2.387561039630354e-09,-5.9185544540685e-06,2.541674727633048e-09,0
2.893952212240175e-09,0.0370629564455934,2.501e-09,0.0565664526345876,2.448761003293744e-09,0.0692875667358038,2.60090176277117e-09,0.06730657484085234,2.893952212240175e-09,0.008585235117999487,2.501e-09,0.02859587992422735,2.448761003293744e-09,0.03825300477543965,2.60090176277117e-09,0.05269082203793805,2.893952212240175e-09,0.735962212696706,2.501e-09,0.7322000023067139,2.448761003293744e-09,0.7331358243376183,2.60090176277117e-09,0.7335245133447262,2.893952212240175e-09,0,2.501e-09,0,2.448761003293744e-09,-2.725512871630749e-06,2.60090176277117e-09,0
2.984866807108011e-09,0.03763837615080316,2.556820357295965e-09,0.05215652492367306,2.501e-09,0.06543403719002133,2.678022018233742e-09,0.05938411004817092,2.984866807108011e-09,0.006069911478981121,2.556820357295965e-09,0.03038414070296417,2.501e-09,0.041611624920477,2.678022018233742e-09,0.04580560912935122,2.984866807108011e-09,0.7353750210764878,2.556820357295965e-09,0.7327069159690787,2.501e-09,0.732413242947185,2.678022018233742e-09,0.7349056985174113,2.984866807108011e-09,0,2.556820357295965e-09,0,2.501e-09,0,2.678022018233742e-09,0
3.06336311733923e-09,0.03841609477530597,2.598538270991949e-09,0.04824806702714327,2.531989501875101e-09,0.0625082207012165,2.752221405355802e-09,0.05037085822694765,3.06336311733923e-09,0.007274891811610574,2.598538270991949e-09,0.02960418760682442,2.531989501875101e-09,0.04243656399079868,2.752221405355802e-09,0.03153072497792585,3.06336311733923e-09,0.7346215884991578,2.598538270991949e-09,0.7333217679130828,2.531989501875101e-09,0.7325655691345796,2.752221405355802e-09,0.736192395042392,3.06336311733923e-09,0,2.598538270991949e-09,0,2.531989501875101e-09,0,2.752221405355802e-09,0
3.14332671857149e-09,0.03780061269111275,2.681974098383916e-09,0.04184915170992246,2.577575219984025e-09,0.05755502669127709,2.852221405355802e-09,0.03708664055700862,3.14332671857149e-09,0.008885367476415544,2.681974098383916e-09,0.02438891623206102,2.577575219984025e-09,0.04137230367771177,2.852221405355802e-09,0.006691656498450581,3.14332671857149e-09,0.734234707878049,2.681974098383916e-09,0.7352456743170732,2.577575219984025e-09,0.7331185249246235,2.852221405355802e-09,0.7364701588759652,3.14332671857149e-09,0,2.681974098383916e-09,0,2.577575219984025e-09,0,2.852221405355802e-09,0
3.24332671857149e-09,0.03676563743427024,2.744584645337962e-09,0.0393428749587711,2.656860079706475e-09,0.04992116913818934,2.923872373296204e-09,0.03036416692711757,3.24332671857149e-09,0.01106413776204128,2.744584645337962e-09,0.01843973400110458,2.656860079706475e-09,0.03540945525334898,2.923872373296204e-09,-0.006712866983005497,3.24332671857149e-09,0.734595414467909,2.744584645337962e-09,0.7365454432175704,2.656860079706475e-09,0.7349651874556176,2.923872373296204e-09,0.7355265396837569,3.24332671857149e-09,0,2.744584645337962e-09,0,2.656860079706475e-09,0,2.923872373296204e-09,0
3.32541610847943e-09,0.03742480774896331,2.810917731563997e-09,0.03832265475939855,2.723909190702939e-09,0.04565549861115952,2.990080515618284e-09,0.0267590977051108,3.32541610847943e-09,0.01246862018781562,2.810917731563997e-09,0.01108778128659553,2.723909190702939e-09,0.02755415218055529,2.990080515618284e-09,-0.01129595242800724,3.32541610847943e-09,0.7352663749175882,2.810917731563997e-09,0.7370080166625969,2.723909190702939e-09,0.7364859671388069,2.990080515618284e-09,0.7343715188541162,3.32541610847943e-09,0,2.810917731563997e-09,0,2.723909190702939e-09,0,2.990080515618284e-09,0
3.408599151303489e-09,0.03947445403437135,2.882988517900305e-09,0.03790719923427732,2.793238577083758e-09,0.04181126943165579,3.053984002435258e-09,0.02580342564061262,3.408599151303489e-09,0.01343191111944848,2.882988517900305e-09,0.003745175002823137,2.793238577083758e-09,0.01600403590250262,3.053984002435258e-09,-0.00915154633494999,3.408599151303489e-09,0.7357114767428286,2.882988517900305e-09,0.736238698204321,2.793238577083758e-09,0.7370869341376662,3.053984002435258e-09,0.7336647433679445,3.408599151303489e-09,0,2.882988517900305e-09,0,2.793238577083758e-09,0,3.053984002435258e-09,0
3.508599151303489e-09,0.04221714750989573,2.94091970763517e-09,0.03700287043333321,2.868432642878723e-09,0.03739672848976124,3.143646625409129e-09,0.02558783227393113,3.508599151303489e-09,0.01395243548791742,2.94091970763517e-09,0.0003293426709402888,2.868432642878723e-09,0.002655542160330067,3.143646625409129e-09,-0.00327839067655208,3.508599151303489e-09,0.7355315169134683,2.94091970763517e-09,0.7350037188343067,2.868432642878723e-09,0.7362950772302166,3.143646625409129e-09,0.7339046040201386,3.508599151303489e-09,0,2.94091970763517e-09,0,2.868432642878723e-09,0,3.143646625409129e-09,0
3.599297339320557e-09,0.04295369580804455,2.997627622492286e-09,0.03609594499229153,2.926455343496657e-09,0.03444664471200978,3.207839515563733e-09,0.02781872870300766,3.599297339320557e-09,0.01388210653083286,2.997627622492286e-09,0.000766308264073397,2.926455343496657e-09,-0.003605154354460764,3.207839515563733e-09,0.00224727132258926,3.599297339320557e-09,0.734923703826328,2.997627622492286e-09,0.733869036466402,2.926455343496657e-09,0.7349973671086061,3.207839515563733e-09,0.7347686499004625,3.599297339320557e-09,0,2.997627622492286e-09,0,2.926455343496657e-09,0,3.207839515563733e-09,0
3.687192733668089e-09,0.04185364542384811,3.085886048154816e-09,0.03347528505949111,2.982388686696914e-09,0.03219182487691882,3.273735932372792e-09,0.03324648120031502,3.687192733668089e-09,0.01393177905366528,3.085886048154816e-09,0.004344551425871234,2.982388686696914e-09,-0.00499640543944755,3.273735932372792e-09,0.009171834748763728,3.687192733668089e-09,0.734484888236565,3.085886048154816e-09,0.7333236683691573,2.982388686696914e-09,0.7338090223861493,3.273735932372792e-09,0.7357288962467258,3.687192733668089e-09,0,3.085886048154816e-09,0,2.982388686696914e-09,0,3.273735932372792e-09,0
3.787192733668089e-09,0.03956615404858261,3.150686161537517e-09,0.03223623154871171,3.065274669583874e-09,0.02943751683109937,3.373735932372792e-09,0.04552874876152441,3.787192733668089e-09,0.0135726403387861,3.150686161537517e-09,0.007421781406965572,3.065274669583874e-09,-0.001472095216533629,3.373735932372792e-09,0.02093696101014345,3.787192733668089e-09,0.7346136363436139,3.150686161537517e-09,0.733975778502802,3.065274669583874e-09,0.7331999174721873,3.373735932372792e-09,0.7363182272927888,3.787192733668089e-09,0,3.150686161537517e-09,0,3.065274669583874e-09,0,3.373735932372792e-09,0
3.881022522094461e-09,0.0380351177721766,3.207397827246357e-09,0.03278367967129005,3.130906135299887e-09,0.02873702355552379,3.463949540944664e-09,0.05490382927162136,3.881022522094461e-09,0.0123855641662146,3.207397827246357e-09,0.01005401310588776,3.130906135299887e-09,0.002723206273085984,3.463949540944664e-09,0.02862501417335395,3.881022522094461e-09,0.7351324694542043,3.207397827246357e-09,0.7349778063834853,3.130906135299887e-09,0.7338302947149438,3.463949540944664e-09,0.7356965671842859,3.881022522094461e-09,0,3.207397827246357e-09,0,3.130906135299887e-09,0,3.463949540944664e-09,0
3.971821088714375e-09,0.03786067019332717,3.278790409591718e-09,0.03605077153617098,3.185470642385042e-09,0.02947192503183005,3.53816386236051e-09,0.05760529153412867,3.971821088714375e-09,0.01088149506101112,3.278790409591718e-09,0.0127495107452268,3.185470642385042e-09,0.006068624944459126,3.53816386236051e-09,0.0314146823454993,3.971821088714375e-09,0.7355030611184823,3.278790409591718e-09,0.7360974339849659,3.185470642385042e-09,0.7348387065757391,3.53816386236051e-09,0.734755667238658,3.971821088714375e-09,0,3.278790409591718e-09,0,3.185470642385042e-09,0,3.53816386236051e-09,0
4.071821088714375e-09,0.03876285429454181,3.369800751730873e-09,0.0422256555497995,3.258098487921693e-09,0.03392124392774752,3.613503934323274e-09,0.05598426117424018,4.071821088714375e-09,0.009905649152457806,3.369800751730873e-09,0.01535975817439469,3.258098487921693e-09,0.01054192468625781,3.613503934323274e-09,0.03158232365537797,4.071821088714375e-09,0.7353912891387726,3.369800751730873e-09,0.7364688992659987,3.258098487921693e-09,0.7360858347907412,3.613503934323274e-09,0.7341119603923899,4.071821088714375e-09,0,3.369800751730873e-09,0,3.258098487921693e-09,0,3.613503934323274e-09,0
4.171821088714375e-09,0.03948616315674541,3.436614644483736e-09,0.04679622153957064,3.334127663306618e-09,0.04108605451711731,3.713503934323274e-09,0.05076171938509068,4.171821088714375e-09,0.01013847528893399,3.436614644483736e-09,0.01715028481868252,3.334127663306618e-09,0.01543137268041536,3.713503934323274e-09,0.02938130957572487,4.171821088714375e-09,0.7349324474117188,3.436614644483736e-09,0.7358276215697049,3.334127663306618e-09,0.7366075757358832,3.713503934323274e-09,0.7343002022544091,4.171821088714375e-09,0,3.436614644483736e-09,0,3.334127663306618e-09,0,3.713503934323274e-09,0
4.270703111988944e-09,0.03929411433221191,3.51165130853747e-09,0.04865045565675757,3.398180735004549e-09,0.04790696453109128,3.789194150560894e-09,0.04616782336841598,4.270703111988944e-09,0.01121126215398962,3.51165130853747e-09,0.0185259359016108,3.398180735004549e-09,0.01967024509981639,3.789194150560894e-09,0.02468540912676892,4.270703111988944e-09,0.7346307413013276,3.51165130853747e-09,0.7347031386851779,3.398180735004549e-09,0.736177118602207,3.789194150560894e-09,0.735034566723084,4.270703111988944e-09,0,3.51165130853747e-09,0,3.398180735004549e-09,0,3.789194150560894e-09,0
4.370703111988944e-09,0.03866884382026372,3.57328289668631e-09,0.0475376683200727,3.477960377678196e-09,0.0525760959818312,3.865154101078422e-09,0.04222574780087739,4.370703111988944e-09,0.01221836877799267,3.57328289668631e-09,0.01918594835046779,3.477960377678196e-09,0.02339426951408871,3.865154101078422e-09,0.01826226188600884,4.370703111988944e-09,0.7347902739630422,3.57328289668631e-09,0.7339845721379791,3.477960377678196e-09,0.7349919492294943,3.865154101078422e-09,0.7356899542684363,4.370703111988944e-09,0,3.57328289668631e-09,0,3.477960377678196e-09,0,3.865154101078422e-09,0
4.470703111988944e-09,0.03877946309258174,3.665798315099746e-09,0.04352477015782941,3.535799926482458e-09,0.05272983512407595,3.965154101078422e-09,0.0386979771453796,4.470703111988944e-09,0.01269514036252999,3.665798315099746e-09,0.01927176191238529,3.535799926482458e-09,0.02476764477316532,3.965154101078422e-09,0.009712715767828617,4.470703111988944e-09,0.7351896769863835,3.665798315099746e-09,0.7339777576393581,3.535799926482458e-09,0.7341490012608695,3.965154101078422e-09,0.7357738633610048,4.470703111988944e-09,0,3.665798315099746e-09,0,3.535799926482458e-09,0,3.965154101078422e-09,0
4.570703111988944e-09,0.03964765603568084,3.743068446779718e-09,0.04036072912221763,3.635799926482458e-09,0.04846413620551688,4.052982529647426e-09,0.03768479503044178,4.570703111988944e-09,0.01255843569391532,3.743068446779718e-09,0.01771161944062903,3.635799926482458e-09,0.02502983833076667,4.052982529647426e-09,0.006342969859585348,4.570703111988944e-09,0.7353996787678239,3.743068446779718e-09,0.7347719053800758,3.635799926482458e-09,0.7338458748265589,4.052982529647426e-09,0.7351494799982371,4.570703111988944e-09,0,3.743068446779718e-09,0,3.635799926482458e-09,0,4.052982529647426e-09,0
4.670703111988944e-09,0.04053549447704063,3.807100078224433e-09,0.03882954838891692,3.696654700698805e-09,0.04541041841254655,4.134493060726303e-09,0.03754959959884744,4.670703111988944e-09,0.01229391232195913,3.807100078224433e-09,0.01548131075118781,3.696654700698805e-09,0.02379892011018283,4.134493060726303e-09,0.006882981506497409,4.670703111988944e-09,0.735218191844937,3.807100078224433e-09,0.735563666282007,3.696654700698805e-09,0.7343789499548602,4.134493060726303e-09,0.73451110311024,4.670703111988944e-09,0,3.807100078224433e-09,0,3.696654700698805e-09,0,4.134493060726303e-09,0
4.770703111988944e-09,0.04060396442912727,3.907100078224433e-09,0.03880370410447869,3.756690483362342e-09,0.04285865959150949,4.23281630012644e-09,0.03720239460880875,4.770703111988944e-09,0.01227344188197705,3.907100078224433e-09,0.01134589424760218,3.756690483362342e-09,0.02153920692786851,4.23281630012644e-09,0.009783498897606237,4.770703111988944e-09,0.7348798235526327,3.907100078224433e-09,0.736043974865756,3.756690483362342e-09,0.7351823602685409,4.23281630012644e-09,0.7343676922763214,4.770703111988944e-09,0,3.907100078224433e-09,0,3.756690483362342e-09,0,4.23281630012644e-09,0
4.870703111988944e-09,0.03975200698397521,4.007100078224434e-09,0.03941833568755072,3.850028568966365e-09,0.04077079512910965,4.33281630012644e-09,0.03872506042608811,4.870703111988944e-09,0.01236028277760685,4.007100078224434e-09,0.008268108494815032,3.850028568966365e-09,0.01586668048604167,4.33281630012644e-09,0.01396436433223979,4.870703111988944e-09,0.7347404152488838,4.007100078224434e-09,0.735433900566528,3.850028568966365e-09,0.7360160713663264,4.33281630012644e-09,0.7349400070473047,4.870703111988944e-09,0,4.007100078224434e-09,0,3.850028568966365e-09,0,4.33281630012644e-09,0
4.935351555994472e-09,0.03896952639809205,4.077131486047101e-09,0.03965812761641598,3.931780667118856e-09,0.03982989837896399,4.415913053988839e-09,0.04146658587586416,4.935351555994472e-09,0.01217987908529217,4.077131486047101e-09,0.008369083000797887,3.931780667118856e-09,0.01067319832461483,4.415913053988839e-09,0.01716423270764931,4.935351555994472e-09,0.7348473805555855,4.077131486047101e-09,0.7346752936613808,3.931780667118856e-09,0.7359303859212896,4.415913053988839e-09,0.7355119071300852,4.935351555994472e-09,0,4.077131486047101e-09,0,3.931780667118856e-09,0,4.415913053988839e-09,0
5e-09,0.03849966888127008,4.167263686581069e-09,0.03875602656861585,3.997492352431966e-09,0.0396231813247941,4.51591305398884e-09,0.04592353049251718,5e-09,0.01193328398236514,4.167263686581069e-09,0.01011191503916838,3.997492352431966e-09,0.007937650756224279,4.51591305398884e-09,0.02025360290454759,5e-09,0.735039477581649,4.167263686581069e-09,0.734177824493439,3.997492352431966e-09,0.7352856145109511,4.51591305398884e-09,0.7356688214706913,5e-09,0,4.167263686581069e-09,0,3.997492352431966e-09,0,4.51591305398884e-09,0
  ,  ,4.267263686581069e-09,0.0376043196908287,4.066815165233366e-09,0.03899945809941605,4.61591305398884e-09,0.04837461902735556,  ,  ,4.267263686581069e-09,0.01229441450585897,4.066815165233366e-09,0.007651795434326279,4.61591305398884e-09,0.02152316557894272,  ,  ,4.267263686581069e-09,0.7345449512345773,4.066815165233366e-09,0.7345443178932982,4.61591305398884e-09,0.7351963966204093,  ,  ,4.267263686581069e-09,0,4.066815165233366e-09,0,4.61591305398884e-09,0
  ,  ,4.339003808874726e-09,0.03772001217084557,4.129698343089577e-09,0.038029902937764,4.702793335847737e-09,0.04826335625054502,  ,  ,4.339003808874726e-09,0.01321890917528097,4.129698343089577e-09,0.008517854462436631,4.702793335847737e-09,0.02167999631004226,  ,  ,4.339003808874726e-09,0.7352033240848341,4.129698343089577e-09,0.7341420585205092,4.702793335847737e-09,0.7346807950632567,  ,  ,4.339003808874726e-09,0,4.129698343089577e-09,0,4.702793335847737e-09,0
  ,  ,4.433179037564685e-09,0.03984913344862868,4.194453881512789e-09,0.03692959635151302,4.802793335847737e-09,0.04558193055387411,  ,  ,4.433179037564685e-09,0.01402317107060805,4.194453881512789e-09,0.01022283018723883,4.802793335847737e-09,0.02054565942754051,  ,  ,4.433179037564685e-09,0.7357545108367369,4.194453881512789e-09,0.7342666284235254,4.802793335847737e-09,0.7345478016470299,  ,  ,4.433179037564685e-09,0,4.194453881512789e-09,0,4.802793335847737e-09,0
  ,  ,4.533179037564685e-09,0.04267400410598367,4.252552069972936e-09,0.03692278138687435,4.902793335847737e-09,0.04265164738381695,  ,  ,4.533179037564685e-09,0.01449529148109907,4.252552069972936e-09,0.01187466483385506,4.902793335847737e-09,0.01820374728374632,  ,  ,4.533179037564685e-09,0.7355843965606692,4.252552069972936e-09,0.7346924463970785,4.902793335847737e-09,0.7349479461887576,  ,  ,4.533179037564685e-09,0,4.252552069972936e-09,0,4.902793335847737e-09,0
  ,  ,4.612430966009661e-09,0.04385982133912112,4.308880802263568e-09,0.03750314719508874,4.951396667923868e-09,0.04150810331340711,  ,  ,4.612430966009661e-09,0.01483247640737643,4.308880802263568e-09,0.01310137740201515,4.951396667923868e-09,0.01665504667690156,  ,  ,4.612430966009661e-09,0.7349891030992074,4.308880802263568e-09,0.735261042593866,4.951396667923868e-09,0.7352150509896572,  ,  ,4.612430966009661e-09,0,4.308880802263568e-09,0,4.951396667923868e-09,0
  ,  ,4.712057243592539e-09,0.0427665455672832,4.384597659582159e-09,0.04015770401753368,5e-09,0.04086088488389549,  ,  ,4.712057243592539e-09,0.01505918418596271,4.384597659582159e-09,0.01489030552041014,5e-09,0.0151221452335553,  ,  ,4.712057243592539e-09,0.7344564357176293,4.384597659582159e-09,0.7357439974573915,5e-09,0.7354086464177623,  ,  ,4.712057243592539e-09,0,4.384597659582159e-09,0,5e-09,0
  ,  ,4.812057243592539e-09,0.04049776676600787,4.458950538985853e-09,0.0432077735747001,  ,  ,  ,  ,4.812057243592539e-09,0.01488364052600131,4.458950538985853e-09,0.01625702277637514,  ,  ,  ,  ,4.812057243592539e-09,0.7345716912972964,4.458950538985853e-09,0.7357703389990057,  ,  ,  ,  ,4.812057243592539e-09,0,4.458950538985853e-09,0,  ,  
  ,  ,4.894805757565675e-09,0.03903568784581153,4.524032873461167e-09,0.04534380772593217,  ,  ,  ,  ,4.894805757565675e-09,0.01393374452126584,4.524032873461167e-09,0.01713346439290343,  ,  ,  ,  ,4.894805757565675e-09,0.7350872576553446,4.524032873461167e-09,0.7353484621171708,  ,  ,  ,  ,4.894805757565675e-09,0,4.524032873461167e-09,0,  ,  
  ,  ,4.947402878782838e-09,0.03885065746213404,4.624032873461167e-09,0.04579076600242839,  ,  ,  ,  ,4.947402878782838e-09,0.01320455512743069,4.624032873461167e-09,0.01793557731663254,  ,  ,  ,  ,4.947402878782838e-09,0.7353825275909838,4.624032873461167e-09,0.7346510113624535,  ,  ,  ,  ,4.947402878782838e-09,0,4.624032873461167e-09,0,  ,  
  ,  ,5e-09,0.03907579183090485,4.697619540673818e-09,0.04455471897628583,  ,  ,  ,  ,5e-09,0.01233343264297892,4.697619540673818e-09,0.01830039559769665,  ,  ,  ,  ,5e-09,0.7355627395419897,4.697619540673818e-09,0.7343920309679225,  ,  ,  ,  ,5e-09,0,4.697619540673818e-09,0,  ,  
  ,  ,  ,  ,4.780929581296578e-09,0.04238969626605141,  ,  ,  ,  ,  ,  ,4.780929581296578e-09,0.01780558458642684,  ,  ,  ,  ,  ,  ,4.780929581296578e-09,0.7346773397086156,  ,  ,  ,  ,  ,  ,4.780929581296578e-09,0,  ,  
  ,  ,  ,  ,4.880929581296578e-09,0.04073576532135655,  ,  ,  ,  ,  ,  ,4.880929581296578e-09,0.01602590307738042,  ,  ,  ,  ,  ,  ,4.880929581296578e-09,0.7352576346949211,  ,  ,  ,  ,  ,  ,4.880929581296578e-09,0,  ,  
  ,  ,  ,  ,4.940464790648289e-09,0.04030176059309527,  ,  ,  ,  ,  ,  ,4.940464790648289e-09,0.01438224351277306,  ,  ,  ,  ,  ,  ,4.940464790648289e-09,0.7355488317631184,  ,  ,  ,  ,  ,  ,4.940464790648289e-09,0,  ,  
  ,  ,  ,  ,5e-09,0.04043707427720745,  ,  ,  ,  ,  ,  ,5e-09,0.0129614233344212,  ,  ,  ,  ,  ,  ,5e-09,0.7355334255972139,  ,  ,  ,  ,  ,  ,5e-09,0,  ,  
