/I7/MINUS (iin=2e-05) X,/I7/MINUS (iin=2e-05) Y,/I7/MINUS (iin=4e-05) X,/I7/MINUS (iin=4e-05) Y,/I7/MINUS (iin=6e-05) X,/I7/MINUS (iin=6e-05) Y,/I7/MINUS (iin=8e-05) X,/I7/MINUS (iin=8e-05) Y,/vin (iin=2e-05) X,/vin (iin=2e-05) Y,/vin (iin=4e-05) X,/vin (iin=4e-05) Y,/vin (iin=6e-05) X,/vin (iin=6e-05) Y,/vin (iin=8e-05) X,/vin (iin=8e-05) Y,/v_preamp (iin=2e-05) X,/v_preamp (iin=2e-05) Y,/v_preamp (iin=4e-05) X,/v_preamp (iin=4e-05) Y,/v_preamp (iin=6e-05) X,/v_preamp (iin=6e-05) Y,/v_preamp (iin=8e-05) X,/v_preamp (iin=8e-05) Y,/CFD_shaped (iin=2e-05) X,/CFD_shaped (iin=2e-05) Y,/CFD_shaped (iin=4e-05) X,/CFD_shaped (iin=4e-05) Y,/CFD_shaped (iin=6e-05) X,/CFD_shaped (iin=6e-05) Y,/CFD_shaped (iin=8e-05) X,/CFD_shaped (iin=8e-05) Y
0,0,0,0,0,0,0,0,0,0.6344356889422819,0,0.6344356889422819,0,0.6344356889422819,0,0.6344356889422819,0,0.08152975972226646,0,0.08152975972226646,0,0.08152975972226646,0,0.08152975972226646,0,0.02406657907286716,0,0.02406657907286716,0,0.02406657907286716,0,0.02406657907286716
5.000000000000001e-12,0,5.000000000000001e-12,0,5.000000000000001e-12,0,5.000000000000001e-12,0,5.000000000000001e-12,0.6344356889422402,5.000000000000001e-12,0.6344356889422402,5.000000000000001e-12,0.6344356889422402,5.000000000000001e-12,0.6344356889422402,5.000000000000001e-12,0.08152975972171116,5.000000000000001e-12,0.08152975972171116,5.000000000000001e-12,0.08152975972171116,5.000000000000001e-12,0.08152975972171116,5.000000000000001e-12,0.0240665790727018,5.000000000000001e-12,0.0240665790727018,5.000000000000001e-12,0.0240665790727018,5.000000000000001e-12,0.0240665790727018
1.5e-11,0,1.5e-11,0,1.5e-11,0,1.5e-11,0,1.5e-11,0.6344356889421988,1.5e-11,0.6344356889421988,1.5e-11,0.6344356889421988,1.5e-11,0.6344356889421988,1.5e-11,0.0815297597207293,1.5e-11,0.0815297597207293,1.5e-11,0.0815297597207293,1.5e-11,0.0815297597207293,1.5e-11,0.02406657907242731,1.5e-11,0.02406657907242731,1.5e-11,0.02406657907242731,1.5e-11,0.02406657907242731
3.5e-11,0,3.5e-11,0,3.5e-11,0,3.5e-11,0,3.5e-11,0.6344356889418413,3.5e-11,0.6344356889418413,3.5e-11,0.6344356889418413,3.5e-11,0.6344356889418413,3.5e-11,0.0815297597199128,3.5e-11,0.0815297597199128,3.5e-11,0.0815297597199128,3.5e-11,0.0815297597199128,3.5e-11,0.02406657907219546,3.5e-11,0.02406657907219546,3.5e-11,0.02406657907219546,3.5e-11,0.02406657907219546
7.499999999999999e-11,0,7.499999999999999e-11,0,7.499999999999999e-11,0,7.499999999999999e-11,0,7.499999999999999e-11,0.6344356889417007,7.499999999999999e-11,0.6344356889417007,7.499999999999999e-11,0.6344356889417007,7.499999999999999e-11,0.6344356889417007,7.499999999999999e-11,0.0815297597189777,7.499999999999999e-11,0.0815297597189777,7.499999999999999e-11,0.0815297597189777,7.499999999999999e-11,0.0815297597189777,7.499999999999999e-11,0.02406657907189267,7.499999999999999e-11,0.02406657907189267,7.499999999999999e-11,0.02406657907189267,7.499999999999999e-11,0.02406657907189267
1.55e-10,0,1.55e-10,0,1.55e-10,0,1.55e-10,0,1.55e-10,0.6344356889425177,1.55e-10,0.6344356889425177,1.55e-10,0.6344356889425177,1.55e-10,0.6344356889425177,1.55e-10,0.08152975971645292,1.55e-10,0.08152975971645292,1.55e-10,0.08152975971645292,1.55e-10,0.08152975971645292,1.55e-10,0.02406657907119209,1.55e-10,0.02406657907119209,1.55e-10,0.02406657907119209,1.55e-10,0.02406657907119209
2.55e-10,0,2.55e-10,0,2.55e-10,0,2.55e-10,0,2.55e-10,0.6344356889418419,2.55e-10,0.6344356889418419,2.55e-10,0.6344356889418419,2.55e-10,0.6344356889418419,2.55e-10,0.08152975971327396,2.55e-10,0.08152975971327396,2.55e-10,0.08152975971327396,2.55e-10,0.08152975971327396,2.55e-10,0.02406657907025526,2.55e-10,0.02406657907025526,2.55e-10,0.02406657907025526,2.55e-10,0.02406657907025526
3.55e-10,0,3.55e-10,0,3.55e-10,0,3.55e-10,0,3.55e-10,0.6344356889408804,3.55e-10,0.6344356889408804,3.55e-10,0.6344356889408804,3.55e-10,0.6344356889408804,3.55e-10,0.08152975970877556,3.55e-10,0.08152975970877556,3.55e-10,0.08152975970877556,3.55e-10,0.08152975970877556,3.55e-10,0.02406657906896733,3.55e-10,0.02406657906896733,3.55e-10,0.02406657906896733,3.55e-10,0.02406657906896733
4.275e-10,0,4.275e-10,0,4.275e-10,0,4.275e-10,0,4.275e-10,0.6344356889403477,4.275e-10,0.6344356889403477,4.275e-10,0.6344356889403477,4.275e-10,0.6344356889403477,4.275e-10,0.08152975971073853,4.275e-10,0.08152975971073853,4.275e-10,0.08152975971073853,4.275e-10,0.08152975971073853,4.275e-10,0.02406657906951181,4.275e-10,0.02406657906951181,4.275e-10,0.02406657906951181,4.275e-10,0.02406657906951181
5e-10,0,5e-10,0,5e-10,0,5e-10,0,5e-10,0.6344356889401148,5e-10,0.6344356889401148,5e-10,0.6344356889401148,5e-10,0.6344356889401148,5e-10,0.0815297597077049,5e-10,0.0815297597077049,5e-10,0.0815297597077049,5e-10,0.0815297597077049,5e-10,0.02406657906866861,5e-10,0.02406657906866861,5e-10,0.02406657906866861,5e-10,0.02406657906866861
6e-10,0,6e-10,0,6e-10,0,6e-10,0,6e-10,0.6344356889400891,6e-10,0.6344356889400891,6e-10,0.6344356889400891,6e-10,0.6344356889400891,6e-10,0.08152975970984259,6e-10,0.08152975970984259,6e-10,0.08152975970984259,6e-10,0.08152975970984259,6e-10,0.02406657907405433,6e-10,0.02406657907405433,6e-10,0.02406657907405433,6e-10,0.02406657907405433
7e-10,0,7e-10,0,7e-10,0,7e-10,0,7e-10,0.6344356889408354,7e-10,0.6344356889408354,7e-10,0.6344356889408354,7e-10,0.6344356889408354,7e-10,0.08152975971480217,7e-10,0.08152975971480217,7e-10,0.08152975971480217,7e-10,0.08152975971480217,7e-10,0.02406657908585843,7e-10,0.02406657908585843,7e-10,0.02406657908585843,7e-10,0.02406657908585843
7.999999999999999e-10,0,7.999999999999999e-10,0,7.999999999999999e-10,0,7.999999999999999e-10,0,7.999999999999999e-10,0.634435688940867,7.999999999999999e-10,0.634435688940867,7.999999999999999e-10,0.634435688940867,7.999999999999999e-10,0.634435688940867,7.999999999999999e-10,0.08152975972923192,7.999999999999999e-10,0.08152975972923192,7.999999999999999e-10,0.08152975972923192,7.999999999999999e-10,0.08152975972923192,7.999999999999999e-10,0.0240665791042849,7.999999999999999e-10,0.0240665791042849,7.999999999999999e-10,0.0240665791042849,7.999999999999999e-10,0.0240665791042849
8.999999999999999e-10,0,8.999999999999999e-10,0,8.999999999999999e-10,0,8.999999999999999e-10,0,8.999999999999999e-10,0.6344356889411641,8.999999999999999e-10,0.6344356889411641,8.999999999999999e-10,0.6344356889411641,8.999999999999999e-10,0.6344356889411641,8.999999999999999e-10,0.08152975973591951,8.999999999999999e-10,0.08152975973591951,8.999999999999999e-10,0.08152975973591951,8.999999999999999e-10,0.08152975973591951,8.999999999999999e-10,0.02406657911946727,8.999999999999999e-10,0.02406657911946727,8.999999999999999e-10,0.02406657911946727,8.999999999999999e-10,0.02406657911946727
9.999999999999999e-10,0,9.999999999999999e-10,0,9.999999999999999e-10,0,9.999999999999999e-10,0,9.999999999999999e-10,0.6344356889395351,9.999999999999999e-10,0.6344356889395351,9.999999999999999e-10,0.6344356889395351,9.999999999999999e-10,0.6344356889395351,9.999999999999999e-10,0.08152975974816624,9.999999999999999e-10,0.08152975974816624,9.999999999999999e-10,0.08152975974816624,9.999999999999999e-10,0.08152975974816624,9.999999999999999e-10,0.02406657914005467,9.999999999999999e-10,0.02406657914005467,9.999999999999999e-10,0.02406657914005467,9.999999999999999e-10,0.02406657914005467
1.1e-09,-5.714285714285707e-06,1.054162426162711e-09,-6.189991561452642e-06,1.04412075254989e-09,-7.563557579981071e-06,1.038121247471116e-09,-8.713427993397939e-06,1.1e-09,0.6365374353712614,1.054162426162711e-09,0.6358255407226993,1.04412075254989e-09,0.6358583787914243,1.038121247471116e-09,0.6358760813243629,1.1e-09,0.083209395796778,1.054162426162711e-09,0.08256940289694246,1.04412075254989e-09,0.08256265138269406,1.038121247471116e-09,0.08255062398713153,1.1e-09,0.0245496661729599,1.054162426162711e-09,0.02436386124587082,1.04412075254989e-09,0.02436111669738745,1.038121247471116e-09,0.02435702194524107
1.2e-09,-1.142857142857143e-05,1.139934887454779e-09,-1.599255856626045e-05,1.120152164531114e-09,-2.059751391961951e-05,1.108136529646345e-09,-2.471692106202181e-05,1.2e-09,0.6395393517194994,1.139934887454779e-09,0.6395538296416335,1.120152164531114e-09,0.6401877852954938,1.108136529646345e-09,0.6407007711792782,1.2e-09,0.08567723713562267,1.139934887454779e-09,0.08553271037911604,1.120152164531114e-09,0.08595352901862258,1.108136529646345e-09,0.08628512375860387,1.2e-09,0.0252611751531949,1.139934887454779e-09,0.02521567062141395,1.120152164531114e-09,0.02533430768357817,1.108136529646345e-09,0.02542749964387006
1.275e-09,-1.571428571428572e-05,1.239934887454779e-09,-2.742112999483189e-05,1.220152164531114e-09,-3.774037106247667e-05,1.208136529646346e-09,-4.757406391916468e-05,1.275e-09,0.642832621340831,1.239934887454779e-09,0.6471660607033595,1.220152164531114e-09,0.6507121424424757,1.208136529646346e-09,0.6539606519425633,1.275e-09,0.08853587128667299,1.239934887454779e-09,0.09214698738410577,1.220152164531114e-09,0.0951278690365113,1.208136529646346e-09,0.09789903610815916,1.275e-09,0.02608693682288738,1.239934887454779e-09,0.02712462432941987,1.220152164531114e-09,0.02798048361852368,1.208136529646346e-09,0.02877572200645202
1.35e-09,-2e-05,1.294967443727389e-09,-3.371056499741594e-05,1.285076082265557e-09,-4.887018553123832e-05,1.279068264823173e-09,-6.378703195958235e-05,1.35e-09,0.6467650197839536,1.294967443727389e-09,0.6524951061197284,1.285076082265557e-09,0.659760238281156,1.279068264823173e-09,0.6667625477179541,1.35e-09,0.0920861171597763,1.294967443727389e-09,0.09704616554253988,1.285076082265557e-09,0.1036828273161075,1.279068264823173e-09,0.1103243187167897,1.35e-09,0.02711387606793846,1.294967443727389e-09,0.02854103340218163,1.285076082265557e-09,0.03045269436346382,1.279068264823173e-09,0.03236522456422015
1.351e-09,-2e-05,1.35e-09,-4e-05,1.35e-09,-6e-05,1.35e-09,-8.000000000000001e-05,1.351e-09,0.6468214114737371,1.35e-09,0.65839151792683,1.35e-09,0.6699620022650942,1.35e-09,0.6813328372557098,1.351e-09,0.09213549204011141,1.35e-09,0.1027021466414292,1.35e-09,0.1140193481534978,1.35e-09,0.125900031642264,1.351e-09,0.0271282881367554,1.35e-09,0.03017671248483231,1.35e-09,0.03344153351402282,1.35e-09,0.03686808694139335
1.353e-09,-1.996521739130434e-05,1.351e-09,-4e-05,1.351e-09,-6e-05,1.351e-09,-8.000000000000001e-05,1.353e-09,0.6469319132041944,1.351e-09,0.6585025910124997,1.351e-09,0.6701254602896989,1.351e-09,0.6815466166732019,1.353e-09,0.09223651536434326,1.351e-09,0.1028137715839631,1.351e-09,0.1141944511202013,1.351e-09,0.1261447334272762,1.353e-09,0.02715753657191079,1.351e-09,0.03020888503519407,1.351e-09,0.03349202056569334,1.351e-09,0.03693863885494874
1.357000000000001e-09,-1.989565217391303e-05,1.353e-09,-3.993043478260868e-05,1.353e-09,-5.989565217391303e-05,1.353e-09,-7.986086956521737e-05,1.357000000000001e-09,0.6471508367818449,1.353e-09,0.6587229743093722,1.353e-09,0.6704498314353928,1.353e-09,0.6819705133627355,1.357000000000001e-09,0.09244022507118682,1.353e-09,0.1030360787911687,1.353e-09,0.1145442434325744,1.353e-09,0.1266340246688745,1.357000000000001e-09,0.02721645972321302,1.353e-09,0.03027317985854664,1.353e-09,0.03359314847300471,1.353e-09,0.03708006700338134
1.365000000000002e-09,-1.975652173913041e-05,1.357000000000001e-09,-3.979130434782606e-05,1.357000000000001e-09,-5.968695652173909e-05,1.357000000000001e-09,-7.958260869565212e-05,1.365000000000002e-09,0.6475762371638927,1.357000000000001e-09,0.6591586380915316,1.357000000000001e-09,0.6710909447755039,1.357000000000001e-09,0.6828078956191005,1.365000000000002e-09,0.09284733060254644,1.357000000000001e-09,0.1034791301683234,1.357000000000001e-09,0.1152395244472234,1.357000000000001e-09,0.1276079423714399,1.365000000000002e-09,0.02733441737749885,1.357000000000001e-09,0.03040149034097233,1.357000000000001e-09,0.03379456097159826,1.357000000000001e-09,0.03736208433402002
1.381000000000003e-09,-1.947826086956517e-05,1.365000000000002e-09,-3.951304347826082e-05,1.365000000000002e-09,-5.926956521739123e-05,1.365000000000002e-09,-7.902608695652164e-05,1.381000000000003e-09,0.6483754040089327,1.365000000000002e-09,0.6600019126872356,1.365000000000002e-09,0.6723286546262494,1.365000000000002e-09,0.6844215900894145,1.381000000000003e-09,0.09362313876956087,1.365000000000002e-09,0.1043463893661318,1.365000000000002e-09,0.1166100639601475,1.365000000000002e-09,0.1295306568761004,1.381000000000003e-09,0.02755994227556329,1.365000000000002e-09,0.03065332872735064,1.365000000000002e-09,0.03419220845228991,1.365000000000002e-09,0.03791980914990265
1.413000000000006e-09,-1.892173913043467e-05,1.381000000000003e-09,-3.895652173913033e-05,1.381000000000003e-09,-5.843478260869549e-05,1.381000000000003e-09,-7.791304347826066e-05,1.413000000000006e-09,0.6497827794001851,1.381000000000003e-09,0.6615816891913545,1.381000000000003e-09,0.6746394984548304,1.381000000000003e-09,0.6874224685892436,1.413000000000006e-09,0.09502253160985122,1.381000000000003e-09,0.1060125404572873,1.381000000000003e-09,0.1192544785098315,1.381000000000003e-09,0.133244749446526,1.413000000000006e-09,0.02796670431507104,1.381000000000003e-09,0.03113716634354887,1.381000000000003e-09,0.03496000186342884,1.381000000000003e-09,0.03899808735239479
1.477000000000013e-09,-1.780869565217369e-05,1.413000000000006e-09,-3.784347826086935e-05,1.413000000000006e-09,-5.676521739130402e-05,1.413000000000006e-09,-7.568695652173869e-05,1.477000000000013e-09,0.6519248455186762,1.413000000000006e-09,0.6643410234058954,1.413000000000006e-09,0.6786387373602651,1.413000000000006e-09,0.6925696446358597,1.477000000000013e-09,0.09722324189265985,1.413000000000006e-09,0.1090241054242605,1.413000000000006e-09,0.1240406668289268,1.413000000000006e-09,0.139993349179042,1.477000000000013e-09,0.02860728667189822,1.413000000000006e-09,0.032012801055155,1.413000000000006e-09,0.03635157824706026,1.413000000000006e-09,0.04095991511898138
1.577000000000013e-09,-1.606956521739108e-05,1.477000000000013e-09,-3.561739130434739e-05,1.477000000000013e-09,-5.342608695652107e-05,1.477000000000013e-09,-7.123478260869477e-05,1.577000000000013e-09,0.6538296602731523,1.477000000000013e-09,0.6684615634645178,1.477000000000013e-09,0.6844840185881187,1.477000000000013e-09,0.6999246953029027,1.577000000000013e-09,0.09901890084973981,1.477000000000013e-09,0.1137326348364235,1.477000000000013e-09,0.1315123091475708,1.477000000000013e-09,0.1505595075767633,1.577000000000013e-09,0.02882943716510009,1.477000000000013e-09,0.03338339150833095,1.477000000000013e-09,0.03852662677778388,1.477000000000013e-09,0.04403583437670256
1.677000000000013e-09,-1.433043478260847e-05,1.577000000000013e-09,-3.213913043478217e-05,1.577000000000013e-09,-4.820869565217325e-05,1.573882222909392e-09,-6.449514971065102e-05,1.677000000000013e-09,0.6544126781675681,1.577000000000013e-09,0.6719492459847258,1.577000000000013e-09,0.6891442903716822,1.573882222909392e-09,0.7053140766549968,1.677000000000013e-09,0.09918460489174163,1.577000000000013e-09,0.1177628008690489,1.577000000000013e-09,0.1378311613171707,1.573882222909392e-09,0.1592723716229171,1.677000000000013e-09,0.0282604284321536,1.577000000000013e-09,0.03424230132026866,1.577000000000013e-09,0.03998511508759463,1.573882222909392e-09,0.04617426846181106
1.777000000000013e-09,-1.259130434782586e-05,1.677000000000013e-09,-2.866086956521694e-05,1.677000000000013e-09,-4.299130434782541e-05,1.673882222909392e-09,-5.753862797152059e-05,1.777000000000013e-09,0.6540798751469502,1.677000000000013e-09,0.6728073612222423,1.677000000000013e-09,0.6899336004283285,1.673882222909392e-09,0.7058717268752185,1.777000000000013e-09,0.09798059725687867,1.677000000000013e-09,0.1180662581087665,1.677000000000013e-09,0.1380012793954786,1.673882222909392e-09,0.1594497786456784,1.777000000000013e-09,0.0268013535239849,1.677000000000013e-09,0.03315704189378346,1.677000000000013e-09,0.03823423852674213,1.673882222909392e-09,0.04388347752796163
1.877000000000013e-09,-1.085217391304326e-05,1.777000000000013e-09,-2.518260869565172e-05,1.777000000000013e-09,-3.777391304347759e-05,1.773025404338784e-09,-5.064171100251936e-05,1.877000000000013e-09,0.653109626948022,1.777000000000013e-09,0.6719190047737617,1.777000000000013e-09,0.6882656999071529,1.773025404338784e-09,0.7033540907694185,1.877000000000013e-09,0.09546955051860587,1.777000000000013e-09,0.1152029938427674,1.777000000000013e-09,0.1330217043302948,1.773025404338784e-09,0.1521351063431852,1.877000000000013e-09,0.02423668587559545,1.777000000000013e-09,0.02992609498491777,1.777000000000013e-09,0.03304032399371295,1.773025404338784e-09,0.0366868519026507
1.977000000000013e-09,-9.113043478260645e-06,1.877000000000013e-09,-2.170434782608651e-05,1.877000000000013e-09,-3.255652173912977e-05,1.873025404338784e-09,-4.368518926338892e-05,1.977000000000013e-09,0.6516921822996194,1.877000000000013e-09,0.6698665447372357,1.877000000000013e-09,0.685033304743227,1.873025404338784e-09,0.6989449461113965,1.977000000000013e-09,0.09224941059415256,1.877000000000013e-09,0.1095220979729015,1.877000000000013e-09,0.1234671692258822,1.873025404338784e-09,0.138111692149714,1.977000000000013e-09,0.02123144685904339,1.877000000000013e-09,0.02426309861567342,1.877000000000013e-09,0.0237253500998569,1.873025404338784e-09,0.02334706078898313
2.077000000000013e-09,-7.373913043478033e-06,1.977000000000013e-09,-1.822608695652129e-05,1.977000000000013e-09,-2.733913043478194e-05,1.973025404338784e-09,-3.672866752425848e-05,2.077000000000013e-09,0.6499658435059714,1.977000000000013e-09,0.6670247340251365,1.977000000000013e-09,0.6807729911913128,1.973025404338784e-09,0.6933460004754539,2.077000000000013e-09,0.08925582741675249,1.977000000000013e-09,0.1022564544326498,1.977000000000013e-09,0.1112880105309118,1.973025404338784e-09,0.1200714998685195,2.077000000000013e-09,0.01893759499451792,1.977000000000013e-09,0.01744836016947484,1.977000000000013e-09,0.01231059555332973,1.973025404338784e-09,0.006419545260703192
2.177000000000013e-09,-5.634782608695424e-06,2.077000000000013e-09,-1.474782608695607e-05,2.077000000000013e-09,-2.21217391304341e-05,2.073025404338784e-09,-2.977214578512804e-05,2.177000000000013e-09,0.6480314474560314,2.077000000000013e-09,0.6636531613448493,2.077000000000013e-09,0.6758400088667739,2.073025404338784e-09,0.6869818400379055,2.177000000000013e-09,0.08685734483678298,2.077000000000013e-09,0.09558233749520081,2.077000000000013e-09,0.1003118513164202,2.073025404338784e-09,0.1038639779183362,2.177000000000013e-09,0.01766368349300605,2.077000000000013e-09,0.01222081764072433,2.077000000000013e-09,0.003576509894101298,2.073025404338784e-09,-0.006805358774476614
2.277000000000013e-09,-3.895652173912814e-06,2.177000000000013e-09,-1.126956521739085e-05,2.177000000000013e-09,-1.690434782608627e-05,2.173025404338784e-09,-2.28156240459976e-05,2.277000000000013e-09,0.6459569931089296,2.177000000000013e-09,0.6599341402738282,2.177000000000013e-09,0.6704744657446514,2.173025404338784e-09,0.6801299835356382,2.277000000000013e-09,0.08501159016669721,2.177000000000013e-09,0.09039226565615953,2.177000000000013e-09,0.09209157169444163,2.173025404338784e-09,0.09213849052166113,2.277000000000013e-09,0.01728689660723938,2.177000000000013e-09,0.009332918474024392,2.177000000000013e-09,-0.001043118260929559,2.173025404338784e-09,-0.01363454668324076
2.377000000000013e-09,-2.156521739130206e-06,2.277000000000013e-09,-7.791304347825628e-06,2.277000000000013e-09,-1.168695652173845e-05,2.273025404338785e-09,-1.585910230686716e-05,2.377000000000013e-09,0.6437868030385581,2.277000000000013e-09,0.6559837376756849,2.277000000000013e-09,0.6648228819223075,2.273025404338785e-09,0.6729531270352014,2.377000000000013e-09,0.08370785086770767,2.277000000000013e-09,0.08668575697183338,2.277000000000013e-09,0.0866844730231985,2.273025404338785e-09,0.08500641793344869,2.377000000000013e-09,0.01772856375101279,2.277000000000013e-09,0.008717469346154248,2.277000000000013e-09,-0.001573057542883789,2.273025404338785e-09,-0.01401230118518229
2.439000000000007e-09,-1.078260869565094e-06,2.377000000000013e-09,-4.313043478260411e-06,2.377000000000013e-09,-6.469565217390607e-06,2.373025404338785e-09,-8.902580567736725e-06,2.439000000000007e-09,0.642407679197188,2.377000000000013e-09,0.6518715367130883,2.377000000000013e-09,0.6589620202780676,2.373025404338785e-09,0.6655274652450176,2.439000000000007e-09,0.08315798995269082,2.377000000000013e-09,0.08441699759848799,2.377000000000013e-09,0.08386378546742952,2.373025404338785e-09,0.08203245751431794,2.439000000000007e-09,0.01840900386711003,2.377000000000013e-09,0.01012318983336002,2.377000000000013e-09,0.00141701060878137,2.373025404338785e-09,-0.008841316123754285
2.501e-09,0,2.439000000000007e-09,-2.156521739130189e-06,2.439000000000007e-09,-3.234782608695287e-06,2.437012702169392e-09,-4.451290283868342e-06,2.501e-09,0.6410067551898276,2.439000000000007e-09,0.6492581813152486,2.439000000000007e-09,0.655240258653745,2.437012702169392e-09,0.6606586757097738,2.501e-09,0.0827135636713853,2.439000000000007e-09,0.08365621960188666,2.439000000000007e-09,0.08324576770711646,2.437012702169392e-09,0.08195371398461858,2.501e-09,0.01917377595901121,2.439000000000007e-09,0.01192673795178152,2.439000000000007e-09,0.004844766134185609,2.437012702169392e-09,-0.003065039556994375
2.601e-09,0,2.501e-09,0,2.501e-09,0,2.501e-09,0,2.601e-09,0.6393225695890969,2.501e-09,0.6466018512081672,2.501e-09,0.6514518006024738,2.501e-09,0.6556917105800103,2.601e-09,0.08251631997098786,2.501e-09,0.08308136750273649,2.501e-09,0.08292933892279016,2.501e-09,0.08234318204363406,2.601e-09,0.02062169607929376,2.501e-09,0.01388996091991463,2.501e-09,0.008502716075544016,2.501e-09,0.003054153816728205
2.701e-09,0,2.601e-09,0,2.601e-09,0,2.561768526807218e-09,0,2.701e-09,0.6378912302806844,2.601e-09,0.6434466066024762,2.601e-09,0.6469969188139448,2.561768526807218e-09,0.6518553230747429,2.701e-09,0.08239279049214668,2.601e-09,0.08322631853893905,2.601e-09,0.08397333935039043,2.561768526807218e-09,0.083697256616723,2.701e-09,0.02189972117743596,2.601e-09,0.01744921835414768,2.601e-09,0.01485275743281296,2.561768526807218e-09,0.009329337670377611
2.801000000000001e-09,0,2.701e-09,0,2.694284165299416e-09,0,2.64323220249017e-09,0,2.801000000000001e-09,0.6368903316871173,2.701e-09,0.6407784888909143,2.694284165299416e-09,0.6434619028215179,2.64323220249017e-09,0.6474178799752484,2.801000000000001e-09,0.08241841795257168,2.701e-09,0.0834088339734471,2.694284165299416e-09,0.08479702506609521,2.64323220249017e-09,0.08528405764145193,2.801000000000001e-09,0.02295082181430889,2.701e-09,0.02046392837676611,2.694284165299416e-09,0.01971720903339221,2.64323220249017e-09,0.01634071860225598
2.901000000000001e-09,0,2.801000000000001e-09,0,2.794284165299416e-09,0,2.74323220249017e-09,0,2.901000000000001e-09,0.6361868749619114,2.801000000000001e-09,0.6389277988994968,2.794284165299416e-09,0.6408209321513364,2.74323220249017e-09,0.6435664707090408,2.901000000000001e-09,0.0825326016866305,2.801000000000001e-09,0.08374507715812461,2.794284165299416e-09,0.08558489831663482,2.74323220249017e-09,0.087121547755354,2.901000000000001e-09,0.02377927709845996,2.801000000000001e-09,0.02278573862612393,2.794284165299416e-09,0.02348713605855945,2.74323220249017e-09,0.02292106320744529
3.001000000000001e-09,0,2.901000000000001e-09,0,2.894284165299416e-09,0,2.84323220249017e-09,0,3.001000000000001e-09,0.6356907966140523,2.901000000000001e-09,0.6376369359376896,2.894284165299416e-09,0.6389910611279517,2.84323220249017e-09,0.6409322517066672,3.001000000000001e-09,0.08258882023126674,2.901000000000001e-09,0.0840023039447907,2.894284165299416e-09,0.08600385227302695,2.84323220249017e-09,0.08821219862402808,3.001000000000001e-09,0.02433782002429813,2.901000000000001e-09,0.0244060928454388,2.894284165299416e-09,0.0258539583766696,2.84323220249017e-09,0.0270230150050065
3.101000000000001e-09,0,3.001000000000001e-09,0,2.994284165299416e-09,0,2.94323220249017e-09,0,3.101000000000001e-09,0.6353419354794779,3.001000000000001e-09,0.636735362091018,2.994284165299416e-09,0.6377138492785021,2.94323220249017e-09,0.639109262195955,3.101000000000001e-09,0.08251294747926614,3.001000000000001e-09,0.08400684574032463,2.994284165299416e-09,0.08585050765731678,2.94323220249017e-09,0.08833125224774618,3.101000000000001e-09,0.02456792920680214,3.001000000000001e-09,0.02530052219541669,2.994284165299416e-09,0.02687144428988815,2.94323220249017e-09,0.02896724357571748
3.201000000000001e-09,0,3.101000000000001e-09,0,3.094284165299416e-09,0,3.04323220249017e-09,0,3.201000000000001e-09,0.6350957456463563,3.101000000000001e-09,0.6360982560087682,3.094284165299416e-09,0.6368097609272447,3.04323220249017e-09,0.6378267699271493,3.201000000000001e-09,0.08243876661432985,3.101000000000001e-09,0.08373419856772646,3.094284165299416e-09,0.08517036464646537,3.04323220249017e-09,0.08747574204154909,3.201000000000001e-09,0.02471506335022777,3.101000000000001e-09,0.02549358834121701,3.094284165299416e-09,0.026754042091225,3.04323220249017e-09,0.02892610667263532
3.301000000000001e-09,0,3.201000000000001e-09,0,3.194284165299416e-09,0,3.143232202490171e-09,0,3.301000000000001e-09,0.6349181286612429,3.201000000000001e-09,0.6356432750048499,3.194284165299416e-09,0.6361622179777625,3.143232202490171e-09,0.636909206393539,3.301000000000001e-09,0.0823647232853604,3.201000000000001e-09,0.08341068382882859,3.194284165299416e-09,0.08441303865146725,3.143232202490171e-09,0.08617126650197147,3.301000000000001e-09,0.02475223304170555,3.201000000000001e-09,0.02551029361808217,3.194284165299416e-09,0.02636527892177181,3.143232202490171e-09,0.02804179520612148
3.401000000000001e-09,0,3.301000000000001e-09,0,3.294284165299416e-09,0,3.243232202490171e-09,0,3.401000000000001e-09,0.6347893077908145,3.301000000000001e-09,0.6353183720044964,3.294284165299416e-09,0.6356949647982497,3.243232202490171e-09,0.6362434290823478,3.401000000000001e-09,0.08223315010174773,3.301000000000001e-09,0.08307904418904422,3.294284165299416e-09,0.08371772678181702,3.243232202490171e-09,0.08491081956778394,3.401000000000001e-09,0.02469977303185683,3.301000000000001e-09,0.0253510386572494,3.294284165299416e-09,0.02583301807223832,3.243232202490171e-09,0.02690528361301414
3.501000000000001e-09,0,3.401000000000001e-09,0,3.394284165299416e-09,0,3.343232202490171e-09,0,3.501000000000001e-09,0.6346963634211601,3.401000000000001e-09,0.6350830714356978,3.394284165299416e-09,0.6353553688772243,3.343232202490171e-09,0.6357563825171767,3.501000000000001e-09,0.08211934878437852,3.401000000000001e-09,0.08274982805055686,3.394284165299416e-09,0.08311613867813654,3.343232202490171e-09,0.08376075291354343,3.501000000000001e-09,0.02462884039841906,3.401000000000001e-09,0.02512456590775209,3.394284165299416e-09,0.02535517347869502,3.343232202490171e-09,0.02583216737097917
3.601000000000001e-09,0,3.501000000000001e-09,0,3.494284165299417e-09,0,3.443232202490171e-09,0,3.601000000000001e-09,0.6346297271443563,3.501000000000001e-09,0.6349111609616818,3.494284165299417e-09,0.635107726637947,3.443232202490171e-09,0.6353990003495876,3.601000000000001e-09,0.08204168672746075,3.501000000000001e-09,0.08252805963025922,3.494284165299417e-09,0.08278565418112706,3.443232202490171e-09,0.08308854978988184,3.601000000000001e-09,0.02459535069521684,3.501000000000001e-09,0.02498214380956795,3.494284165299417e-09,0.02514113225754231,3.443232202490171e-09,0.02525937057942557
3.701000000000001e-09,0,3.601000000000001e-09,0,3.594284165299417e-09,0,3.543232202490171e-09,0,3.701000000000001e-09,0.6345817820093456,3.601000000000001e-09,0.6347873691181712,3.594284165299417e-09,0.6349306480161776,3.543232202490171e-09,0.6351393761538089,3.701000000000001e-09,0.08202709322426317,3.601000000000001e-09,0.08242172144436197,3.594284165299417e-09,0.08269824928207979,3.543232202490171e-09,0.0828429959270449,3.701000000000001e-09,0.02462208406625259,3.601000000000001e-09,0.02497268734475193,3.594284165299417e-09,0.02523022248514796,3.543232202490171e-09,0.02521916674765916
3.801000000000001e-09,0,3.701000000000001e-09,0,3.694284165299417e-09,0,3.643232202490171e-09,0,3.801000000000001e-09,0.6345481547837833,3.701000000000001e-09,0.6346992341130209,3.694284165299417e-09,0.6348063394072101,3.643232202490171e-09,0.6349565623583568,3.801000000000001e-09,0.08201640710667978,3.701000000000001e-09,0.0824501531248218,3.694284165299417e-09,0.08285468672164199,3.643232202490171e-09,0.08304334657531437,3.801000000000001e-09,0.02464228517832386,3.701000000000001e-09,0.02510076212651994,3.694284165299417e-09,0.02557367104299782,3.643232202490171e-09,0.02570196897436446
3.901000000000001e-09,0,3.801000000000001e-09,0,3.794284165299416e-09,0,3.743232202490171e-09,0,3.901000000000001e-09,0.6345240931213839,3.801000000000001e-09,0.6346379607988004,3.794284165299416e-09,0.6347219163468211,3.743232202490171e-09,0.6348322800022856,3.901000000000001e-09,0.08202687838442252,3.801000000000001e-09,0.08250616906527983,3.794284165299416e-09,0.0830456533518926,3.743232202490171e-09,0.08341013970580297,3.901000000000001e-09,0.02468092988575108,3.801000000000001e-09,0.02524375524904586,3.794284165299416e-09,0.02592991312252988,3.743232202490171e-09,0.02634499666370368
4.001000000000001e-09,0,3.901000000000001e-09,0,3.894284165299416e-09,0,3.843232202490171e-09,0,4.001000000000001e-09,0.6345078202838295,3.901000000000001e-09,0.6345957499489532,3.894284165299416e-09,0.6346651492825008,3.843232202490171e-09,0.6347508381070424,4.001000000000001e-09,0.08205368523543227,3.901000000000001e-09,0.08259420392761652,3.894284165299416e-09,0.08325756947355159,3.843232202490171e-09,0.08381406844176618,4.001000000000001e-09,0.02473708168430935,3.901000000000001e-09,0.02540760743325229,3.894284165299416e-09,0.02627682438269493,3.843232202490171e-09,0.02698649853151875
4.101000000000001e-09,0,4.001000000000001e-09,0,3.994284165299416e-09,0,3.943232202490171e-09,0,4.101000000000001e-09,0.6344963528184899,4.001000000000001e-09,0.6345674993186238,3.994284165299416e-09,0.6346285269214126,3.943232202490171e-09,0.6346991246924693,4.101000000000001e-09,0.08208149309095431,4.001000000000001e-09,0.08267716869182433,3.994284165299416e-09,0.08342098444369951,3.943232202490171e-09,0.08415998609732417,4.101000000000001e-09,0.02478431980987166,4.001000000000001e-09,0.02555162607671153,3.994284165299416e-09,0.02653936341969712,3.943232202490171e-09,0.02751507715430791
4.201000000000002e-09,0,4.101000000000001e-09,0,4.094284165299417e-09,0,4.043232202490171e-09,0,4.201000000000002e-09,0.6344889900405403,4.101000000000001e-09,0.6345484311160171,4.094284165299417e-09,0.6346040106265393,4.043232202490171e-09,0.6346668874036934,4.201000000000002e-09,0.08209150108631789,4.101000000000001e-09,0.08273085158586041,4.094284165299417e-09,0.08350350977621238,4.043232202490171e-09,0.08435670065506998,4.201000000000002e-09,0.02480601184440555,4.101000000000001e-09,0.02563963398321776,4.094284165299417e-09,0.02666616247945076,4.043232202490171e-09,0.02780230960794843
4.301000000000002e-09,0,4.201000000000002e-09,0,4.194284165299417e-09,0,4.143232202490171e-09,0,4.301000000000002e-09,0.6344833873909476,4.201000000000002e-09,0.6345355883686761,4.194284165299417e-09,0.6345877172837556,4.143232202490171e-09,0.6346455400885345,4.301000000000002e-09,0.08208949655347623,4.201000000000002e-09,0.08273463160327776,4.194284165299417e-09,0.08348125708159877,4.143232202490171e-09,0.08437106092181533,4.301000000000002e-09,0.02480578538324793,4.201000000000002e-09,0.02565552900355098,4.194284165299417e-09,0.02664743891369315,4.143232202490171e-09,0.0278333434610965
4.401000000000002e-09,0,4.301000000000002e-09,0,4.294284165299417e-09,0,4.243232202490171e-09,0,4.401000000000002e-09,0.6344798295502764,4.301000000000002e-09,0.6345260903919564,4.294284165299417e-09,0.634574713732424,4.243232202490171e-09,0.63462974441896,4.401000000000002e-09,0.08207968383234721,4.301000000000002e-09,0.08270541359202593,4.294284165299417e-09,0.08339487311663962,4.243232202490171e-09,0.08425293800996192,4.401000000000002e-09,0.02479745425034552,4.301000000000002e-09,0.02561995125200758,4.294284165299417e-09,0.02653148391630355,4.243232202490171e-09,0.02767074814199803
4.501000000000002e-09,0,4.401000000000002e-09,0,4.394284165299417e-09,0,4.343232202490171e-09,0,4.501000000000002e-09,0.6344766389829021,4.401000000000002e-09,0.6345190122829215,4.394284165299417e-09,0.6345646662348736,4.343232202490171e-09,0.6346159665022864,4.501000000000002e-09,0.08206739243338496,4.401000000000002e-09,0.08265759646077407,4.394284165299417e-09,0.08328051931882617,4.343232202490171e-09,0.08405696205796556,4.501000000000002e-09,0.02478083589822376,4.401000000000002e-09,0.02556142448909426,4.394284165299417e-09,0.026385635632621,4.343232202490171e-09,0.02741106881167251
4.601000000000002e-09,0,4.501000000000002e-09,0,4.494284165299417e-09,0,4.443232202490171e-09,0,4.601000000000002e-09,0.634474648892385,4.501000000000002e-09,0.6345130247057934,4.494284165299417e-09,0.6345551701498022,4.443232202490171e-09,0.6346034658016947,4.601000000000002e-09,0.0820452535204297,4.501000000000002e-09,0.0826068971291012,4.494284165299417e-09,0.08317485605737276,4.443232202490171e-09,0.08386614182023801,4.601000000000002e-09,0.02475329462624743,4.501000000000002e-09,0.02549442625005045,4.494284165299417e-09,0.02624417310355967,4.443232202490171e-09,0.02715578265035688
4.701000000000002e-09,0,4.601000000000002e-09,0,4.594284165299417e-09,0,4.543232202490171e-09,0,4.701000000000002e-09,0.6344724018699036,4.601000000000002e-09,0.6345082503782576,4.594284165299417e-09,0.6345477005072381,4.543232202490171e-09,0.6345916215654958,4.701000000000002e-09,0.08202896722882695,4.601000000000002e-09,0.08255364065459185,4.594284165299417e-09,0.08307854816828777,4.543232202490171e-09,0.08368869384349148,4.701000000000002e-09,0.02473182537069538,4.601000000000002e-09,0.02542694140143915,4.594284165299417e-09,0.02612282055139481,4.543232202490171e-09,0.02692405196399313
4.801000000000002e-09,0,4.701000000000002e-09,0,4.694284165299417e-09,0,4.643232202490171e-09,0,4.801000000000002e-09,0.6344711630418066,4.701000000000002e-09,0.6345039719184624,4.694284165299417e-09,0.6345405333235675,4.643232202490171e-09,0.6345813931210038,4.801000000000002e-09,0.08201527646156626,4.701000000000002e-09,0.08252005413863554,4.694284165299417e-09,0.08302838463475774,4.643232202490171e-09,0.08358577590804654,4.801000000000002e-09,0.02471569451238902,4.701000000000002e-09,0.02538480546333588,4.694284165299417e-09,0.02606070356229653,4.643232202490171e-09,0.02679675715369338
4.901000000000002e-09,0,4.801000000000002e-09,0,4.794284165299417e-09,0,4.743232202490171e-09,0,4.901000000000002e-09,0.634469554135159,4.801000000000002e-09,0.6345008258631097,4.794284165299417e-09,0.634535819019973,4.743232202490171e-09,0.6345728437708417,4.901000000000002e-09,0.08200972338323241,4.801000000000002e-09,0.08250005009349465,4.794284165299417e-09,0.08300798553179362,4.743232202490171e-09,0.08354220086131277,4.901000000000002e-09,0.02470876135550836,4.801000000000002e-09,0.02536221074655295,4.794284165299417e-09,0.02604196694709831,4.743232202490171e-09,0.02674901730512507
5e-09,0,4.901000000000002e-09,0,4.894284165299417e-09,0,4.843232202490171e-09,0,5e-09,0.6344689559611332,4.901000000000002e-09,0.6344981674794781,4.894284165299417e-09,0.6345315745327965,4.843232202490171e-09,0.6345669365784894,5e-09,0.08200412053968446,4.901000000000002e-09,0.08249761947423694,4.894284165299417e-09,0.0830211302339106,4.843232202490171e-09,0.08355937123054534,5e-09,0.02470270226142816,4.901000000000002e-09,0.02536174334258618,4.894284165299417e-09,0.02606425930824949,4.843232202490171e-09,0.02678333888017739
  ,  ,5e-09,0,4.947142082649708e-09,0,4.921616101245086e-09,0,  ,  ,5e-09,0.6344965912754252,4.947142082649708e-09,0.6345307471367827,4.921616101245086e-09,0.6345635925153741,  ,  ,5e-09,0.08249837573765319,4.947142082649708e-09,0.08302819012654074,4.921616101245086e-09,0.08358762198640278,  ,  ,5e-09,0.02536513339871458,4.947142082649708e-09,0.0260766194164539,4.921616101245086e-09,0.02682615295166113
  ,  ,  ,  ,5e-09,0,5e-09,0,  ,  ,  ,  ,5e-09,0.6345290651343801,5e-09,0.6345617862499091,  ,  ,  ,  ,5e-09,0.08304056679684754,5e-09,0.08362366066197054,  ,  ,  ,  ,5e-09,0.02609421225686294,5e-09,0.0268790031219946
